3599,212,0
26476,25750,0
20457,20159,1
3201,3121,1
25621,28124,0
29321,4441,0
1851,1541,1
23256,4827,0
25977,25690,1
30263,30271,1
17650,17829,1
21030,21328,1
31184,31022,1
26592,29347,0
9612,9904,1
16583,16991,1
26792,31545,0
25643,25730,1
26264,6351,0
7050,1447,0
23132,23403,1
20225,14478,0
3602,3636,1
11493,11394,1
9330,130,0
18026,18341,1
25663,22517,0
15645,15749,1
20892,28566,0
23788,23693,1
20006,20199,1
29637,29979,1
17847,17508,1
14571,14838,1
26205,18591,0
502,667,1
2959,4286,0
30244,30333,1
2443,2012,1
8681,26829,0
28530,5912,0
21621,23483,0
21026,12060,0
13842,23456,0
10526,24934,0
30994,30742,1
11075,11446,1
23110,23354,1
8053,8198,1
8810,8633,1
12758,12876,1
29494,29262,1
20462,19251,0
24196,24227,1
30464,3957,0
12917,12978,1
114,11671,0
11178,11492,1
15930,15826,1
139,3704,0
1584,1821,1
8999,8555,1
26517,30134,0
26869,26569,1
23599,6323,0
28349,28182,1
6066,6343,1
30337,30438,1
26169,26047,1
17151,15774,0
31858,31528,1
27289,27187,1
27401,27474,1
25123,28989,0
30496,30396,1
8935,31483,0
31664,7709,0
26494,24284,0
19624,7442,0
30874,28646,0
12272,12193,1
27489,514,0
26040,8462,0
27136,27428,1
25110,30935,0
4112,4490,1
20630,20844,1
22295,8193,0
28088,28129,1
1002,1202,1
13579,13836,1
10994,8950,0
3071,3195,1
6142,6153,1
25823,25768,1
5384,5227,1
25772,14795,0
26148,1146,0
9654,9821,1
23856,23529,1
4972,4924,1
1896,18507,0
8883,8770,1
17359,17479,1
20400,12232,0
22533,22726,1
2702,10742,0
28161,23302,0
31425,1350,0
3058,3443,1
1735,1768,1
22805,25891,0
26418,8082,0
25986,2427,0
30244,27109,0
12161,12061,1
4625,4878,1
16246,16498,1
7661,13334,0
10730,10738,1
8496,4147,0
7485,7495,1
29236,3231,0
30572,30723,1
13666,13004,0
21153,21228,1
16598,19272,0
19714,18997,0
6361,25912,0
23092,12866,0
30602,30666,1
18637,3390,0
9419,9344,1
9715,23475,0
25357,25157,1
20236,16540,0
15258,15231,1
27702,27868,1
20642,19158,0
31494,31302,1
12906,13766,0
29443,24145,0
30461,30668,0
5572,12594,0
30538,25701,0
15197,13141,0
6355,11337,0
31896,31600,1
22769,22807,1
25885,25864,1
21756,17572,0
23171,23499,1
18582,18678,1
20613,20532,1
30969,30742,1
19888,26542,0
19453,19069,1
7088,2376,0
15628,15745,1
9773,9977,1
15575,15835,1
17116,17396,1
4686,1024,0
27854,27590,1
21938,3580,0
23046,23404,1
22029,7378,0
31982,2355,0
5993,10564,0
22539,3781,0
31726,3485,0
6353,6345,1
26705,26932,1
25349,25264,1
31262,31330,1
11986,11609,1
9513,9967,1
24419,24034,1
22448,6491,0
4502,4926,1
26331,11918,0
27730,23637,0
23313,26651,0
24516,24921,1
28320,15383,0
22172,22085,1
24803,30227,0
2146,20141,0
19748,17509,0
31310,31370,1
24179,2308,0
3441,1429,0
30088,30492,1
17065,17401,1
5017,3153,0
5549,5895,1
31549,31970,1
17151,12506,0
26787,26906,1
23288,12087,0
16959,16535,1
12789,30531,0
2011,25958,0
31674,31633,1
15922,15822,1
18681,13709,0
30530,943,0
15688,15839,1
2165,10812,0
14430,14358,1
10969,25880,0
17111,13518,0
3622,24871,0
8999,14682,0
21464,6691,0
19918,30956,0
6582,16153,0
21162,21359,1
8663,8971,1
16448,16275,1
8148,8053,1
3698,3802,1
29254,29041,1
9943,9703,1
21913,21888,1
9888,9950,1
31978,10142,0
31211,31012,1
16725,16579,1
7308,847,0
13770,17645,0
12676,12720,1
29801,29921,1
16296,31221,0
22320,10791,0
11117,19918,0
20858,5799,0
2856,13350,0
30262,30206,1
5576,5657,1
17147,17383,1
27015,28849,0
16929,7935,0
28709,8816,0
14835,27218,0
11860,11568,1
13948,18109,0
12206,30496,0
19243,19417,1
9123,31690,0
16864,14446,0
26045,3936,0
3273,15038,0
6424,6463,1
27464,27452,1
12577,12692,1
10240,10104,1
14424,25655,0
21647,21772,1
6011,14678,0
5797,16627,0
19472,29664,0
8501,8705,1
8183,5811,0
24027,24156,1
461,4,1
23092,28718,0
20428,16275,0
8228,8091,1
28719,26744,0
26007,26080,1
5349,5090,1
6890,6830,1
24490,24312,1
11964,11949,1
1437,30896,0
17551,17848,1
19390,29473,0
2479,2238,1
15141,15428,1
14878,14663,1
9850,9932,1
15048,25224,0
9166,9013,1
27904,21350,0
31409,31192,1
24869,21024,0
28936,28934,1
9537,11497,0
16418,16287,1
30200,30157,1
28252,24028,0
11362,17783,0
24435,24450,1
22473,22185,1
2226,2284,1
23809,15454,0
14134,14040,1
24776,24508,1
25053,25175,1
5018,16234,0
21024,15921,0
13824,4091,0
3680,3992,1
16951,16539,1
16604,29717,0
23326,23109,1
16060,8563,0
11080,11002,1
18197,22027,0
7266,7069,1
8114,9655,0
23878,11473,0
23064,27626,0
16876,16671,1
2840,15325,0
19651,10906,0
20637,4664,0
20709,20828,1
6412,4331,0
25074,2403,0
11472,11215,1
14332,15007,0
18364,18130,1
27875,27861,1
26015,26228,1
20348,20268,1
26880,26542,1
29449,12761,0
30612,30724,1
31077,15148,0
13257,13042,1
13721,9299,0
2220,2450,1
30314,22396,0
22127,22303,1
12487,19201,0
25347,1221,0
6323,23912,0
3420,25088,0
20648,24868,0
26164,26138,1
31312,28338,0
25154,5741,0
13969,25984,0
28767,25237,0
22165,4857,0
3124,3485,1
11460,11316,1
8130,7642,0
31277,19193,0
10486,10365,1
20730,20568,1
26467,26273,1
27072,27350,1
20305,4231,0
28655,26907,0
25805,25664,1
12928,1434,0
28417,28083,1
11258,26122,0
29512,11005,0
30960,30588,1
18845,18648,1
4135,11125,0
8105,8370,1
20398,17323,0
7334,4504,0
13920,18143,0
18952,18820,1
22504,8611,0
4185,397,0
28102,28365,1
21948,21639,1
25172,25216,1
18043,31657,0
28242,28470,1
27738,2501,0
9152,9083,1
25672,14861,0
27361,14831,0
23722,30539,0
5576,5302,0
19630,15785,0
12403,14486,0
30425,30118,1
10636,10888,1
17056,17375,1
25082,26275,0
12078,21734,0
25377,2099,0
20630,24161,0
4727,7813,0
24760,24642,1
31939,6292,0
25245,25336,1
23778,30241,0
4110,20177,0
30300,30282,1
6053,6288,1
31036,24867,0
28791,28889,1
1642,27510,0
16649,29796,0
4605,27621,0
2487,11245,0
15876,8599,0
17154,3642,0
29029,29169,1
6653,6621,1
21331,21361,1
6989,3580,0
18489,18365,1
11885,24664,0
5713,13678,0
16768,10788,0
31413,31193,1
24019,25558,0
15628,22460,0
13127,14493,0
12268,12409,1
24695,24805,1
24472,24397,1
2522,2947,1
14067,24162,0
14377,14309,1
25571,13209,0
5916,5910,1
10904,16269,0
6291,18946,0
15149,15020,1
23951,8516,0
26571,26927,1
1827,30428,0
4612,29012,0
21431,24733,0
15174,15302,1
20294,20219,1
10516,10775,1
14424,23831,0
14257,6584,0
23468,25381,0
31171,23258,0
26634,26745,1
13157,13156,1
7336,7158,1
29210,29363,1
25672,16000,0
7634,7896,1
25671,25908,1
4674,4835,1
3596,3921,1
5801,30087,0
26682,26764,1
18249,23607,0
10396,28017,0
3192,448,0
10243,2675,0
2763,2663,1
28059,28348,1
4954,27628,0
16128,27593,0
1732,1764,1
21582,13371,0
27124,18720,0
13736,13627,1
11778,25136,0
13968,4924,0
24311,19739,0
26671,26814,1
26519,26894,1
7473,29701,0
23591,23506,1
18694,29390,0
16952,3901,0
25562,25619,1
4772,8370,0
12214,12114,1
8898,22730,0
28378,28449,1
17639,17952,1
26606,26954,1
27751,27869,1
27599,5695,0
28455,277,0
15869,15820,1
12614,4464,0
2306,2207,1
28438,8644,0
7569,11355,0
28332,28391,1
11456,11225,1
31101,31043,1
27063,27217,1
17854,22886,0
31043,6778,0
26390,17410,0
13499,7134,0
25261,14057,0
14597,3552,0
7186,7443,1
4483,12018,0
11685,23061,0
11774,12784,0
27999,20274,0
6336,6335,1
27378,8045,0
25577,8030,0
232,385,1
17727,17839,1
17213,17390,1
24440,24395,1
31427,31368,1
7654,7572,1
23970,23619,1
21873,13889,0
28858,28632,1
13696,28201,0
3627,3812,1
7703,7717,1
22939,1238,0
27272,27336,1
2029,13659,0
28002,12778,0
8066,8367,1
3328,3127,1
10288,10088,1
17574,24033,0
8807,8704,1
21643,12468,0
5706,5763,1
2749,2632,1
674,624,1
15457,5311,0
20599,20865,1
5783,5597,1
24912,24883,1
3696,3668,1
17734,1182,0
15313,15060,1
30568,30588,1
3915,3513,1
15764,15831,1
31847,20236,0
9970,9710,1
13695,13806,1
23183,5117,0
5173,5268,1
5072,5414,1
8464,20435,0
5030,5142,1
8000,8464,1
15858,15920,1
17641,31601,0
29579,16711,0
934,5456,0
31758,5366,0
3515,30507,0
14441,11092,0
27542,25369,0
25373,25070,1
16609,16995,1
9870,9803,1
9057,11928,0
29528,29893,1
17974,6450,0
3270,14280,0
18336,18242,1
1644,23092,0
10686,17059,0
21070,21300,1
19182,13556,0
16210,16314,1
4141,4367,1
6685,6989,1
4155,16935,0
14915,26660,0
23393,25753,0
22494,4524,0
31508,31818,1
14326,14119,1
22597,11260,0
1130,3945,0
17425,17084,1
2049,5173,0
31450,1908,0
24452,24425,1
10254,10190,1
30298,30000,1
6070,6330,1
24554,13028,0
706,27818,0
19887,13803,0
27694,10318,0
8359,8471,1
27433,27100,1
25435,21912,0
5230,27824,0
8280,8008,1
10898,26758,0
1388,1383,1
11213,11451,1
14832,265,0
30976,22724,0
13319,13404,1
30479,30292,1
15579,24074,0
11849,11551,1
8741,24636,0
11743,20490,0
27766,27645,1
27680,12985,0
8206,15501,0
30602,16570,0
28223,16316,0
9971,8430,0
21863,21842,1
15849,18346,0
19778,19758,1
1110,1074,1
17694,29038,0
7365,7127,1
25568,10302,0
11207,31370,0
29848,25639,0
16054,7726,0
9896,21970,0
29897,29965,1
14456,14395,1
18771,18827,1
1750,1663,1
26930,26996,1
25842,17197,0
6409,6488,1
294,338,1
7174,12614,0
9605,205,0
14165,14138,1
7354,23890,0
16678,22989,0
17080,17337,1
23917,30926,0
1256,16862,0
14549,14788,1
29209,29238,1
26943,26896,1
17980,25748,0
8915,8548,1
14973,14635,1
27045,18528,0
21190,8095,0
5746,22403,0
30049,30423,1
22677,22904,1
18577,18544,1
26429,26320,1
14103,19697,0
10443,31398,0
17933,17672,1
16306,16014,1
31370,31127,1
21564,21959,1
3890,3535,1
7230,21882,0
25088,15972,0
12301,12412,1
21583,10748,0
5292,5195,1
29073,29135,1
2614,29172,0
18162,23139,0
22272,22143,1
19644,19806,1
20001,23179,0
23923,23571,1
23699,11712,0
18223,26359,0
18729,18942,1
21332,21054,1
7466,13972,0
10192,10174,1
26048,31656,0
3926,10458,0
5953,5816,1
9415,6419,0
9896,21675,0
9485,28217,0
23081,23105,1
10828,10749,1
13155,13348,1
19922,6725,0
25247,25367,1
15991,30662,0
22962,22833,1
9008,9461,1
15262,11529,0
10775,21586,0
18604,18885,1
15271,15003,1
5770,25484,0
31993,13508,0
4101,4237,1
189,17535,0
22659,22798,1
15369,9027,0
20441,20367,1
8530,8719,1
17297,15403,0
23663,23856,1
6392,6087,1
1131,1110,1
4174,4033,1
19897,19745,1
19961,19507,1
6707,6691,1
14254,14345,1
8269,8429,1
7244,7486,1
14618,14775,1
30427,30368,1
23565,23543,1
10204,6099,0
26652,17647,0
5275,5434,1
30423,30425,1
18757,18533,1
7241,7068,1
214,383,1
19941,20088,0
12435,141,0
25080,25382,1
16099,16058,1
2508,11928,0
16799,16620,1
5155,5447,1
28078,28403,1
18331,24809,0
23295,23455,1
233,12880,0
23476,13959,0
17055,17224,1
22233,22193,1
436,11072,0
5802,30646,0
12865,12810,1
28590,28030,0
6198,6126,1
28224,28268,1
28398,28413,1
1739,16972,0
30780,30916,1
23779,10317,0
4111,29850,0
31797,31868,1
25030,25446,1
27307,27088,1
20049,20113,1
30380,30051,1
3466,22712,0
23860,6236,0
30304,256,0
3965,3841,1
26931,26572,1
28243,17223,0
3487,3179,1
11022,10589,0
17829,15233,0
25820,25550,1
30202,30604,0
4908,4869,1
14805,14618,1
8371,12543,0
3706,7199,0
11361,31553,0
1981,7600,0
24452,19849,0
19991,19898,1
15795,5458,0
30347,3592,0
22472,22144,1
7901,22106,0
12852,3491,0
28575,28935,1
8383,8085,1
26247,26041,1
19336,20403,0
22350,6044,0
27858,9598,0
7379,7459,1
11270,18227,0
17531,17785,1
25915,25519,1
10338,10340,1
26538,26859,1
15595,15980,1
25578,25401,0
22560,21943,0
3033,17803,0
18773,9156,0
16028,16167,1
28964,10267,0
22851,22816,1
27539,16565,0
3259,3188,1
16462,16345,1
16391,27530,0
10774,30809,0
2679,2821,1
20261,20450,1
24859,24870,1
1771,1911,1
30500,30684,1
24314,1630,0
26975,15692,0
26325,26332,1
3964,3893,1
17548,17982,1
22757,22819,1
3870,3821,1
4074,10944,0
4411,4148,1
30914,30718,1
14400,14258,1
24125,28267,0
8714,8786,1
7241,17502,0
21807,3587,0
9149,9164,1
18794,1508,0
3070,3035,1
13931,13677,1
18259,18256,1
27874,27892,1
27950,27369,0
10681,10744,1
28040,28111,1
28190,9757,0
31984,3343,0
5747,5870,1
23736,23856,1
30974,30829,1
13853,13736,1
26303,19208,0
24776,14074,0
8638,8985,1
29141,31637,0
13094,13211,1
27,13254,0
18619,22907,0
11696,11820,1
14070,27765,0
9073,9084,1
4454,20986,0
17391,17339,1
21251,13202,0
9573,21370,0
21481,21085,1
7363,14329,0
10267,10200,1
14350,14323,1
12488,12089,1
6540,12345,0
14801,14876,1
17507,14988,0
17804,17518,1
11160,11324,1
26505,3625,0
14089,14038,1
3084,9889,0
27138,27119,1
6573,291,0
29873,29897,1
5040,18763,0
24152,6708,0
18033,18409,1
30174,30118,1
295,267,1
18534,14791,0
12850,934,0
19306,19373,1
24465,1139,0
13180,13123,1
4378,12178,0
26756,26512,1
5630,5978,1
3628,12354,0
1359,27814,0
31580,31943,1
24072,11757,0
14965,14939,1
95,23692,0
3448,22977,0
12570,29539,0
12582,23476,0
13090,11874,0
27659,7532,0
28289,25601,0
3152,3293,1
18393,30597,0
1306,1101,1
16526,26630,0
4686,4515,1
5973,5722,1
27327,19349,0
7776,7909,1
1810,17246,0
13786,958,0
22863,22953,1
21011,21114,1
10816,11477,0
17359,14411,0
9210,9467,1
6649,20576,0
26179,26203,1
24778,6551,0
9032,2828,0
11763,11886,1
28837,25330,0
28789,23353,0
26267,28225,0
12424,26827,0
26776,26940,1
12348,12342,1
26974,6185,0
21840,22467,0
21799,22107,0
31060,31078,1
25926,25660,1
1053,15122,0
13974,31280,0
11185,11086,1
7314,7169,1
24288,24043,1
27403,31706,0
9948,26198,0
25911,3132,0
9461,9128,1
6736,23140,0
9302,14579,0
31251,5226,0
24397,24354,1
17863,17644,1
5048,5287,1
9305,9435,1
3109,21848,0
21521,21867,1
18428,84,0
30333,30347,1
23250,23387,1
9578,12033,0
7765,19461,0
6609,1338,0
26751,26743,1
13925,28366,0
8406,8097,1
22106,10923,0
2184,5727,0
31083,23391,0
2458,29872,0
21571,21903,1
30544,859,0
24472,24001,1
24922,13205,0
12641,12552,1
11150,19430,0
7585,7643,1
16670,16553,1
5574,28400,0
30450,3831,0
16987,17909,0
25628,25819,1
25051,25366,1
26068,16414,0
29552,9525,0
19160,19124,1
10587,2628,0
8541,404,0
11279,11339,1
26888,18801,0
12324,12006,1
28137,25,0
22499,22204,1
31674,31524,1
31623,31181,0
29757,29882,1
13355,13249,1
15284,27277,0
3743,3957,1
31604,8563,0
27913,27619,1
19716,19639,1
4925,4813,1
30007,30064,1
17591,17992,1
29949,29888,1
13897,13526,1
21152,21069,1
16838,16952,1
25334,28817,0
31574,20879,0
17117,13896,0
24954,24834,1
31888,31992,1
13243,27246,0
17560,25353,0
11142,11080,1
7941,10717,0
29495,29480,1
5561,15190,0
14476,851,0
10365,10031,1
27805,27853,1
18907,8739,0
24199,24003,1
21061,21238,1
24615,24838,1
28988,28516,1
8534,25003,0
29856,2804,0
1342,1033,1
30671,30846,1
12734,12558,1
29973,29776,1
17000,22633,0
20063,20238,1
6409,10326,0
31943,31967,1
27581,15958,0
3617,31259,0
18108,18321,1
23933,29960,0
6889,6538,1
16869,16874,1
3823,14184,0
26544,24410,0
26060,26256,1
5079,5064,1
23309,23317,1
7782,7566,1
5835,16455,0
31344,16420,0
24018,9241,0
7399,7989,0
1009,1280,1
9762,9817,1
17606,2224,0
30984,30730,1
14783,14876,1
10736,27783,0
9779,9997,1
30591,30689,1
23054,7424,0
26622,2335,0
28784,28848,1
3325,3425,1
21348,21186,1
29044,26815,0
13094,20256,0
21812,31001,0
6040,18642,0
30687,15422,0
5651,5671,1
10902,10604,1
804,680,1
15090,15441,1
11729,11826,1
9229,9264,1
30547,30641,1
17930,17770,1
5022,5008,1
795,959,1
17615,17810,1
14120,26915,0
25657,15496,0
19711,19715,1
19511,19795,1
2314,2317,1
17209,17353,1
15313,27683,0
4730,24964,0
5888,5672,1
1319,1197,1
24545,24874,1
5775,5634,1
4301,4178,1
8954,8797,1
17048,17352,1
1975,16319,0
7838,7617,1
5754,8379,0
31890,31684,1
12457,12267,1
21573,6194,0
20631,18243,0
1366,1153,1
26385,26448,1
27268,2839,0
20428,20332,1
30896,30800,1
19751,19932,1
6953,28942,0
9173,14795,0
24177,8136,0
11245,11229,1
18896,11925,0
12589,5503,0
5293,22322,0
11978,22596,0
22062,22251,1
2610,2927,1
9121,9459,1
975,598,1
21315,21337,1
13859,13883,1
24361,17495,0
10782,10960,1
5435,5391,1
22557,23530,0
10672,23508,0
5387,5165,1
22782,10675,0
17177,6886,0
9035,15443,0
5295,5309,1
29733,17836,0
17577,17898,1
25510,22507,0
7732,7688,1
31080,31018,1
15737,15842,1
24687,17739,0
31936,14781,0
31647,31839,1
637,10148,0
25126,2018,0
25794,12270,0
9710,9563,1
12606,12980,1
4444,4156,1
10211,10033,1
2734,4983,0
14009,2179,0
16982,16467,0
22987,22504,1
123,13683,0
17111,26930,0
10403,10130,1
13956,30957,0
6205,6351,1
19144,19421,1
2739,6239,0
2426,2238,1
15788,9278,0
17439,17408,1
17418,19951,0
19864,19740,1
17554,17724,1
17580,9463,0
20617,20898,1
15634,15942,1
9010,28999,0
1549,20093,0
29207,29018,1
27640,27714,1
658,15067,0
10123,10306,1
10063,21434,0
14269,16667,0
23422,22061,0
25949,4393,0
14690,14969,1
20447,125,0
6562,22080,0
14222,13805,0
16559,16695,1
20731,20527,1
10052,10111,1
30714,30911,1
17184,31336,0
20505,20826,1
15808,15770,1
17092,30374,0
500,865,1
24643,12629,0
9702,27186,0
5995,5851,1
14084,14018,1
4850,4931,1
23207,12465,0
14801,20152,0
20997,5943,0
7200,7244,1
10239,9242,0
22578,17756,0
11133,19646,0
26246,26625,0
26511,26955,1
250,428,1
8695,8896,1
17020,17036,1
27923,15022,0
2981,421,0
17029,16418,0
16243,16429,1
4197,8062,0
2305,2161,1
30625,30877,1
6664,19095,0
24488,24328,1
7246,7345,1
28652,5090,0
1832,1975,1
9596,9895,1
10483,10286,1
26975,12349,0
9468,9166,1
5177,5473,1
11017,28120,0
12164,12263,1
29894,29610,1
7046,7354,1
29970,24372,0
1110,1222,1
7897,7915,1
15067,17313,0
7937,24458,0
13430,13119,1
633,27047,0
27018,30582,0
24273,20901,0
1619,18020,0
944,30182,0
14452,14109,1
27149,9527,0
9349,9193,1
18605,18781,1
29461,25976,0
24527,24529,1
29202,10138,0
28530,28821,1
17736,17627,1
28546,31887,0
20276,20193,1
524,15299,0
28426,28278,1
5677,5511,1
9027,9343,1
12938,12563,1
16777,16687,1
21432,21155,1
7341,7394,1
15154,31094,0
30289,30477,1
7104,7448,1
2766,2905,1
7951,23085,0
28988,27960,0
7655,7656,1
2234,2223,1
28293,28316,1
2552,2778,1
4171,29849,0
5332,17891,0
13390,13095,1
17840,7078,0
11054,11470,1
11203,11316,1
6991,27095,0
5754,5614,1
26189,25144,0
27763,15589,0
31994,15875,0
31646,31717,1
18113,12959,0
31655,31722,1
28708,31061,0
21823,4856,0
20930,6628,0
4981,4603,1
2355,2335,1
850,10768,0
13031,13423,1
11725,11844,1
18391,18474,1
17694,17803,1
26022,26045,1
28491,8457,0
721,25288,0
16922,16592,1
15401,5775,0
27027,27422,1
22779,22673,1
16152,13234,0
4997,4753,1
19000,19908,0
222,14147,0
27341,27200,1
6436,24597,0
19186,19496,1
10461,10366,1
8941,78,0
29009,29113,1
4062,4287,1
26834,26511,1
11393,11120,1
13414,13850,0
26805,26762,1
29653,21825,0
9930,24254,0
8127,8420,1
6819,25510,0
9193,9273,1
16723,16676,1
28162,28137,1
5821,5923,1
14024,27256,0
14966,14632,1
6928,6665,1
17941,17754,1
30837,30749,1
30358,30405,1
29676,29512,1
18777,18856,1
16192,11459,0
14670,21151,0
16628,13901,0
30853,23487,0
23745,23624,1
17460,28020,0
8536,0,0
18024,24344,0
10436,14184,0
13672,13782,1
9056,17915,0
14010,14269,1
27666,27982,1
24053,26734,0
17676,17997,1
23659,23561,1
31653,31664,1
29053,5268,0
20279,20381,1
23030,23268,1
6469,27036,0
27840,27636,1
1326,1053,1
7504,7573,1
9124,9340,1
17896,12292,0
26220,21337,0
31912,10039,0
25804,25668,1
29007,14877,0
12604,31096,0
4128,4055,1
9619,25187,0
30207,13467,0
23002,23331,1
27253,7776,0
14630,20793,0
31320,31122,1
17131,17473,1
10789,10827,1
11058,11440,1
885,21823,0
14778,14977,1
29441,29085,1
14525,14993,1
4877,4921,1
12474,12073,1
23693,6261,0
23133,23301,1
10381,28228,0
20570,20796,1
28082,28071,1
28371,28410,1
2060,1981,0
25860,1780,0
18595,3091,0
21182,21298,1
23428,23162,1
20197,31745,0
6809,7245,0
17775,17959,1
4616,14566,0
7125,7054,1
24262,31372,0
8999,8580,1
27540,27801,1
16374,16195,1
844,29631,0
15864,15822,1
17279,17222,1
10296,15253,0
19513,19959,1
12194,12068,1
960,911,1
30942,30997,1
30372,19197,0
11253,11217,1
9925,9999,1
10286,20153,0
3659,3816,1
26179,14894,0
13298,13173,1
7626,7838,1
30704,30519,1
12402,12229,1
25387,344,0
2717,14690,0
204,313,1
21509,29467,0
11705,11681,1
19083,21765,0
12749,9742,0
4247,4014,1
13083,13367,1
3304,3024,1
6184,31586,0
3167,14825,0
29534,17949,0
3123,28450,0
23414,31126,0
29747,29960,1
19379,19493,1
30615,30547,1
3018,3009,1
15356,25674,0
24805,14279,0
29423,29344,1
23112,4682,0
11587,11984,1
12089,12312,1
23727,23890,1
612,8883,0
12592,26247,0
31617,3308,0
21936,21862,1
9707,9718,1
7457,7294,1
8232,8375,1
30899,30984,1
24292,24183,1
30840,26819,0
27172,27189,1
17484,17292,1
13707,13645,1
9530,9951,1
12178,10911,0
18285,30370,0
3609,21154,0
8997,10084,0
9057,28812,0
8712,29857,0
17692,17795,1
16901,16753,1
11205,11020,1
23417,23051,1
26107,26123,1
16414,1399,0
15898,3196,0
10019,28109,0
30034,30046,1
4967,4703,1
14763,22782,0
9731,9772,1
17899,9073,0
2954,2675,1
20663,7547,0
26673,26551,1
13855,17272,0
24544,24785,1
19015,2764,0
22236,22109,1
24135,16032,0
1086,1022,1
19343,23700,0
13858,14126,0
30741,3063,0
10358,10126,1
8742,8822,1
27010,10060,0
25173,25316,1
25540,3262,0
20191,20787,0
31816,31764,1
31097,31290,1
17975,12344,0
14669,14756,1
11505,26998,0
30520,30978,1
19726,7032,0
4559,4919,1
22426,22433,1
26033,26168,1
30757,25101,0
10883,10760,1
25651,6633,0
26377,26069,1
21905,30446,0
16984,16772,1
13116,19392,0
12490,12126,1
15909,15544,1
12514,21606,0
18843,3808,0
20221,932,0
1200,1241,1
5237,5005,1
21747,21847,1
31534,31684,1
11931,11802,1
8626,8641,1
18186,16026,0
24241,15410,0
30971,7840,0
6890,6973,1
13592,19280,0
19182,19105,1
1259,23698,0
13027,25236,0
22148,15330,0
3907,3720,1
25795,25783,1
6565,6511,1
14988,23471,0
7892,19872,0
7696,29697,0
27299,24806,0
24912,15899,0
8163,14071,0
23765,23809,1
3925,3899,1
27943,27718,1
220,24,1
25193,25396,1
30644,13286,0
19238,10405,0
20859,20888,1
12918,29773,0
21675,29374,0
4027,4449,1
1820,27153,0
24831,24756,1
8181,8006,1
22293,29147,0
361,27582,0
6898,6620,1
13021,31915,0
2080,2117,1
1111,1385,1
27652,15277,0
22321,6955,0
30231,31163,0
5752,5694,1
14833,14612,1
21929,21513,1
19812,19992,1
13989,5850,0
6520,16176,0
5761,5918,1
16581,16543,1
19806,27909,0
17450,17431,1
10986,10747,1
19517,28568,0
19399,12032,0
28511,28892,1
11833,26496,0
18648,18841,1
19497,19413,1
13048,4512,0
4329,23480,0
2949,10107,0
14489,14342,1
30969,30811,1
24066,7691,0
9792,9910,1
4701,31572,0
2957,2656,1
8608,8571,1
13878,18292,0
29784,13905,0
20873,20625,1
29103,28701,0
5992,29332,0
9780,9703,1
947,23072,0
3578,3973,1
6786,6537,1
23957,20226,0
26774,26511,1
29000,29397,1
14948,14649,1
130,150,1
16337,3879,0
5499,555,0
27117,27480,1
21297,26621,0
2537,2960,1
3343,519,0
4574,16487,0
4301,10009,0
5730,5726,1
10563,10615,1
15788,7877,0
16383,16459,1
12528,14639,0
8169,8520,0
8816,10992,0
26278,26366,1
16543,16566,1
6042,6352,1
1677,1827,1
12986,12544,1
20356,22543,0
8352,15577,0
18315,18298,1
1565,7730,0
29516,6631,0
7473,7040,1
10990,10568,1
2518,2512,1
16991,5080,0
14995,14793,1
29992,29883,1
19964,19991,1
17127,17119,1
29279,29026,1
9849,9737,1
30020,24392,0
27941,2060,0
26394,26411,1
17606,20364,0
22987,22760,1
3532,8645,0
22978,22837,1
21554,21844,1
6007,15790,0
29867,8472,0
30494,4712,0
7016,11337,0
6330,2929,0
26704,26992,1
7878,7964,1
8490,6801,0
9753,9508,1
16275,16072,1
3255,29149,0
26173,26071,1
18906,3014,0
16774,16524,1
5106,6916,0
5686,14693,0
30103,17955,0
15272,15008,1
23259,844,0
23028,30068,0
8910,8719,1
27878,27760,1
8015,31204,0
20963,20569,1
14814,14586,1
6126,6557,0
23648,10252,0
12353,27678,0
5336,5307,1
8520,26439,0
9892,22425,0
11243,11160,1
25364,28897,0
20556,20735,1
23535,23781,1
26882,26554,1
6623,6960,1
29451,29023,1
31978,31651,1
20565,20593,1
9802,9662,1
761,3281,0
11555,17580,0
9344,4760,0
31129,31186,1
27189,27358,1
2037,13961,0
25535,25806,1
8622,2531,0
7581,14778,0
3489,3241,1
21321,21430,1
23757,23526,1
9356,9352,1
7392,29537,0
19013,16463,0
16923,5639,0
1511,26660,0
30026,5930,0
17738,8455,0
28098,28358,1
16842,16832,1
17396,17278,1
8697,22497,0
25603,6409,0
11427,11092,1
30907,9296,0
21722,21954,1
24380,15211,0
10030,21929,0
1115,21495,0
5068,5384,1
8422,26225,0
31163,8399,0
13594,13727,1
31822,20466,0
25695,31855,0
2775,25201,0
13555,7499,0
12413,2935,0
23814,23849,1
19773,21560,0
28896,2257,0
16812,22829,0
30158,20122,0
20505,20792,1
1268,1032,1
22823,17529,0
9128,6866,0
11116,14059,0
61,24111,0
18921,18728,1
29731,3104,0
4185,20643,0
4011,4101,1
8686,13086,0
15907,15775,1
5224,5334,1
12999,28479,0
1364,12749,0
10856,10763,1
16231,16076,1
23792,18211,0
4838,18349,0
18374,18479,1
21203,5526,0
8344,14730,0
9416,9344,1
27434,1147,0
28375,30287,0
24462,25016,0
18329,18255,1
31340,30850,0
13965,13752,1
22531,22933,1
20842,26555,0
13115,13489,1
4601,4547,1
9220,20723,0
5848,29281,0
6050,12896,0
31993,20033,0
12886,12535,1
7949,7845,1
12029,12400,1
21792,21865,1
23247,2226,0
18339,13088,0
28444,28429,1
4459,4186,1
22156,22240,1
19331,22616,0
30405,24163,0
10076,15987,0
4002,4266,1
25655,14865,0
25945,31867,0
27603,27799,1
771,906,1
12539,12846,1
3639,3939,1
22040,22137,1
9133,3800,0
24254,24034,1
9806,1031,0
14885,30367,0
580,627,1
28849,10510,0
12759,8247,0
16910,31634,0
20717,20575,1
2892,18971,0
20267,20419,1
3476,24237,0
20407,12951,0
21173,30538,0
24981,24586,1
27217,7051,0
9508,9865,1
14883,12194,0
5145,27379,0
14656,14825,1
29705,3526,0
27955,27510,1
2979,4731,0
20132,20269,1
22411,3446,0
25722,29121,0
563,657,1
4653,4687,1
31514,6398,0
24496,24491,1
26725,26616,1
19463,19142,1
15379,15270,1
2355,2472,1
5453,5320,1
14887,14813,1
5518,5897,1
27263,16127,0
23925,23646,1
14158,14166,1
19162,19468,1
11540,25606,0
26379,26248,1
24883,18190,0
31559,26708,0
1271,9820,0
10663,14967,0
11959,28769,0
29408,29350,1
30271,30183,1
26258,26081,1
20401,20406,1
16000,16240,1
21064,21110,1
10424,10304,1
19466,30930,0
5019,5171,1
2715,2900,1
23671,23839,1
26628,29700,0
2780,21898,0
11266,11388,1
12652,13623,0
14057,31055,0
26,455,1
7716,13491,0
16422,16458,1
2620,18533,0
3245,26661,0
13003,13100,1
4929,4937,1
18572,12466,0
23710,15170,0
2821,24409,0
11120,11346,1
7808,17536,0
990,818,1
7995,7843,1
27040,27220,1
30612,25331,0
16041,8269,0
8675,8763,1
24614,31416,0
30233,30112,1
17566,17889,1
1682,28578,0
28540,28870,1
1621,11072,0
12659,6982,0
25269,28525,0
7012,7379,1
21746,21592,1
19579,27480,0
891,558,1
19640,18589,0
10445,29231,0
16532,16850,1
9674,29421,0
12108,4682,0
23077,23110,1
31266,19576,0
12534,22133,0
19782,19718,1
774,955,1
18192,16728,0
25678,15310,0
6100,25575,0
25740,25767,1
26411,26354,1
27415,23827,0
28773,5178,0
18572,25700,0
26031,26088,1
6398,6202,1
4628,4910,1
18574,8506,0
14373,14352,1
16504,16894,1
16210,16346,1
23971,23987,1
24218,24491,1
24762,24517,1
1545,1870,1
2601,27944,0
5642,5749,1
2414,2045,1
31745,30931,0
25976,25755,1
8163,8264,1
2953,30586,0
27121,29379,0
3139,3077,1
4006,4429,1
22017,17683,0
24548,15255,0
19877,20972,0
4591,691,0
13337,13296,1
30703,30684,1
17622,31492,0
20847,20727,1
5789,26307,0
9523,9714,1
16944,6272,0
24619,19781,0
27978,27807,1
17246,27869,0
20544,23572,0
27034,27367,1
23681,5757,0
23532,23519,1
9944,25059,0
28152,28440,1
10905,1098,0
1785,7031,0
27371,19507,0
12666,12706,1
10260,6181,0
257,77,1
13743,13975,1
5558,5633,1
24064,22912,0
23744,5544,0
22807,22653,1
16860,16728,1
2312,6963,0
28705,28602,1
9639,9644,1
16326,16071,1
18888,27772,0
25200,25036,1
16320,29630,0
18682,3180,0
18960,18715,1
10996,25630,0
5887,5858,1
8242,8177,1
22183,21504,0
18971,18692,1
2699,18013,0
14226,8776,0
28932,28878,1
7241,25735,0
7905,696,0
29696,23273,0
23253,29337,0
620,983,1
19531,25230,0
30844,30578,1
25068,25494,1
29485,29476,1
20730,20780,1
30986,21864,0
4121,4131,1
2970,22343,0
24335,24205,1
1218,1368,1
17382,31545,0
20565,20849,1
29926,22581,0
29121,29266,1
26017,26484,1
18519,18511,1
22620,6312,0
15349,15251,1
31441,31110,1
27169,8412,0
24822,2127,0
18502,9969,0
15920,15826,1
19925,19825,1
27430,27460,1
929,14393,0
9681,9954,1
14028,30323,0
18238,7658,0
23460,23473,1
28908,12192,0
5824,5540,1
24195,23355,0
655,30032,0
23038,21443,0
14372,14067,1
24007,24156,1
14847,14871,1
23189,29814,0
14689,31819,0
22550,22643,1
30446,30434,1
14031,18931,0
26857,22783,0
21739,6374,0
13944,13511,1
11251,20069,0
27797,10425,0
19446,22455,0
10998,10509,1
24414,20662,0
23106,20416,0
28259,3842,0
14698,14731,1
19194,26207,0
5291,28741,0
2612,2889,1
28766,28627,1
31435,25976,0
2561,2816,1
28538,2666,0
20865,30892,0
20219,20319,1
4259,10448,0
9540,12796,0
18044,15731,0
5870,19365,0
11806,26420,0
13785,13625,1
19358,23447,0
31789,23434,0
26744,26880,1
18851,18676,1
10716,10983,1
13913,26609,0
5909,5759,1
1392,31163,0
26724,30261,0
21029,23659,0
13128,57,0
25357,1435,0
22157,22231,1
29724,29699,1
1731,10861,0
30562,30790,1
4625,4614,1
3846,12823,0
6769,2753,0
27675,26679,0
8523,1947,0
22443,13060,0
10310,10251,1
24124,24418,1
13007,30122,0
19047,16473,0
11443,30620,0
30467,30004,1
24229,24445,1
9938,16899,0
7717,7586,1
14927,14985,1
5011,5344,1
8841,24229,0
2132,24980,0
28117,28366,1
21085,21379,1
27333,26138,0
15323,15350,1
22488,22395,1
25435,25394,1
27873,29860,0
24404,11105,0
2684,24992,0
413,6128,0
10282,17148,0
29109,15089,0
23970,23711,1
21474,2771,0
30996,30521,1
14047,14214,1
3384,5448,0
12725,25995,0
12973,12818,1
24650,20767,0
19343,19195,1
7693,7520,1
13430,5609,0
16373,13149,0
24466,24367,1
12924,12877,1
3044,3218,1
22790,22578,1
15688,15731,1
10867,10774,1
31832,14744,0
26066,26155,1
20115,20201,1
15737,15963,1
10552,22018,0
24655,24777,1
20663,20759,1
21599,197,0
26814,26892,1
114,427,1
3000,3071,1
316,279,1
8101,8347,1
27821,10708,0
5362,16664,0
14401,31066,0
4496,6971,0
27951,27927,1
24166,11934,0
18375,18220,1
13621,13815,1
18417,18339,1
25007,25135,1
6268,6053,1
11882,11987,1
27036,21670,0
20581,20313,0
30576,30902,1
10592,10799,1
29740,26458,0
29083,27423,0
15698,7146,0
19583,23492,0
13273,13059,1
17093,17105,1
17965,17857,1
2721,2841,1
3892,3649,1
14531,14987,1
157,14795,0
8092,8116,1
7345,7043,1
5337,5188,1
12626,12905,1
8832,8906,1
9135,696,0
21212,21096,1
3526,3670,1
18932,18903,1
29395,29333,1
7178,7398,1
9451,9371,1
3994,3955,1
21271,27962,0
29907,1410,0
8050,8265,1
31756,31826,1
9508,9705,1
27875,8171,0
16759,17703,0
14308,21979,0
10866,22518,0
5961,29183,0
9058,10082,0
502,989,1
24555,24586,1
23708,4105,0
29211,29210,1
6249,23871,0
7773,7943,1
26841,26940,1
13751,13818,1
23609,14934,0
16477,13796,0
21151,21279,1
17144,15019,0
330,5578,0
31418,20483,0
129,1963,0
16331,16309,1
22572,18452,0
4292,4114,1
25719,25994,1
19115,5933,0
31023,31093,1
6949,14270,0
15526,15864,1
15885,31261,0
1141,28567,0
584,683,1
4470,2302,0
17055,17443,1
227,499,1
30536,30686,1
5928,5977,1
16615,29149,0
10118,7861,0
230,421,1
19356,19199,1
24349,24350,1
6633,17091,0
11048,5431,0
23257,23038,1
26540,4527,0
18006,28591,0
19613,14775,0
13351,13324,1
3073,24722,0
21127,21047,1
6588,6532,1
272,424,1
21118,27047,0
29459,29193,1
9100,8963,0
26210,2833,0
723,31706,0
8491,3183,0
31275,31456,1
13862,10416,0
31118,31365,1
18520,18747,1
1366,1420,1
31342,13337,0
21714,27734,0
21169,22061,0
19782,19897,1
12211,12095,1
5991,5819,1
16167,18539,0
3077,3076,1
5599,24959,0
1420,26145,0
8384,1987,0
24022,24468,1
29560,18526,0
28815,28682,1
2675,20617,0
24548,24950,1
31067,31480,1
27431,27088,1
27164,27304,1
477,23700,0
13479,13169,1
30475,16388,0
10187,27146,0
5760,5606,1
8561,8216,0
5814,5804,1
11520,548,0
22316,25554,0
28957,23253,0
9367,22412,0
24226,23279,0
5752,5570,1
474,431,1
31005,1085,0
21679,16357,0
21281,28530,0
16164,15491,0
13165,13390,1
13012,23278,0
28846,28843,1
15753,18182,0
5533,5927,1
16453,16070,1
28994,28566,1
24806,24606,1
392,16,1
5827,5707,1
2576,29159,0
5996,4839,0
19068,19382,1
25522,16487,0
3832,3922,1
22117,22473,1
10795,10891,1
27858,29927,0
16422,16235,1
23999,2216,0
17723,17525,1
25407,16369,0
4364,17017,0
25138,25454,1
3674,3724,1
19625,7332,0
6525,30902,0
10825,7826,0
27883,27787,1
2527,2830,1
23856,23884,1
8364,2438,0
12277,12249,1
31209,31286,1
23980,23100,0
9869,17455,0
16472,16468,1
30919,23974,0
1441,19913,0
25002,9605,0
23796,23620,1
12276,7465,0
13755,29626,0
24262,3725,0
31420,29218,0
17320,17460,1
8067,8381,1
12300,5910,0
7409,7166,1
3069,17129,0
25938,5639,0
20933,27169,0
23083,23189,1
17932,10032,0
4830,18305,0
9138,9457,1
21070,23120,0
10711,20196,0
12218,30036,0
3000,3304,1
15975,26527,0
3707,15151,0
102,25167,0
4021,30512,0
19089,19057,1
14696,5784,0
27311,2609,0
6813,6208,0
22880,24345,0
21935,7027,0
12686,12720,1
9109,4505,0
16478,16366,1
14530,14892,1
29793,16289,0
3006,3107,1
4876,19720,0
16573,25114,0
27186,27259,1
19008,5612,0
30070,30092,1
22711,723,0
9392,9252,1
20938,30668,0
3799,5415,0
17200,24919,0
2392,2424,1
31281,21696,0
13882,14627,0
17936,17567,1
5375,22995,0
2918,10275,0
27669,19748,0
20172,20382,1
6717,6739,1
17317,19795,0
19613,17930,0
3823,3788,1
18679,24534,0
7227,7404,1
1182,1330,1
27746,10941,0
4242,4427,1
24552,1949,0
8865,8693,1
4188,4337,1
6198,6163,1
14601,14895,1
8239,2575,0
14079,4891,0
6987,7293,0
22852,21528,0
16659,16695,1
10866,9004,0
24051,24049,1
20903,20746,1
21188,21262,1
12528,2550,0
9451,25818,0
22778,22645,1
4443,12393,0
26567,27244,0
23192,25713,0
3509,3930,1
31162,21899,0
30944,30861,1
12553,11487,0
31777,31658,1
16086,8260,0
21623,21809,1
12564,12879,1
5975,5288,0
18148,24885,0
3902,20733,0
17472,11972,0
24266,24164,1
14863,14593,1
8671,8786,1
20203,5563,0
21433,21405,1
25801,25786,1
6561,6965,1
2028,15528,0
26458,26343,1
23464,23374,1
25540,25577,1
25562,24318,0
19053,14848,0
31746,7434,0
16450,2405,0
28751,28584,1
27768,27827,1
26421,26256,1
6196,6251,1
203,18041,0
25320,25192,1
13378,13275,1
3544,24222,0
10662,10775,1
17293,17001,1
31281,16780,0
28325,2034,0
21906,21883,1
490,85,1
27301,13042,0
5096,16494,0
28740,28864,1
8453,8474,1
14937,24672,0
11953,11735,1
5641,5899,1
24991,24580,1
6265,249,0
15926,29720,0
9879,9796,1
30974,30592,1
18720,17864,0
27187,26140,0
10180,4703,0
7151,22244,0
17874,28104,0
30253,30185,1
23334,953,0
13671,31775,0
6519,6689,1
3289,3489,1
6513,6889,1
23751,23694,1
22187,3205,0
31655,31507,1
13076,13316,1
4340,4396,1
14377,14109,1
31668,31913,1
26396,26794,0
154,277,1
12496,21673,0
29514,29800,1
19944,31030,0
18491,7144,0
4327,28001,0
8862,15734,0
29290,29495,1
2398,2178,1
31791,16851,0
19812,19985,1
13071,13411,1
1327,3078,0
19688,19819,1
7925,7552,1
22243,28543,0
17931,17870,1
27151,27291,1
14944,14869,1
23359,23493,1
11561,11512,1
652,790,1
25550,15278,0
23231,18520,0
22780,22675,1
6542,6593,1
18585,18892,1
16198,9640,0
16048,16119,1
8030,6039,0
3261,25119,0
5562,30762,0
28557,30797,0
13502,13796,1
13377,25211,0
2187,7339,0
29122,23111,0
20761,20654,1
24579,24980,1
24624,13778,0
10823,1717,0
24884,15710,0
6575,27008,0
31475,21497,0
27791,11695,0
29032,29056,1
9748,5857,0
25095,857,0
20631,20967,1
12755,20968,0
28604,14935,0
20091,3115,0
107,369,1
4134,28178,0
30137,30331,1
27362,8110,0
14083,14231,1
5822,5894,1
20603,24359,0
1828,1726,1
7712,1881,0
15079,19765,0
10430,17587,0
12902,12710,1
21655,21928,1
10396,10388,1
16363,23561,0
31683,267,0
31086,28773,0
24844,24524,1
3281,23338,0
5988,5994,1
22586,31780,0
9695,9890,1
20828,20642,1
23245,3000,0
8514,11705,0
6201,6357,1
24661,13546,0
10529,25379,0
15640,14974,0
5191,5114,1
21149,21200,1
23573,18435,0
17655,17973,1
17298,830,0
27514,249,0
19274,19378,1
8720,8965,1
1326,30405,0
859,587,1
23109,23049,1
25872,8855,0
5302,5342,1
21231,21078,1
13655,5268,0
17746,24358,0
3762,29958,0
4317,1333,0
2782,10828,0
26748,26523,1
6250,15186,0
15602,15717,1
30475,21896,0
26586,26856,1
13437,29689,0
13458,13242,1
5038,26650,0
9449,9419,1
9045,16178,0
23713,4694,0
6514,6614,1
31617,30243,0
12366,12173,1
25748,18817,0
3527,14178,0
25970,21909,0
20523,20572,1
233,445,1
3465,17536,0
9632,9938,1
24976,24933,1
2726,30135,0
1001,1201,1
17787,6224,0
15396,30130,0
29097,18993,0
10177,30353,0
29138,890,0
6796,28299,0
7766,30778,0
1598,1944,1
10101,10102,1
5012,25994,0
22148,14785,0
31586,28924,0
19801,19920,1
29282,29074,1
8257,8064,1
544,7456,0
17213,17162,1
7997,16705,0
715,10673,0
8291,12893,0
4863,31867,0
14958,11267,0
4571,4609,1
29150,29481,1
23994,23815,1
3834,26546,0
22029,22423,1
4704,18797,0
10116,22197,0
29568,29857,1
1632,2429,0
23022,23369,1
5022,5836,0
7826,14334,0
534,864,1
1298,1139,1
302,13426,0
25679,22575,0
21931,2819,0
7527,7077,0
27317,27470,1
22247,22026,1
13965,13620,1
13753,13649,1
20829,24539,0
27966,8236,0
6046,6305,1
26805,31406,0
31767,4524,0
915,666,1
3840,3675,1
619,546,1
21280,14456,0
19251,676,0
12963,12740,1
21318,21155,1
3712,7264,0
1009,10439,0
15028,4117,0
4684,12353,0
19128,19334,1
5471,5321,1
6420,6480,1
7547,7996,1
28930,1620,0
16350,16029,1
11243,10337,0
18867,11825,0
29907,29719,1
16650,16790,1
4718,4625,1
2963,2810,1
3577,3885,1
25632,25725,1
23208,20308,0
29479,27032,0
6817,9149,0
30017,30319,1
25271,25067,1
28037,12349,0
26106,15423,0
25131,2425,0
15461,20223,0
1412,2872,0
21523,319,0
501,1459,0
13993,2738,0
28028,28154,1
29160,18025,0
22139,4833,0
30188,30047,1
23020,18123,0
13847,13534,1
18245,18003,1
18939,18696,1
26168,16928,0
14158,938,0
12580,12929,1
27417,13079,0
29197,29124,1
16857,16686,1
19257,19267,1
12595,12521,1
5152,5448,1
2297,31765,0
11437,8176,0
23887,23648,1
26543,16562,0
27120,29560,0
7852,7857,1
14776,14725,1
30569,30707,1
15879,22009,0
1587,1972,1
27869,27758,1
14096,14102,1
2501,2670,1
20196,20276,1
4760,5669,0
28295,19515,0
31120,31192,1
11877,26487,0
23961,28700,0
13576,13786,1
27529,1825,0
26550,4067,0
951,17633,0
20316,14692,0
6816,6835,1
25967,22075,0
16685,18230,0
2080,25002,0
6903,19040,0
26909,26769,1
12499,12391,1
10824,29808,0
17032,14193,0
16166,16054,1
26943,26621,1
17357,17903,0
6849,6954,1
15591,14773,0
18286,2276,0
15497,15103,1
26584,26522,1
21750,9615,0
2857,23109,0
15223,22582,0
22136,12405,0
12464,11213,0
14629,14643,1
14412,14101,1
24968,22200,0
31332,29802,0
10962,10578,1
23140,30546,0
25324,12129,0
4025,4016,1
19752,17058,0
931,722,1
7763,20816,0
29415,29460,1
3365,13042,0
30781,15102,0
3714,1844,0
9258,9065,1
8725,27831,0
5107,2281,0
9746,8031,0
20504,20937,1
18565,18602,1
4218,26633,0
11722,7170,0
25281,25277,1
11873,11928,1
16985,30068,0
10412,10053,1
6592,18428,0
1596,26439,0
31620,2899,0
2351,6155,0
1866,3860,0
11721,744,0
8395,8097,1
6066,6051,1
6175,11754,0
19732,21439,0
14826,14683,1
28144,28367,1
28837,31487,0
12845,12982,1
5860,5930,1
13505,13827,1
18628,10337,0
22753,22866,1
28464,28129,1
20160,20348,1
7659,7723,1
7900,7795,1
9844,17723,0
14308,24358,0
3470,3070,1
5360,5456,1
12924,12548,1
4320,4421,1
28142,374,0
24009,24381,1
20138,15411,0
28970,4664,0
22986,22573,1
8289,6553,0
8192,8336,1
21013,21145,1
25766,8089,0
2610,2865,1
25301,25109,1
4567,4803,1
3506,26461,0
19284,30326,0
22728,12909,0
18808,3277,0
22947,8766,0
13178,13462,1
6850,6916,1
13574,1871,0
22440,22363,1
29067,29262,1
23620,23697,1
10822,10560,1
29646,29648,1
28963,9675,0
30063,2901,0
8581,16438,0
27724,21925,0
17721,21054,0
9134,13167,0
2480,2030,1
6640,6763,1
31917,7575,0
3237,16458,0
5703,5982,1
24365,23668,0
13629,13655,1
26057,26389,1
4683,4975,1
1991,13085,0
14817,22634,0
23553,17691,0
16058,16363,1
18020,18068,1
21439,21056,1
15357,12991,0
18264,19691,0
10646,10573,1
8124,5597,0
4932,7216,0
28880,28661,1
7417,7055,1
5720,28694,0
1806,12051,0
1542,1829,1
3252,22815,0
8722,30335,0
26167,7499,0
17394,6815,0
2474,2333,1
383,31898,0
18669,11668,0
29955,29512,1
20888,20601,1
7142,5193,0
31433,31331,1
189,418,1
5799,5851,1
4211,4254,1
24087,24423,1
2250,31552,0
17763,17919,1
2106,2117,1
25896,5473,0
16017,4363,0
6139,6441,1
29295,29967,0
9669,9675,1
13800,13857,1
10037,18961,0
22359,22457,1
2876,19968,0
14321,13256,0
22271,22173,1
21811,26340,0
14186,17987,0
10909,10565,1
14150,27926,0
9793,9707,1
28119,4436,0
20183,20254,1
2087,14709,0
27647,27545,1
11459,31863,0
31938,8613,0
30275,4698,0
7120,25409,0
6898,20628,0
26593,26954,1
30775,28428,0
985,578,1
7920,7698,1
28292,30707,0
8835,10572,0
5566,5814,1
1321,986,0
12697,12955,1
21159,31148,0
18107,18486,1
8619,31143,0
24039,26787,0
10254,10487,1
2248,2174,1
30768,30585,1
27670,24098,0
4420,18350,0
30883,14698,0
29464,30124,0
19704,19816,1
12823,12777,1
13631,13850,1
20377,20191,1
21911,106,0
21175,21126,1
25445,25158,1
5798,2560,0
24561,24964,1
6662,6712,1
9878,11309,0
10116,2813,0
3218,21482,0
2858,29179,0
9115,9400,1
15234,21117,0
23581,23549,1
23736,24827,0
17884,7798,0
10687,3512,0
17913,30828,0
15088,15339,1
24896,24595,1
12009,12346,1
22271,3318,0
15345,12120,0
17485,17261,1
3110,3487,1
22697,5554,0
11368,12889,0
26769,26868,1
28962,28951,1
17570,5237,0
20633,20845,1
21346,21306,1
20949,20554,1
14449,747,0
297,14835,0
2136,2164,1
18458,18282,1
29483,23042,0
30680,2072,0
9351,9191,1
29530,1974,0
20614,20519,1
9659,17545,0
21385,23225,0
10946,22552,0
17183,16063,0
16138,16075,1
12124,13213,0
30980,5601,0
12210,12159,1
4884,4652,1
5323,14914,0
13450,13011,1
12342,12139,1
24065,20741,0
6468,28467,0
15245,15256,1
17051,17127,1
11903,11851,1
31462,11515,0
1004,1150,1
22079,11609,0
15900,15876,1
21709,21791,1
17705,17718,1
6867,16970,0
21734,21837,1
13104,27560,0
12941,12570,1
7056,5634,0
13081,13485,1
20115,17768,0
11396,13188,0
7329,7351,1
22648,9099,0
29519,29663,1
14512,14833,1
4113,23823,0
10832,2349,0
4974,4926,1
24788,24844,1
11737,11640,1
5874,5808,1
2836,2532,1
7123,14877,0
13217,13545,0
4346,4368,1
15432,24904,0
2729,18690,0
17094,17347,1
3755,14762,0
927,31316,0
9191,9276,1
11480,11150,1
18572,18690,1
16781,31099,0
18883,25606,0
2273,2102,1
546,935,1
7232,7313,1
16347,10700,0
31116,4487,0
1309,20583,0
4541,29486,0
9837,9990,1
27430,27259,1
12434,31713,0
30969,30922,1
25005,25190,1
29555,29543,1
9770,8020,0
10090,6861,0
9331,9076,1
18081,18426,1
10817,3724,0
27950,27629,1
30276,31716,0
9067,25257,0
29052,5377,0
13222,22103,0
24992,24626,1
5422,7081,0
3147,15656,0
23596,3530,0
29645,1721,0
21001,21450,1
26005,27830,0
19523,19612,1
7625,7795,1
13730,18588,0
22422,22654,0
15420,18471,0
3560,6561,0
18997,18769,1
31608,31823,1
12183,14116,0
2960,2530,1
24552,14775,0
26442,13660,0
8940,8914,1
29444,28111,0
2738,21805,0
29950,25399,0
15843,15811,1
13302,16438,0
24592,3181,0
20119,20029,1
16059,18619,0
12910,12849,1
3522,3971,1
13729,52,0
614,14482,0
13863,9591,0
9352,9345,1
3843,20661,0
23621,26132,0
7995,26347,0
2785,8655,0
26937,8030,0
13574,13506,1
5989,5825,1
27080,27498,1
17322,17302,1
13280,13240,1
13282,13368,1
17360,26196,0
4358,21580,0
20877,20515,1
30357,16124,0
13864,23409,0
4739,28346,0
8120,18001,0
12775,7543,0
17794,17853,1
6321,4131,0
30721,15960,0
24172,5726,0
9454,9155,1
9403,9461,1
17530,7202,0
18419,18193,1
31418,31110,1
3530,3730,1
8613,25794,0
16567,7333,0
1961,1791,1
25883,25659,1
31540,31620,1
18050,12417,0
26505,26731,1
30915,30931,1
23610,23708,1
25704,25882,1
19531,29985,0
12022,12108,1
3564,31606,0
14970,9896,0
11905,11852,1
29268,29219,1
25336,16267,0
10717,11036,0
18571,18548,1
2618,2627,1
16823,2735,0
11847,12769,0
5981,17634,0
30641,13071,0
11124,11894,0
19269,24524,0
5939,18275,0
13416,7222,0
26154,26414,1
31653,15449,0
1434,24456,0
18694,18808,1
8404,8109,1
15706,16216,0
22366,22380,1
20083,31187,0
7492,3721,0
29284,9109,0
11103,25869,0
9324,16708,0
25781,25709,1
27925,27738,1
29588,29601,1
12005,13678,0
22214,22174,1
20217,30155,0
28097,29330,0
2042,2005,1
1854,1770,1
6946,28029,0
14231,14349,1
15790,21610,0
24175,25724,0
28736,28549,1
30356,30425,1
30029,1594,0
23970,20002,0
14175,14461,1
30809,30624,1
11154,30817,0
17069,17346,1
25253,25350,1
22716,29301,0
28607,28670,1
11900,22814,0
3463,21366,0
30171,30172,1
28559,28927,1
30699,12393,0
26306,26427,1
236,25924,0
26204,26000,1
20911,20796,1
59,1489,0
24874,9035,0
2745,2739,1
15828,15983,1
25072,25017,1
23045,6362,0
14938,14897,1
14660,14974,1
1754,1955,1
18592,18819,1
22757,14216,0
8682,8583,1
22297,22004,1
19272,28333,0
9488,8923,0
28130,5991,0
26108,22387,0
6408,6395,1
132,17738,0
24665,24793,1
19432,19222,1
7460,3193,0
12868,31071,0
13471,11043,0
18034,1963,0
28202,9184,0
28308,14965,0
27448,27385,1
22518,22923,1
22743,5938,0
18009,18329,1
10887,10763,1
25182,6277,0
28475,13098,0
24714,24734,1
14962,14724,1
3431,26377,0
26769,26795,1
17945,17695,1
1240,1111,1
23661,12478,0
30388,4224,0
27736,29940,0
30701,15421,0
8621,23230,0
14305,14383,1
4999,24896,0
25421,24839,0
13667,24880,0
6689,13612,0
2714,2753,1
11640,11643,1
7520,14321,0
12196,9602,0
23042,23266,1
19017,19330,1
25553,25734,1
13750,13771,1
4001,9760,0
30708,30960,1
11810,834,0
6812,4772,0
1915,15177,0
23569,23734,1
2576,2652,1
26125,26180,1
19610,19774,1
20494,7433,0
9051,4673,0
10150,10435,1
31843,31764,1
10812,27610,0
25979,14080,0
26146,26430,1
27706,10791,0
28610,28814,1
31866,9123,0
4495,4078,1
6848,6525,1
3142,1387,0
28824,28685,1
23452,23228,1
29868,10123,0
27207,10680,0
23281,16924,0
11050,11017,1
6458,1869,0
29768,29601,1
1487,1355,1
12000,17551,0
9096,12516,0
20595,20772,1
10886,10575,1
17081,4397,0
14252,8928,0
13134,13466,1
12564,12612,1
11893,11569,1
17790,22037,0
15601,25362,0
24942,30538,0
9556,9685,1
17228,17373,1
7958,7569,1
30840,30748,1
31311,2202,0
15697,9039,0
22577,23190,0
2783,29455,0
13024,18254,0
6936,12394,0
19048,28982,0
28046,28303,1
739,747,1
6804,6794,1
11608,11594,1
19435,19407,1
24586,6724,0
4196,24990,0
4335,3842,0
21240,9276,0
13172,15255,0
29205,29300,1
1512,15104,0
26684,26782,1
1422,823,0
30714,6595,0
18683,18592,1
25720,25934,1
27352,10155,0
19021,19448,1
12858,12505,1
27542,27892,1
8032,18709,0
7647,7892,1
2552,2766,1
9512,9800,1
16741,16850,1
2164,2204,1
26640,12178,0
3755,18344,0
24551,24509,1
6555,3403,0
16910,3494,0
19578,24455,0
30530,28540,0
14136,14003,1
25791,16888,0
31903,31606,1
29556,29854,1
27540,27845,1
7101,22555,0
17229,17498,1
9886,7189,0
21562,21756,1
2064,2257,1
31300,30626,0
2627,26296,0
5446,28281,0
23533,20124,0
1755,1639,1
5905,20552,0
7545,7651,1
7272,3380,0
637,28313,0
19671,25722,0
9856,15540,0
17641,12324,0
4365,21652,0
28918,28595,1
9430,9394,1
6352,11746,0
25043,25486,1
1803,18840,0
3156,3144,1
5697,5582,1
18135,5977,0
1031,1204,1
586,1451,0
17052,17067,1
10488,10107,1
28134,28313,1
4216,4002,1
10183,24120,0
2506,2900,1
31957,19666,0
19919,20083,0
15436,15364,1
12552,22367,0
28226,18418,0
26792,26837,1
23447,21175,0
21589,5158,0
17918,5539,0
23196,1679,0
18603,25663,0
428,17598,0
26261,15709,0
10960,10669,1
20748,20803,1
793,664,1
16870,25255,0
6950,9720,0
25258,8204,0
20002,22924,0
14868,14678,1
7349,7447,1
3936,18427,0
21457,18330,0
12787,12815,1
9618,3038,0
18860,18982,1
27389,27359,1
15600,15837,1
31857,20619,0
4952,26823,0
11883,15012,0
11521,11951,1
7566,7512,1
8314,24721,0
20457,20498,1
19461,14899,0
6792,6873,1
29826,14880,0
20155,17582,0
27283,27113,1
867,659,1
22149,3962,0
10266,1376,0
10812,25216,0
1416,8526,0
7498,31142,0
6605,6777,1
20355,20480,1
6819,11441,0
25455,5832,0
5124,5374,1
19540,19761,1
16754,17546,0
12241,26010,0
28499,28443,1
7024,21927,0
29881,25201,0
12875,11770,0
28373,16452,0
18114,19527,0
18222,20286,0
767,21165,0
28980,13286,0
13052,13018,1
23849,25598,0
19057,19210,1
18695,7269,0
15343,15157,1
25813,12654,0
6474,22488,0
15840,15650,1
11889,17480,0
30083,7969,0
9248,9186,1
10688,10635,1
20118,30921,0
13806,13749,1
31338,31019,1
874,644,1
8936,20972,0
28016,14790,0
10105,10106,1
25052,17922,0
6097,11724,0
12053,10138,0
14091,12379,0
18201,5422,0
14957,14543,1
931,859,1
5341,5056,1
20442,20139,1
10804,10523,1
23304,23782,0
26469,26425,1
18736,11058,0
203,29864,0
23956,29794,0
8718,8633,1
13049,13205,1
4693,4744,1
15538,15700,1
14785,14708,1
18624,5291,0
25874,6386,0
6557,6617,1
3959,3866,1
12122,12234,1
14101,14129,1
7276,23353,0
3164,3196,1
24559,754,0
7671,13390,0
19169,19119,1
7230,2819,0
54,456,1
2820,2740,1
1277,13243,0
15784,6798,0
9507,9752,1
10781,15299,0
19975,19977,1
3863,3957,1
25421,25251,1
23091,4133,0
3084,29168,0
19549,6778,0
26426,29013,0
9815,9572,1
25410,25453,1
22982,20254,0
4328,4247,1
12056,25834,0
704,13535,0
25879,19189,0
24699,24562,1
8376,8321,1
1724,24827,0
24612,24985,1
10013,10308,1
26952,21090,0
27506,27654,1
23832,23673,1
19882,19845,1
15436,20139,0
8253,529,0
9477,16147,0
8955,14871,0
3895,24823,0
13972,27700,0
6195,6284,1
29638,29894,1
8977,11351,0
12428,12032,1
6219,6469,1
11781,24885,0
2831,16614,0
12809,12806,1
22096,22321,1
24767,24685,1
12267,12324,1
2614,2605,1
4293,16437,0
17241,15403,0
27211,27441,1
6530,6902,1
1386,1369,1
7767,7799,1
29692,10792,0
20080,22934,0
4731,23251,0
29433,20323,0
1085,17231,0
9396,9124,1
11998,11920,1
15516,15793,1
30385,18572,0
30496,6912,0
4054,4306,1
20428,20255,1
13841,13768,1
4656,13913,0
5303,9097,0
12125,26754,0
20282,20059,1
4796,1804,0
10803,10600,1
29620,29736,1
7553,25099,0
10851,30503,0
8164,24262,0
28080,25484,0
14156,14592,0
6591,17970,0
20264,20284,1
27002,15557,0
11499,30278,0
11761,11992,1
17169,18667,0
4053,16838,0
6822,6683,1
5559,5968,1
11796,4808,0
17175,28604,0
6090,6150,1
986,21527,0
3470,3876,0
4622,4835,1
1581,30137,0
5795,5869,1
11797,16555,0
10085,24414,0
9647,9596,1
28445,28497,1
16146,13166,0
4343,4111,1
6273,28060,0
10808,16806,0
15387,15087,1
10204,10233,1
22407,22039,1
9249,9093,1
18240,18497,1
22076,22092,1
21172,14013,0
20845,20897,1
29078,29036,1
25221,25408,1
18916,26123,0
26297,26300,1
14976,14912,1
21384,21306,1
24700,24583,1
25068,11735,0
15706,4982,0
23971,23861,1
14939,19085,0
6180,24142,0
23188,29204,0
10315,1901,0
5617,5841,1
4153,4300,1
27488,27152,1
20682,30712,0
6407,20221,0
25885,25529,1
14996,13062,0
19307,19333,1
22761,20494,0
20253,12940,0
11901,29924,0
25275,25280,1
21727,21542,1
11491,2887,0
31603,31923,1
31725,8157,0
9287,9238,1
27056,27397,1
12135,15410,0
11224,11075,1
18304,18262,1
22466,15324,0
7536,28651,0
4807,17926,0
8875,29536,0
14877,11807,0
29033,17868,0
8690,8791,1
27719,27749,1
16400,10525,0
18226,19258,0
4767,4833,1
25244,23541,0
8993,8755,1
26000,15293,0
5636,5913,1
7477,16294,0
16310,16469,1
18849,24972,0
28025,15259,0
6504,6794,1
17300,19884,0
5333,29805,0
23532,23869,1
21691,21981,1
21367,21241,1
14566,6100,0
11150,18362,0
10352,17452,0
20077,29712,0
19851,24980,0
23701,7937,0
25468,25039,1
23272,17549,0
28301,20411,0
30934,30920,1
29792,22950,0
11828,11831,1
10486,10371,1
16441,5112,0
9658,22876,0
23135,11854,0
20710,5239,0
14198,24390,0
25608,25585,1
13218,9645,0
26061,6422,0
1956,1548,1
23863,15399,0
2635,2889,1
31854,31571,1
17299,17346,1
7154,7223,1
17426,7283,0
2197,2173,1
9928,9927,1
27262,27380,1
22444,7791,0
5393,5257,1
11640,14570,0
9991,17377,0
17094,9959,0
27542,31710,0
19685,19951,1
21105,21255,1
4335,26556,0
24083,24329,1
11757,12910,0
25023,21104,0
29809,29897,1
30642,4362,0
17488,17199,1
6592,6558,1
26420,10789,0
20565,3465,0
21389,27357,0
3721,23190,0
10876,31720,0
27302,6551,0
21395,9007,0
3683,30340,0
21649,4876,0
24310,6615,0
13095,21881,0
5826,6587,0
20583,20992,1
10206,8198,0
6927,6719,1
29194,29164,1
20640,3107,0
6861,9561,0
14313,1419,0
17894,16732,0
10325,10249,1
5469,5145,1
18146,5605,0
5497,3869,0
10015,10075,1
3683,18706,0
31452,22462,0
21303,20304,0
10615,27682,0
7659,7874,1
27215,21361,0
9556,9978,1
19088,19374,1
13125,13111,1
18457,18310,1
30026,30417,1
14773,14688,1
10350,10353,1
10501,23212,0
5141,29477,0
6507,25293,0
1560,1933,1
26030,7578,0
31654,15687,0
28646,28894,1
29761,5282,0
31746,31542,1
13252,13494,1
11560,11960,1
16827,16630,1
20662,18736,0
20540,20566,1
1097,23778,0
449,106,1
3312,3072,1
15939,15616,1
18924,31890,0
8757,26184,0
7636,7556,1
10231,31356,0
15967,9868,0
11530,24302,0
28943,5290,0
2737,4091,0
6754,6784,1
14875,26326,0
26581,26625,1
26440,5595,0
10207,10145,1
5135,5427,1
319,424,1
693,724,1
31341,21824,0
30832,29721,0
2631,2905,1
17953,21307,0
1329,25167,0
11912,11975,1
6348,6230,1
8132,11273,0
12202,12309,1
28799,28624,1
11049,8565,0
21643,21950,1
25507,13175,0
21762,5701,0
17476,17382,1
16733,17508,0
765,892,1
14114,14246,1
264,266,1
30068,30003,1
25075,6890,0
21480,21014,1
23866,23573,1
29602,3657,0
2093,2308,1
30368,15008,0
15796,8635,0
3767,3602,1
20561,10072,0
13599,13635,1
25376,25070,1
31486,29341,0
11820,23412,0
4190,11179,0
20185,15704,0
2840,2965,1
7959,7815,1
4564,17168,0
7641,1386,0
23871,23782,1
6622,19734,0
26527,31972,0
862,773,1
12196,6438,0
29039,15834,0
30815,29218,0
16413,16444,1
9055,13373,0
19619,18480,0
28883,28658,1
6043,6217,1
14847,9088,0
23123,15851,0
27417,27246,1
3950,29625,0
26749,26507,1
12789,20117,0
23552,23614,1
23010,18170,0
5662,2799,0
8241,31470,0
22081,14552,0
27121,24008,0
14308,31072,0
29471,29860,0
22910,22510,1
29950,4991,0
14037,12863,0
23218,19649,0
3122,3282,1
20896,5084,0
12805,12540,1
10588,23485,0
12078,12478,1
9235,27132,0
14632,6285,0
22462,22010,1
8142,29087,0
11748,16902,0
28640,28680,1
18178,13926,0
13886,30537,0
2325,29096,0
3286,3467,1
25211,25389,1
18253,18071,1
5127,2537,0
29829,7308,0
18661,18713,1
4269,4394,1
29795,16254,0
18935,18695,1
25753,25918,1
29092,17393,0
5056,17784,0
1479,3716,0
6913,20073,0
19772,19890,1
260,9574,0
286,335,1
30303,30486,1
11642,15588,0
18956,18653,1
14630,14764,1
22871,22850,1
9704,9687,1
4176,4123,1
28839,28704,1
8007,8088,1
1674,17615,0
12649,12983,1
4046,24270,0
28069,28000,1
3961,24352,0
3167,3498,1
31915,24623,0
17856,17995,1
986,825,1
11080,8962,0
14641,14697,1
19862,28999,0
31493,21322,0
16448,8693,0
12875,12916,1
5098,25258,0
16957,16900,1
14596,11880,0
21920,12740,0
27716,27831,1
4802,4601,1
31250,31407,1
27356,27338,1
31396,31061,1
28693,28992,1
920,30716,0
13817,21354,0
5952,15773,0
11596,11937,1
19977,19986,1
14145,8198,0
26994,26510,1
16675,20152,0
24021,19879,0
27683,16710,0
27700,10954,0
9841,9936,1
16592,5791,0
11902,23657,0
6858,6877,1
2007,2086,1
7075,7226,1
14880,29996,0
10667,10940,1
3655,31825,0
24030,24414,1
23821,16847,0
10515,30042,0
16086,3153,0
11635,11556,1
9830,9709,1
12301,5051,0
31420,29930,0
984,754,1
31352,31166,1
23096,2051,0
13521,30106,0
11810,1537,0
9105,9199,1
31994,31969,1
18019,18190,1
26862,14970,0
21430,21251,1
2500,13402,0
25691,25847,1
21987,21587,1
5143,5047,1
18360,29313,0
28666,28626,1
16445,16320,1
11496,11212,1
12399,12344,1
2074,10155,0
13691,13525,1
3193,3445,1
22406,14996,0
7643,27817,0
24970,15779,0
11861,6805,0
20294,20042,1
28852,16105,0
31226,26079,0
30977,27376,0
11788,13865,0
31847,31513,1
13306,31894,0
2981,11742,0
25000,25371,1
23830,14196,0
6411,24357,0
20931,20590,1
26205,5054,0
22266,22058,1
14408,14120,1
13607,18612,0
16604,16518,1
27448,27144,1
3704,1738,0
18084,30144,0
3412,3441,1
6337,21583,0
27514,27990,1
4143,4369,1
29948,5485,0
14743,31588,0
7145,7347,1
15281,15162,1
6274,6398,1
15248,10617,0
13879,13876,1
27786,27726,1
1538,13025,0
19853,28577,0
16277,8211,0
9296,9200,1
19932,19812,1
1232,6658,0
29227,29473,1
2517,4489,0
8071,551,0
6883,24641,0
28267,25987,0
23354,30637,0
14668,14896,1
1735,1912,1
28146,3143,0
2228,12211,0
14091,12637,0
29631,29824,1
13264,18695,0
30737,30550,1
11309,1321,0
15234,22188,0
25417,25278,1
9311,4462,0
20533,20580,1
17994,15264,0
28845,22529,0
19895,19568,1
5100,5256,1
18203,18401,1
14193,9192,0
10922,29179,0
7449,23332,0
18453,18081,1
8245,14873,0
22967,22802,1
19550,14010,0
27711,17031,0
21909,21814,1
1024,30433,0
4631,4806,1
23214,25949,0
22855,19541,0
19011,88,0
23244,23130,1
2428,22991,0
27181,24224,0
8779,1640,0
13802,13683,1
18109,18047,1
19823,19827,1
18369,4594,0
31622,19887,0
5630,7582,0
24504,17938,0
6014,6245,1
21860,21858,1
21259,21323,1
14502,12034,0
5622,14530,0
5430,5143,1
8408,8267,1
19156,19417,1
17229,17410,1
10047,10410,1
13880,13922,1
13534,13927,1
709,3163,0
21145,11314,0
31127,31002,1
5068,9916,0
5517,13885,0
5573,5606,1
10943,19578,0
24343,2724,0
22355,13629,0
18789,18587,1
22208,22322,1
3794,10794,0
27272,10841,0
16776,16523,1
31697,19866,0
1826,23832,0
14167,22328,0
1922,1936,1
12932,12988,1
20289,20957,0
13774,13690,1
18255,18160,1
10816,18139,0
19876,24765,0
24464,14672,0
556,27081,0
31635,31873,1
25612,25754,1
2290,2121,1
20129,20165,1
3786,3736,1
5003,5024,1
19187,15185,0
26963,28102,0
12400,17848,0
24838,24888,1
28303,29011,0
19838,8002,0
13838,13554,1
31296,9608,0
13618,13830,1
7221,5475,0
27681,31353,0
3027,31906,0
29997,4769,0
22935,26418,0
15306,15775,0
25148,25126,1
9499,22099,0
24964,24990,1
29885,23829,0
22331,4251,0
10800,16482,0
23464,12695,0
28867,15410,0
28883,28735,1
12347,12068,1
3776,3949,1
16295,5988,0
12453,27259,0
21353,24570,0
26495,20438,0
11129,31393,0
6223,15171,0
16037,16048,1
16911,16797,1
9835,4714,0
13975,16244,0
9303,9015,1
4317,12654,0
11192,11334,1
3726,3868,1
12101,7811,0
9913,22306,0
23769,23855,1
18002,15832,0
17954,20653,0
14970,14682,1
23039,23469,1
15696,13726,0
8121,15462,0
18748,15979,0
27121,27478,1
28254,28211,1
26326,13482,0
31895,13010,0
21045,21048,1
19298,7389,0
6370,26952,0
7967,22193,0
3382,9875,0
2984,2765,1
15995,15682,1
23248,23158,1
8846,22006,0
14418,18673,0
19128,2292,0
29964,29747,1
28209,4830,0
29387,29189,1
17708,12446,0
29267,22041,0
18362,18188,1
30852,29122,0
9709,3748,0
21228,21304,1
12890,24173,0
17223,201,0
12355,26147,0
18552,18761,1
31134,13273,0
17082,17280,1
22241,22440,1
21986,21537,1
18533,18957,1
6729,1868,0
8485,5532,0
5607,22167,0
18353,18383,1
27518,13948,0
29847,16040,0
25096,23464,0
13825,13931,1
22726,12718,0
3872,28013,0
14300,28008,0
3408,25461,0
5482,5437,1
27412,27382,1
19160,19300,1
24017,24474,1
371,14638,0
889,17694,0
29877,4598,0
4737,8040,0
16855,16774,1
739,3285,0
1540,4627,0
30109,24551,0
3095,3466,1
5703,5686,1
2185,2367,1
20620,15634,0
30308,26340,0
16210,30371,0
7845,7785,1
8210,25243,0
16531,9792,0
2028,2130,1
8059,8187,1
28565,8300,0
30982,30869,1
25499,12566,0
13695,3865,0
9947,9624,1
25526,25659,1
16142,25403,0
22579,22898,1
12911,7343,0
23354,23120,1
959,17196,0
11937,11750,1
10182,10655,0
24724,24682,1
28640,28694,1
27516,27991,1
18211,7646,0
1193,1484,1
7221,8636,0
19303,19172,1
10142,10294,1
15608,15513,1
2481,2248,1
17459,28061,0
18284,18380,1
5563,5785,1
22397,5428,0
5604,5944,1
10901,16553,0
13494,28453,0
2508,13688,0
1744,7824,0
17839,17179,0
2126,2111,1
4339,4023,1
20195,20144,1
1228,17862,0
17000,18932,0
26870,26654,1
23691,3833,0
29090,29020,1
340,12607,0
4409,4412,1
20332,20378,1
19160,19106,1
14864,14766,1
1663,18734,0
25317,6880,0
28443,15389,0
24994,25674,0
15152,15442,1
20509,31645,0
30936,20855,0
7782,7535,1
4704,4524,1
24302,24417,1
3166,3257,1
1455,26341,0
10177,19652,0
3082,3199,1
10997,15271,0
22570,22791,1
21184,6902,0
10420,10447,1
11247,11439,1
14237,14035,1
30086,25092,0
20632,29013,0
30842,30814,1
23045,23223,1
25357,25108,1
9438,9240,1
7166,7116,1
28520,13414,0
18537,15396,0
15072,31262,0
6251,5525,0
1828,1820,1
24717,24909,1
4551,4545,1
15365,22232,0
24630,24943,1
26076,26153,1
6797,9389,0
839,12062,0
17369,17395,1
23332,23124,1
234,223,1
17346,18398,0
29432,29154,1
832,28021,0
1836,10973,0
23050,23351,1
21940,21986,1
5043,13384,0
19493,31522,0
4369,14890,0
4036,27429,0
28258,28079,1
5593,5873,1
23035,30243,0
9319,9164,1
14612,13394,0
20803,20692,1
14123,14005,1
22974,22566,1
10569,5635,0
15247,14806,0
665,16135,0
30104,23129,0
14883,19252,0
23114,23073,1
14975,22994,0
5144,30834,0
2392,16853,0
10072,10308,1
13867,11458,0
9820,9693,1
4223,4317,1
6610,19762,0
24176,9603,0
22730,22780,1
17443,17070,1
31805,31774,1
23562,23731,1
26061,5470,0
1012,11490,0
11150,26164,0
21906,9750,0
9936,9648,1
27115,7026,0
3129,3299,1
15593,29973,0
10649,10885,1
13730,13860,1
29632,18407,0
2586,2839,1
31013,18167,0
27319,27092,1
10466,10191,1
28440,26960,0
14774,14946,1
29159,8267,0
22391,22259,1
30824,25448,0
22870,22568,1
13050,10984,0
478,181,1
26751,26506,1
3505,3580,1
1260,30004,0
31889,12457,0
24297,24613,0
6095,6467,1
20143,20146,1
31735,12034,0
4485,4340,1
211,20225,0
24292,24069,1
441,28554,0
9366,9174,1
13354,13031,1
17588,17695,1
16021,24770,0
12962,11540,0
13725,13649,1
11716,11728,1
11660,11780,1
10839,10570,1
31829,30348,0
10277,10223,1
30541,10323,0
26443,26266,1
22286,22343,1
2798,30227,0
6616,9722,0
10732,16281,0
12351,3224,0
9692,9937,1
28023,5260,0
19751,16870,0
21951,14203,0
15786,15753,1
28369,28356,1
11559,11785,1
12596,12561,1
25291,25475,1
11490,3925,0
25099,25425,1
12690,12949,1
6353,18134,0
16328,15546,0
7861,7715,1
11532,22210,0
9774,29628,0
21040,3122,0
9990,9609,1
15593,18626,0
790,31667,0
23993,23622,1
11587,3401,0
24049,24183,1
271,174,1
21932,26409,0
23034,24343,0
19672,30006,0
14514,24898,0
27431,27281,1
17035,17426,1
7383,2736,0
138,200,1
6320,6435,1
24844,26126,0
718,258,0
28603,28825,1
29534,11473,0
23558,23647,1
12882,14375,0
9800,11385,0
31743,31749,1
10193,6017,0
21139,17104,0
19133,14547,0
22767,10430,0
24721,24848,1
18002,29661,0
10017,2875,0
18415,4852,0
24604,27107,0
30871,14230,0
9650,9999,1
24912,20572,0
31741,19571,0
28004,3156,0
16931,4696,0
24921,24876,1
31688,9072,0
2977,28146,0
1505,1673,1
4528,18317,0
12752,16916,0
23171,21029,0
25083,25156,1
25207,25080,1
18216,6399,0
30322,30076,1
18975,18764,1
7356,6401,0
10744,10885,1
26680,28191,0
31183,31384,1
16441,13363,0
11060,11463,1
17505,17982,1
26093,26185,1
30449,8691,0
5289,27095,0
25843,24839,0
21267,6887,0
7809,22041,0
309,8843,0
28254,28183,1
22161,22114,1
268,250,1
16355,16181,1
14618,14619,1
22565,22705,1
28233,6839,0
206,2313,0
9861,9876,1
26142,20199,0
12888,17304,0
10677,21808,0
3526,6102,0
27293,30606,0
27717,27548,1
13312,23034,0
4153,26609,0
13354,13378,1
8122,30206,0
13954,13753,1
30887,17839,0
3965,842,0
7390,7106,1
31276,1408,0
19382,19381,1
1496,1251,1
1123,26215,0
18426,20379,0
12934,28819,0
2856,25424,0
17294,17045,1
17750,10225,0
6790,6535,1
1537,23035,0
9705,9771,1
7226,7042,1
26658,21098,0
24004,24436,1
22810,13693,0
15123,15077,1
18407,12233,0
1487,1493,1
19228,19088,1
18555,27679,0
23388,8484,0
11218,11393,1
30623,30501,1
14708,12211,0
28192,16256,0
24372,24317,1
15491,3992,0
197,17113,0
4696,11777,0
16574,9641,0
20480,24290,0
19288,4796,0
23082,18523,0
15868,15634,1
8976,8846,1
1860,15557,0
12612,23317,0
25112,16521,0
28540,28715,1
4775,13807,0
24332,24304,1
555,25823,0
11740,11880,1
28569,22110,0
29999,29945,1
9619,20915,0
10942,10775,1
19164,4680,0
3664,3845,1
22283,22078,1
23207,29944,0
4920,4672,1
1624,31188,0
24858,7083,0
486,251,1
16985,16636,1
13678,13958,1
21568,1395,0
25056,25445,1
19371,19216,1
7074,7203,1
10665,10860,1
23381,29489,0
28472,29417,0
23377,20471,0
1198,1401,1
14152,14396,1
25228,1774,0
5407,5377,1
1418,1207,1
6885,6599,1
26189,26172,1
24897,24919,1
13288,15619,0
704,17189,0
16284,9819,0
24424,23959,0
25125,25458,1
24923,14817,0
18651,1959,0
1971,14074,0
11530,11633,1
23308,25945,0
26549,3253,0
29310,2452,0
3507,3513,1
12795,12794,1
174,95,1
10656,10630,1
5572,12040,0
27199,27002,1
30748,30864,1
29716,15675,0
14647,14861,1
24598,24922,1
7620,7711,1
31121,3329,0
25878,25813,1
29162,31978,0
6556,6976,1
24567,24556,1
31477,31150,1
23987,23726,1
6109,6828,0
31094,31239,1
31814,31503,1
21702,21870,1
26211,26158,1
14441,3926,0
27826,27743,1
6879,9451,0
25595,9584,0
11481,11053,1
26536,21068,0
13165,13307,1
1356,1496,1
11348,26422,0
18810,18553,1
31810,31768,1
8126,27521,0
29323,29447,1
14313,18768,0
3439,3091,1
15621,30460,0
10051,2266,0
522,719,1
30909,30715,1
9833,9669,1
5889,20356,0
11076,29067,0
5528,5619,1
14243,611,0
19620,564,0
22315,831,0
22329,2672,0
28217,28204,1
14699,14723,1
21346,21258,1
22168,17774,0
25794,25502,1
8702,8565,1
10877,29792,0
20796,12126,0
16547,16750,1
13082,8049,0
29575,29919,1
22682,31825,0
1915,1804,1
6333,6022,1
10691,10996,1
794,841,1
25029,25644,0
23171,23155,1
14166,14343,1
5381,5406,1
13862,13550,1
5941,30201,0
3202,28791,0
18806,29028,0
20355,7177,0
12923,8337,0
14503,14851,1
9116,31382,0
23110,23192,1
4373,3604,0
9305,22759,0
3690,6778,0
21867,5569,0
15412,15381,1
13363,22413,0
12456,26662,0
6654,24370,0
5681,5966,1
19979,19618,1
113,359,1
9322,9421,1
15822,15910,1
10469,10008,1
17213,17450,1
8075,24644,0
23524,23953,1
461,21606,0
20058,11950,0
24155,24499,1
22565,22843,1
13700,13688,1
12974,27492,0
21660,172,0
30271,23852,0
155,146,1
2726,24818,0
25664,17573,0
21738,19021,0
15430,15434,1
13798,13909,1
21547,30729,0
3586,4429,0
30254,747,0
24658,24810,1
8022,11554,0
20490,20436,1
19418,29696,0
2390,21322,0
8724,11792,0
14851,14513,1
18379,2419,0
13798,23385,0
24762,24532,1
16586,16836,1
18117,28020,0
15158,10749,0
24748,24755,1
19870,19511,1
11221,11460,1
27970,27956,1
30959,30966,1
17706,17967,1
14850,14689,1
18133,18400,1
6374,10433,0
2533,30361,0
23023,12675,0
16902,2863,0
16395,16052,1
11860,7929,0
3919,8855,0
10706,10984,1
5422,25837,0
3951,2004,0
14303,14230,1
1976,1806,1
14904,14834,1
25993,25724,1
6856,6844,1
17267,1376,0
23,19730,0
12649,12788,1
7664,14147,0
16889,4936,0
26728,746,0
29857,24313,0
12073,1070,0
455,21612,0
11386,21860,0
18284,18210,1
29634,8281,0
21733,21901,1
5945,5570,1
17553,924,0
27827,18442,0
13941,13899,1
17283,17084,1
28279,28354,1
9153,31879,0
29697,29895,1
30643,10679,0
3637,17438,0
23874,5596,0
13464,10490,0
24867,24724,1
1450,1310,1
2952,2583,1
19196,19422,1
17660,7069,0
10637,27963,0
22935,22993,1
23312,19869,0
16663,16966,1
26284,31937,0
11747,27350,0
13151,13259,1
26997,26956,1
5054,5085,1
15894,25644,0
39,55,1
18263,18339,1
4809,4802,1
27031,420,0
28278,28112,1
5337,751,0
20400,17661,0
2920,2699,1
10323,1848,0
8034,8256,1
22879,4622,0
29219,29168,1
10452,15390,0
31825,12779,0
3381,24150,0
8830,8926,1
24637,27304,0
4160,4092,1
16033,16251,1
31958,31635,1
19116,22740,0
14949,2047,0
19995,19516,1
9237,9095,1
3895,4040,0
2659,2524,1
15254,15072,1
29717,25189,0
4303,4404,1
27395,27236,1
15769,15668,1
1186,19686,0
1888,17350,0
29831,6958,0
31575,18243,0
24269,8179,0
12936,15725,0
12104,3407,0
28071,4051,0
18574,30780,0
16507,16500,1
14306,14077,1
24252,22834,0
22492,22059,1
2429,23648,0
13187,16256,0
54,435,1
3645,3602,1
12873,27632,0
73,442,1
31806,25067,0
22551,22767,1
23668,30659,0
22178,22149,1
26316,26323,1
13988,13729,1
8559,8724,1
1367,17475,0
18784,18725,1
4426,4461,1
8150,16363,0
14012,14005,1
16170,6951,0
28947,28787,1
18690,27430,0
6486,5679,0
26890,12878,0
14512,14503,1
31191,31139,1
21680,19703,0
8995,30855,0
13619,8723,0
6316,11309,0
27908,6674,0
7157,7401,1
6368,10404,0
3432,3510,0
21358,17264,0
29594,17587,0
463,61,1
25282,25166,1
16946,16844,1
20499,18048,0
5139,8576,0
30083,28192,0
8048,8116,1
22951,22547,1
25762,15516,0
18642,18686,1
20077,20225,1
1716,1860,1
6767,6583,1
7558,16937,0
31563,12997,0
31724,31541,1
2088,23781,0
12004,3097,0
27739,27513,1
8043,8223,1
2755,27055,0
2530,3662,0
14707,23065,0
8162,25330,0
6055,6273,1
10351,10984,0
5539,21300,0
28700,16409,0
29755,29950,1
21348,21337,1
11003,11353,1
19864,17526,0
21128,21154,1
12318,9328,0
17324,17356,1
7994,24578,0
16705,10577,0
6252,2976,0
24446,24482,1
26737,26518,1
9933,13526,0
11511,11794,1
11866,29088,0
24779,23192,0
27939,27531,1
25809,25727,1
23617,19985,0
10033,10159,1
26632,26893,1
23329,23169,1
31890,28659,0
7564,7611,1
31165,11532,0
25698,25900,1
15302,15168,1
30994,30975,1
12296,10716,0
4043,4173,1
28006,28400,1
14176,14232,1
24296,13730,0
19189,19261,1
18955,1332,0
14522,24903,0
30253,30083,1
22088,22142,1
25824,25858,1
20863,11960,0
26885,987,0
6967,6713,1
303,189,1
702,926,1
1553,16136,0
14359,14044,1
25021,25267,1
16888,16545,1
8743,24860,0
12787,12545,1
14130,14169,1
7447,21970,0
3743,3916,1
8438,14582,0
26588,23967,0
19715,19855,1
9026,27128,0
28584,30071,0
13701,13607,1
26658,7977,0
8871,8784,1
22766,22595,1
15026,15347,1
10231,10487,1
27474,15108,0
6367,24322,0
11894,11714,1
30154,30026,1
23321,8668,0
14251,23764,0
28325,28155,1
903,3179,0
6714,6742,1
11258,11332,1
9300,10634,0
1902,1831,1
6850,6977,1
7944,7750,1
29094,29002,1
5204,5473,1
10908,23243,0
30078,6415,0
14671,1491,0
2318,2176,1
22545,22770,1
30155,23180,0
516,881,1
20381,24358,0
24109,31807,0
5395,5012,1
4883,31877,0
7330,7337,1
5376,5001,1
21902,21937,1
28757,4188,0
2057,15681,0
9624,9576,1
4444,4287,1
25720,18284,0
15529,15695,1
15988,531,0
16293,30713,0
31385,31125,1
17114,17280,1
18551,18664,1
4702,19177,0
2526,2527,1
10272,10004,1
9749,30661,0
5498,5472,1
6720,6700,1
9576,22020,0
28852,4647,0
20570,7983,0
23911,23802,1
18549,28698,0
3467,3047,1
17599,17745,1
18070,18033,1
10016,19771,0
251,101,1
4910,4911,1
9662,16083,0
13035,10564,0
11196,11483,1
840,11514,0
6913,6923,1
15135,2699,0
22882,22722,1
14009,14262,1
29281,29162,1
12344,12461,1
4757,4570,1
2635,2710,1
12208,12099,1
12876,12815,1
4007,4710,0
25077,24790,0
5897,23474,0
28223,2866,0
18946,18829,1
24698,24570,1
10862,31241,0
20553,20552,1
6796,6513,1
2826,9520,0
28390,28259,1
17236,21044,0
30832,24810,0
3325,18933,0
28914,6339,0
23587,23984,1
9150,9461,1
1980,1882,1
804,884,1
31983,31326,0
2140,2004,1
249,372,1
29711,29803,1
20248,4814,0
3169,3475,1
31097,30475,0
23020,20948,0
31734,31502,1
15726,20600,0
4106,8501,0
4835,31505,0
24633,12653,0
23667,27597,0
1860,5340,0
9372,9015,1
24154,16570,0
25506,6008,0
23048,2943,0
22759,2450,0
15918,15993,1
18520,26557,0
2596,2984,1
17430,17480,1
10273,10154,1
15821,11721,0
24409,24245,1
1388,1143,1
2261,11106,0
20995,13265,0
28477,21727,0
16782,16870,1
5806,27660,0
3493,18616,0
19849,25382,0
322,7352,0
841,30210,0
18480,18421,1
30703,30841,1
3558,27780,0
25966,2162,0
3735,10755,0
19906,1694,0
12971,12553,1
19263,19404,1
15578,15850,1
3087,3468,1
12560,12919,1
11854,13192,0
7875,12744,0
29469,599,0
12531,29850,0
28275,10409,0
21208,29363,0
27867,27714,1
20854,18761,0
25314,7758,0
6724,27750,0
9100,4932,0
28702,28588,1
18416,31167,0
30848,30623,1
30012,25872,0
8869,8979,1
3273,12606,0
24142,22529,0
4455,11154,0
11726,29980,0
25452,25311,1
22179,22372,1
20115,20307,1
7577,27058,0
17656,11788,0
7723,25003,0
15415,29159,0
13471,13312,1
30982,26572,0
3218,3184,1
23513,23552,1
6786,6825,1
1052,28355,0
29132,29136,1
25556,20898,0
23804,29673,0
10222,10148,1
10229,19704,0
25227,25050,1
29507,28979,0
21003,22780,0
14525,1279,0
21150,11981,0
9801,9653,1
6599,5248,0
23799,7049,0
2821,28300,0
5880,5597,1
31967,31786,1
30415,6079,0
20885,2956,0
186,100,1
10527,10569,1
985,4898,0
21822,21659,1
27471,27508,0
20651,10156,0
13271,25641,0
8930,12126,0
6732,18467,0
7211,22165,0
2387,29195,0
298,11703,0
15764,15899,1
14362,5919,0
8167,5861,0
14250,14223,1
15090,19418,0
25891,25664,1
27830,27901,1
8911,20465,0
15335,15363,1
2566,24799,0
2246,2431,1
16585,9444,0
8766,8578,1
8815,8974,1
28863,23213,0
17452,17015,1
9541,23113,0
2208,2286,1
23379,14265,0
17051,17289,1
12290,400,0
16476,16390,1
28446,6983,0
8396,24073,0
2073,11979,0
13916,31850,0
12436,12023,1
20469,17776,0
6504,6947,1
24251,24206,1
1794,1871,1
27869,24549,0
29743,29909,1
21127,3332,0
23732,20095,0
30802,16302,0
25136,15517,0
19215,19461,1
27279,20261,0
24505,24507,1
24910,26190,0
22508,22840,1
18314,27958,0
29807,29854,1
4046,4017,1
30499,8850,0
31478,5650,0
4138,586,0
16054,16421,1
16563,9408,0
11875,7489,0
24910,24973,1
8279,3162,0
19963,19579,1
13828,13827,1
23858,23985,1
15294,20533,0
1071,1061,1
21321,10782,0
23242,30257,0
28368,28486,1
16075,16080,1
1596,1603,1
5005,6362,0
28923,22341,0
4481,5018,0
23689,1414,0
24435,24490,1
28067,28220,1
6924,25483,0
26504,30674,0
15849,15801,1
10926,10553,1
16704,16528,1
675,873,1
14454,30504,0
6225,16874,0
9408,13957,0
30178,30387,1
24217,7103,0
31097,3133,0
29413,29161,1
1065,2955,0
10020,10148,1
260,200,1
20335,20027,1
25247,25330,1
3984,22940,0
25754,2983,0
9625,9653,1
10898,10884,1
28503,28610,1
30665,30979,1
5674,27958,0
19654,24283,0
11676,24622,0
19201,19348,1
7771,7959,1
11141,11070,1
31824,23072,0
13493,13390,1
22732,12498,0
11646,11554,1
9012,9457,1
215,403,1
1363,27855,0
23713,9856,0
2863,2601,1
2722,2196,0
10912,10994,1
361,9692,0
27982,27834,1
9347,30657,0
17596,17829,1
11590,11517,1
9301,9130,1
10795,10931,1
12674,12577,1
26618,11744,0
25370,27068,0
31279,31255,1
17700,17697,1
21369,14935,0
7688,16117,0
16995,22529,0
13375,29404,0
9012,9023,1
31467,31484,1
2215,5514,0
11802,11579,1
23506,23746,1
23486,23183,1
25855,4323,0
25981,26885,0
14607,14525,1
27942,261,0
8661,30686,0
19281,27646,0
29557,29984,1
7015,16947,0
13371,22251,0
15139,5124,0
26284,26414,1
25204,31512,0
22186,22911,0
10707,10800,1
20190,3127,0
17923,14918,0
11897,15838,0
29904,12700,0
23897,23734,1
28040,28307,1
24923,22009,0
9718,9996,1
10413,23888,0
27272,19377,0
27634,27582,1
29111,29327,1
11702,28497,0
18131,10076,0
5914,21581,0
19454,4143,0
28004,28113,1
29710,29997,1
25781,25628,1
19056,19137,1
29377,4759,0
511,9721,0
4866,4800,1
6885,6578,1
8801,8829,1
12007,27370,0
10859,29234,0
18632,31866,0
12970,12832,1
14340,14264,1
19431,7262,0
31014,23439,0
3108,3040,1
27284,4207,0
25745,3600,0
21141,21232,1
15369,15227,1
19035,30047,0
25916,25862,1
4007,11338,0
29753,29580,1
23505,23754,1
7015,7338,1
24289,24021,1
9977,8964,0
11523,11666,1
14218,14133,1
16491,16134,1
21620,15337,0
11900,21164,0
2718,28583,0
25090,25440,1
13509,6440,0
13025,13054,1
24780,24953,1
230,24774,0
16425,16437,1
20271,18614,0
5357,5105,1
19724,19912,1
27636,27590,1
30271,30031,1
29399,17501,0
10690,27997,0
28486,28186,1
9580,9550,1
27312,507,0
5555,29988,0
14951,14767,1
6184,5376,0
22977,22715,1
5624,29100,0
5804,5693,1
5254,8169,0
6261,6392,1
17085,6476,0
30682,26805,0
763,3342,0
4879,4805,1
8282,29084,0
26846,26713,1
8747,10400,0
2558,2743,1
11803,2476,0
28750,17486,0
551,720,1
29087,17114,0
18449,28118,0
22546,9085,0
18897,23944,0
21185,21258,1
9029,9115,1
14214,17169,0
19008,800,0
15256,488,0
25277,25263,1
23929,23868,1
25492,25286,1
3010,20723,0
17400,29580,0
3646,25607,0
7072,15769,0
29317,16062,0
2051,27001,0
10943,7460,0
6555,6526,1
30561,30808,1
17091,21464,0
10574,10614,1
21947,1573,0
26374,26225,1
20067,28904,0
6572,11209,0
22566,22541,1
19639,14813,0
24168,7427,0
13282,21881,0
12359,27757,0
22030,22260,1
25678,29104,0
10763,10721,1
16003,16034,1
20223,20310,1
4122,4499,1
17357,17484,1
26940,26733,1
29021,25633,0
25148,25332,1
7351,7170,1
18371,18152,1
15619,15631,1
22515,22919,1
25772,25752,1
2466,2207,1
1063,1026,1
18902,18573,1
18347,16046,0
13828,13652,1
18504,18663,1
6269,230,0
21104,12813,0
4959,4743,1
21792,16899,0
2534,2693,1
11362,30121,0
20057,20003,1
24442,24311,1
12464,12195,1
29991,29519,1
31612,26623,0
25102,22230,0
27470,5534,0
10880,10718,1
620,527,1
24516,31685,0
4665,4643,1
20976,16229,0
9676,9512,1
16224,9215,0
2922,19298,0
12152,12362,1
8819,8998,1
14142,15239,0
6023,6314,1
13515,29286,0
20513,20802,1
13186,21800,0
20585,20983,1
25833,9376,0
28765,28586,1
9803,15910,0
1640,1944,1
8566,8820,1
27109,18305,0
27853,23788,0
23992,23703,1
7914,7569,1
18662,18807,1
22537,22901,1
2999,8995,0
9612,9936,1
14237,14317,1
28643,6443,0
16550,16797,1
31802,25472,0
31683,31912,1
20176,20336,1
20738,20726,1
12089,26396,0
25156,8846,0
5757,5828,1
14039,14397,1
30617,10075,0
20451,18595,0
26163,12341,0
23150,30532,0
27998,27948,1
13347,4610,0
10376,26244,0
24224,24341,1
11921,21897,0
4387,4381,1
2306,4854,0
25440,28793,0
7286,7020,1
8710,4512,0
22385,378,0
8891,8661,1
13352,8848,0
13627,29825,0
10263,10433,1
24594,24584,1
21154,21283,1
26554,26718,1
27023,27259,1
1627,1800,1
23835,23543,1
23166,23155,1
1354,13241,0
19980,13033,0
31606,31564,1
31755,1096,0
15195,15240,1
22145,659,0
10118,10049,1
25783,25973,1
16503,8568,0
13470,13268,1
24893,24111,0
9555,23973,0
21926,21974,1
26384,26443,1
5820,5634,1
29635,20853,0
9044,1453,0
18449,6512,0
11611,11748,1
6223,6239,1
7174,15537,0
6091,10785,0
3976,29455,0
9693,31543,0
13788,13813,1
13280,13363,1
9085,2668,0
8131,17609,0
15225,15309,1
24216,10429,0
17334,23871,0
3185,15004,0
10687,10753,1
28845,611,0
26826,30659,0
19283,5213,0
26371,26288,1
30980,30683,1
21175,21124,1
9178,9159,1
11945,20078,0
25854,19124,0
6043,6342,1
21421,24287,0
29128,16775,0
27679,27550,1
12812,12701,1
31359,31391,1
15418,10476,0
19236,19189,1
12751,14999,0
26017,26361,1
6975,6671,1
5863,19115,0
21755,11283,0
20823,20706,1
5420,3688,0
15849,1129,0
10731,2627,0
5146,26271,0
6959,6917,1
12382,22191,0
5463,5440,1
15478,15216,1
29553,29297,0
19191,19012,1
25225,25235,1
29092,29221,1
19717,19955,1
4220,6398,0
11955,25197,0
21422,17105,0
22969,14572,0
4388,4022,1
23403,23286,1
14066,14101,1
13322,13202,1
13738,13858,1
30482,30216,1
7007,19396,0
31609,21553,0
25464,25662,0
8297,28251,0
17284,7815,0
24421,30528,0
7608,7940,1
9342,9445,1
14916,14551,1
17359,17114,1
16892,9027,0
20631,3117,0
388,13015,0
20469,8700,0
7757,4075,0
5595,5650,1
27494,30225,0
14449,13237,0
12255,5452,0
18288,18033,1
23118,23499,1
14190,23231,0
8139,1252,0
13146,7015,0
20809,20628,1
29234,29259,1
13528,8290,0
15473,11565,0
14724,14920,1
8023,8129,1
3406,4048,0
26686,16487,0
2463,6491,0
30166,27435,0
29289,29380,1
20523,26666,0
16691,16891,1
3862,3853,1
27665,27998,1
30534,30997,1
31614,31770,1
20364,20377,1
13060,16448,0
21538,11801,0
24585,19140,0
30538,30772,1
2857,2988,1
18931,18702,1
31219,21226,0
6732,6667,1
8255,8446,1
18704,30752,0
29607,595,0
17269,17006,1
22802,22678,1
14517,6554,0
29800,29861,1
3966,3678,1
232,10035,0
26234,7836,0
27758,27754,1
30453,30120,1
21084,21117,1
18154,18012,1
5671,5852,1
7557,20903,0
11170,27228,0
9209,23806,0
668,817,1
3890,798,0
4520,17985,0
5232,5294,1
3938,1760,0
7258,26166,0
2579,2910,1
2556,2524,1
2825,21753,0
10496,10422,1
10067,17399,0
10034,10179,1
26741,26660,1
4192,4270,1
11367,30047,0
13199,13292,1
18882,18945,1
16791,15111,0
12436,16892,0
13342,13366,1
4504,4870,1
2660,2679,1
13696,2821,0
14029,14177,1
6363,14633,0
28809,4897,0
25629,25959,1
14996,22244,0
6566,6820,1
19215,18494,0
27476,27080,1
17019,18123,0
5922,16126,0
6488,5376,0
1980,18345,0
31208,26320,0
25706,25618,1
26341,26276,1
12504,26957,0
7251,5904,0
25071,26763,0
6493,6435,1
10741,10725,1
6476,6335,1
20928,20635,1
19772,25748,0
24312,6770,0
15166,614,0
11037,11292,1
17441,17207,1
21232,21276,1
19587,19904,1
10829,10866,1
27192,27099,1
12848,8981,0
6170,6096,1
3410,3329,1
29888,23051,0
2572,10518,0
5112,25494,0
27621,27659,1
16011,26956,0
23725,12372,0
19821,19819,1
31307,31228,1
1429,16485,0
496,161,1
11130,11240,1
23580,6328,0
1484,1038,1
4511,4516,1
25336,25150,1
11735,8895,0
19957,16021,0
11095,11172,1
7546,7558,1
22105,26024,0
1984,1738,1
24568,24788,1
21824,25887,0
19933,26360,0
28071,28241,1
4243,4229,1
20168,24063,0
13657,13756,1
23783,23978,1
1490,1097,1
7903,28938,0
10338,25847,0
7388,7106,1
9025,12679,0
1233,24364,0
6639,12590,0
17989,17561,1
17304,17336,1
30451,15920,0
6162,15174,0
10252,641,0
22543,12452,0
21423,869,0
10483,21958,0
30223,30198,1
11460,11080,1
8667,8976,1
27620,26981,0
29685,29550,1
30257,25538,0
8373,1747,0
25797,28676,0
21001,21049,1
22928,13997,0
25203,6986,0
1228,1023,1
12928,12529,1
31994,27870,0
31720,7767,0
22958,12316,0
25201,8775,0
31656,9595,0
17931,17806,1
20945,20596,1
4763,27655,0
15610,4330,0
11291,21227,0
1844,6422,0
14061,19459,0
19346,19201,1
27653,13265,0
19428,19237,1
9357,13944,0
573,892,1
9591,9719,1
19135,25461,0
28517,11193,0
4949,629,0
29446,29447,1
30854,30895,1
11221,19824,0
5044,11212,0
17528,27037,0
23145,202,0
7578,7746,1
231,23979,0
2892,30342,0
26688,1839,0
6169,28989,0
25982,8448,0
27764,27956,1
3420,3170,1
23233,23215,1
19482,19187,1
30812,27666,0
30802,30890,1
16301,16171,1
14365,14384,1
28455,28412,1
9751,9575,1
30497,30068,1
17034,4255,0
28739,19993,0
1978,1759,1
25409,14492,0
4547,16378,0
25411,25154,1
6887,6712,1
15147,24288,0
27045,4628,0
24699,10205,0
10265,10194,1
21987,21789,1
10283,10044,1
1183,1451,1
2037,9283,0
30950,13610,0
21857,31291,0
14671,29299,0
15921,4130,0
27832,29023,0
5616,20313,0
28624,28884,1
9645,9506,1
20333,1533,0
5250,5193,1
16019,1206,0
14769,9606,0
23572,22078,0
5246,28548,0
11790,11977,1
23799,23828,1
24587,1297,0
2294,2136,1
23230,23303,1
26304,26476,1
28565,3669,0
23121,23191,1
29593,29525,1
123,287,1
29399,16146,0
1466,1258,1
1071,3161,0
28305,1782,0
24837,24990,1
29670,29939,1
5627,5580,1
4855,20459,0
25693,25788,1
18231,18014,1
27626,26918,0
26136,26421,1
16214,23366,0
12085,15176,0
17376,29549,0
22179,6068,0
21090,8606,0
24775,13499,0
8426,8101,1
11557,18971,0
20248,20112,1
2663,2722,1
2091,14930,0
9049,9188,1
28716,28656,1
17353,9155,0
25911,25615,1
18165,14401,0
26239,26225,1
19341,19005,1
5673,5719,1
4270,8864,0
24456,24112,1
25410,16890,0
8620,8502,1
1054,27384,0
11779,20450,0
8505,21368,0
6569,6650,1
18065,20396,0
24194,24313,1
8488,8476,1
12120,12353,1
4261,2037,0
13359,2877,0
14377,19383,0
15624,15744,1
28165,11171,0
9955,9811,1
15258,15291,1
15891,15784,1
5318,31923,0
22094,17415,0
27774,13988,0
14546,14862,1
21556,21696,1
5189,19508,0
14089,16095,0
21383,23758,0
14303,16969,0
11301,7372,0
31168,2165,0
18459,18038,1
12483,777,0
14838,14981,1
14858,10624,0
17026,2886,0
28401,24948,0
21425,30496,0
16812,16507,1
3161,3358,1
30042,30032,1
8019,8125,1
11575,11903,1
5513,22747,0
17393,17313,1
25210,7612,0
20558,20700,1
12887,12604,1
872,564,1
16549,16853,1
17667,10068,0
9952,14529,0
5383,23320,0
24710,10090,0
7773,30325,0
29798,29527,1
28142,3482,0
16780,16747,1
10240,10475,1
9028,9136,1
7567,7562,1
5328,5324,1
14949,61,0
9689,23290,0
4965,16910,0
12576,12683,1
16235,16130,1
6192,18364,0
26764,26546,1
31552,31864,1
21218,11739,0
30103,11136,0
9328,10918,0
25891,10764,0
17835,9030,0
28489,18926,0
10734,4912,0
17113,15860,0
25042,10806,0
2046,2492,1
28723,28879,1
28667,28893,1
2571,2836,1
25568,25870,1
25865,15726,0
19874,19514,1
9317,9406,1
10102,10460,1
12520,12670,1
2698,2504,1
2410,28327,0
26440,26286,1
6429,6365,1
9987,9518,1
7122,2417,0
26655,26513,1
1472,1285,1
21420,21022,1
28482,8740,0
31595,31572,1
8460,14799,0
5425,6962,0
26892,26819,1
3913,3555,1
12607,22741,0
24710,24513,1
31574,31634,1
27694,27978,1
25163,27430,0
20257,8450,0
621,775,1
31021,31080,1
18582,18534,1
4331,4043,1
30973,30760,1
7423,16613,0
20750,2890,0
1810,17959,0
5477,11425,0
12133,2683,0
4090,3206,0
9987,24275,0
9075,21691,0
13105,23042,0
16311,16373,1
12899,16571,0
4359,6592,0
12915,12862,1
6782,6788,1
31306,11631,0
928,639,1
13546,13975,1
28939,28960,1
27673,29850,0
22555,26782,0
179,61,1
13688,5766,0
5537,31413,0
28332,28473,1
2772,31443,0
20905,20747,1
19958,19501,1
7354,7123,1
10353,10160,1
19574,23099,0
14461,14298,1
3692,22509,0
23595,19165,0
28424,28115,1
13132,13111,1
10705,10751,1
31826,6108,0
4582,8951,0
8259,23932,0
28124,28476,1
27580,27732,1
16516,9035,0
6530,6814,1
27294,29315,0
10119,9669,0
5410,2636,0
369,31403,0
3259,3251,1
30746,13460,0
3068,3176,1
10384,20482,0
4336,2948,0
14368,8405,0
25604,31911,0
31045,31121,1
22375,22473,1
26053,26254,1
27225,27409,1
16520,16626,1
14958,14512,1
31622,28589,0
27063,29229,0
905,27862,0
28301,28006,1
19444,19030,1
9980,9858,1
17898,28413,0
18402,18439,1
9899,8192,0
933,555,1
23814,7226,0
15813,64,0
2694,17238,0
23049,23273,1
21524,21916,1
8155,8290,1
29876,29808,1
5110,4984,0
14341,1200,0
30330,633,0
11532,14102,0
29504,28899,0
22586,22571,1
27176,25442,0
5348,30755,0
6432,31223,0
6971,6827,1
26040,29851,0
28776,13056,0
26908,11572,0
5416,22120,0
20110,20232,1
24242,24302,1
15557,15909,1
5775,20841,0
14837,14591,1
1157,1090,1
19109,18222,0
4251,4475,1
31312,31025,1
20932,12610,0
4906,26886,0
26892,26832,1
30207,30168,1
21278,21164,1
8126,5545,0
10833,10650,1
29607,4968,0
4499,4381,1
28682,5623,0
1395,1115,1
7369,7086,1
5524,2829,0
15107,15415,1
21598,18713,0
10505,10551,1
22588,31329,0
28778,28703,1
5263,11301,0
17745,12965,0
27975,24797,0
16521,16840,1
245,475,1
277,16839,0
20337,21691,0
29723,23986,0
16426,16295,1
24231,24358,1
22987,22542,1
13539,13604,1
28902,28714,1
1856,1994,1
9969,7427,0
31315,31214,1
385,26333,0
21507,21701,1
11166,14871,0
25350,25270,1
4869,2976,0
19937,19921,1
6473,6441,1
21541,21711,1
967,7368,0
16881,16721,1
29760,29524,1
18578,13488,0
2787,27457,0
30427,28508,0
25962,25662,1
25501,14485,0
17943,17835,1
29750,14075,0
9522,9645,1
31111,31016,1
24495,24135,1
9764,9158,0
22972,17042,0
20453,20158,1
8851,7195,0
26157,11343,0
23680,15721,0
5830,5843,1
18485,2258,0
20234,26693,0
15352,5471,0
27963,28619,0
11795,11755,1
30311,15528,0
24254,13872,0
21788,20563,0
27696,4534,0
5011,24511,0
17446,17409,1
15442,15227,1
7583,7887,1
7740,321,0
16920,16813,1
2881,2979,1
16371,16009,1
27145,20023,0
23003,23031,1
21566,21637,1
436,12991,0
30838,30816,1
15709,15599,1
13907,13997,1
18579,15743,0
14491,22819,0
19468,19494,1
17771,17700,1
14132,14059,1
17423,8098,0
10905,10592,1
30384,30063,1
31528,8930,0
10929,10509,1
6853,6209,0
22256,22193,1
23061,23356,1
225,11813,0
5350,3451,0
21031,2694,0
19794,19846,1
363,380,1
12450,22071,0
21377,21045,1
3526,3827,1
13246,13332,1
22056,22082,1
1031,1299,1
27208,27362,1
27875,17972,0
9994,9812,1
28794,22486,0
2305,2089,1
12876,12833,1
21225,18266,0
17699,3118,0
2339,27812,0
20859,11354,0
13952,13,0
25718,25851,1
21305,31267,0
22219,22169,1
1185,1158,1
6412,6351,1
9633,24396,0
9088,1857,0
7302,10972,0
21165,21182,1
523,21264,0
9504,19165,0
13732,13667,1
27063,27185,1
10737,10977,1
17570,17688,1
16241,16317,1
9443,9445,1
27681,27967,1
6164,6458,1
6091,27834,0
23027,8655,0
18546,18701,1
17420,17001,1
16205,30969,0
16351,10896,0
7430,7097,1
27280,19561,0
29576,23691,0
12747,23030,0
12506,1318,0
30824,15046,0
17922,23175,0
23837,5935,0
9422,8923,0
16105,17517,0
14998,6345,0
3753,21689,0
17151,30750,0
24038,24045,1
26826,26901,1
13142,1434,0
11845,16643,0
9572,5275,0
14241,31872,0
12443,12477,1
28291,11345,0
2527,2546,1
5162,5035,1
14350,14127,1
29398,21945,0
2702,2622,1
18688,18996,1
17407,17203,1
29419,29462,1
9647,9981,1
8698,8530,1
11298,18973,0
9553,24311,0
14334,14246,1
3497,3176,1
26285,25198,0
7971,7634,1
23797,2839,0
12711,6480,0
18328,512,0
21288,21433,1
13599,13686,1
3913,5199,0
8654,12539,0
6648,6692,1
11597,11924,1
16867,5685,0
19207,19468,1
14951,14794,1
30052,30350,1
23548,23586,1
29461,29148,1
12430,19061,0
13141,22122,0
24534,15173,0
21525,21720,1
24768,7791,0
22534,22554,1
13326,13200,1
9824,31355,0
7044,7371,1
20508,26001,0
2315,3335,0
5606,22647,0
4206,8675,0
11327,30920,0
14086,19656,0
6312,6275,1
12064,12301,1
21677,15773,0
15142,15470,1
24774,10961,0
24329,16236,0
21463,21200,1
14548,9929,0
6965,6921,1
13671,15916,0
29379,16140,0
10436,14831,0
16583,16516,1
20139,20123,1
16970,16772,1
21869,21740,1
22666,25646,0
19402,19124,1
4315,4174,1
27332,10880,0
19642,19525,1
1785,13242,0
25987,4432,0
9967,9793,1
17301,26468,0
8063,8198,1
23870,23591,1
5166,3106,0
31290,31049,1
23945,23998,1
15559,15622,1
7696,2969,0
10362,10169,1
6843,4044,0
22644,9610,0
29214,29087,1
21825,29800,0
28970,28843,1
27884,27913,1
17772,17800,1
11518,14083,0
27490,27347,1
23365,9969,0
14510,14976,1
17774,460,0
24014,24369,1
8086,28382,0
11264,3292,0
31250,22974,0
29566,4907,0
7486,15869,0
19504,19682,1
29684,19766,0
1176,1125,1
9737,9871,1
9102,9452,1
4581,15889,0
26728,7488,0
11630,11502,1
1009,23992,0
20816,23018,0
12538,12803,1
20498,20098,1
13821,13883,1
4950,5864,0
8977,8942,1
12783,22958,0
20373,9744,0
25916,25889,1
26425,26060,1
11405,24922,0
22113,26613,0
5346,11154,0
6285,6347,1
14071,12628,0
23185,23196,1
29439,29292,1
24706,29536,0
3530,10105,0
6416,2886,0
10285,9706,0
4680,5277,0
19926,3999,0
30447,30000,1
229,30993,0
28654,28643,1
26734,26973,1
5547,5807,1
3235,3087,1
17437,17211,1
22163,23616,0
13343,23597,0
23490,16182,0
1205,1338,1
16331,1538,0
28095,14405,0
2262,2078,1
3245,18107,0
19663,19909,1
897,9139,0
27987,27772,1
16724,16517,1
24212,24211,1
5759,14288,0
24846,24959,1
9046,30509,0
17550,24230,0
26915,26669,1
12466,12425,1
387,319,1
18761,18737,1
6195,6028,1
300,158,1
23590,23783,1
3775,20252,0
18372,18364,1
8042,4846,0
8084,9314,0
23075,24174,0
6712,8874,0
27288,27201,1
5664,27516,0
29865,29586,1
6636,6935,1
10081,10476,1
1312,1485,1
24398,10118,0
22743,22984,1
10828,10873,1
25958,22226,0
27783,27981,1
21281,21069,1
20195,20445,1
5767,31973,0
23739,23510,1
29069,10806,0
12841,4272,0
30953,8251,0
20435,20207,1
8676,8509,1
5614,3037,0
20038,22262,0
22678,22652,1
5280,27522,0
30380,18786,0
2356,23958,0
31392,11141,0
13520,10092,0
12269,21553,0
27280,11776,0
9358,9206,1
23982,20987,0
6912,6761,1
15599,27583,0
21707,2689,0
23966,23668,1
1526,7668,0
28486,21784,0
28606,27132,0
2902,9606,0
15043,15133,1
28979,15589,0
6811,21450,0
25838,25663,1
31265,31134,1
772,27164,0
30742,19431,0
822,22656,0
2177,2036,1
27050,116,0
764,549,1
411,46,1
2230,2134,1
28761,28736,1
8112,4327,0
5557,5994,1
3441,19612,0
18565,18755,1
8602,7738,0
923,643,1
25633,25855,1
27555,27549,1
25952,25989,1
24579,17869,0
25493,25472,1
26058,26240,1
29560,29682,1
18788,5423,0
16644,16552,1
2874,8341,0
26193,173,0
22556,22940,1
26310,4647,0
11110,11275,1
16917,16749,1
23434,23342,1
29738,29921,1
12475,12568,0
24449,24431,1
12060,12443,1
661,25679,0
11280,11485,1
4486,4355,1
24811,24891,1
2660,2694,1
8829,8996,1
11021,11031,1
16901,28766,0
25190,26440,0
14443,14039,1
154,395,1
15052,22856,0
29251,29216,1
18052,18158,1
15884,15866,1
14332,14179,1
9742,9708,1
21016,16261,0
24536,11233,0
5414,25032,0
18810,18599,1
24795,24859,1
23086,27343,0
15204,15248,1
8987,8528,1
31514,14525,0
13735,10431,0
8387,21866,0
24948,24741,1
7629,7746,1
15125,13292,0
15213,15000,1
741,834,1
16069,6831,0
5668,20855,0
11456,2943,0
28017,28296,1
24092,31982,0
15473,15199,1
15569,23306,0
6568,6536,1
22765,25112,0
29154,6921,0
19809,19894,1
24154,28660,0
16333,786,0
21299,27212,0
11217,24592,0
29204,11396,0
11388,11248,1
546,26781,0
24230,24465,1
18522,14105,0
23658,27328,0
17849,24774,0
15201,14226,0
1772,23740,0
5864,25323,0
30795,30952,1
6298,6323,1
12324,31847,0
16568,12581,0
5337,25699,0
28636,28661,1
12936,12522,1
1294,1019,1
14994,14891,1
17485,17133,1
20439,20117,1
26644,26687,1
30199,30482,1
25752,25904,1
12767,12926,1
27340,5510,0
14688,14699,1
31465,24912,0
26596,28553,0
22931,22733,1
17072,29010,0
20231,20345,1
17318,17260,1
2982,22522,0
22707,22529,1
16508,16769,1
31295,20015,0
22197,22079,1
22532,16666,0
23620,31244,0
31163,8283,0
25690,31882,0
21418,21310,1
828,25241,0
31710,31951,1
8544,8873,1
18743,12240,0
23930,16706,0
1285,1242,1
18165,14653,0
27342,23607,0
19879,19672,1
30446,2355,0
29740,29618,1
1166,19175,0
28322,5710,0
4494,19629,0
19400,19395,1
19221,19375,1
7500,26165,0
26812,26848,1
20284,29462,0
6235,4871,0
550,968,1
15745,30452,0
30410,26109,0
14652,14566,1
6133,9154,0
15296,15050,1
12875,12895,1
14337,14444,1
6070,20113,0
20740,20773,1
10785,10770,1
4315,4229,1
23887,23797,1
11564,18219,0
12090,5643,0
6589,6830,1
27979,11718,0
22778,22719,1
22585,25907,0
19677,5533,0
11015,11435,1
30401,3821,0
16927,12391,0
10008,23246,0
30945,30985,1
5453,5019,1
10581,28687,0
20404,13917,0
16409,21201,0
22629,27577,0
23618,11547,0
12397,3930,0
29389,11217,0
6640,6929,1
30572,23615,0
23477,13368,0
11750,26427,0
21006,6494,0
5218,5380,1
16409,16129,1
23296,23414,1
16444,16374,1
19654,19574,1
12852,12965,1
10101,10274,1
3839,3582,1
23390,23413,1
18637,18810,1
7331,360,0
4738,4877,1
22983,13718,0
14097,23566,0
24441,24481,1
3677,3503,1
28021,25635,0
13112,13356,1
23976,7294,0
5216,5128,1
2753,2612,1
10987,11893,0
27272,22567,0
21107,7925,0
18839,18821,1
27305,27032,1
30028,30450,1
26314,11351,0
6564,6749,1
11199,11027,1
10928,19253,0
30808,30925,1
14538,14973,1
8249,5141,0
28179,29293,0
7849,7935,1
18902,18649,1
19335,17882,0
16181,16130,1
22340,22187,1
30962,4879,0
19014,19381,1
22014,29589,0
26992,31121,0
2558,24589,0
7953,10391,0
20773,20977,1
19752,5202,0
26893,8782,0
8946,5912,0
7363,7380,1
25673,16814,0
16972,27871,0
27409,27167,1
7033,7215,1
8692,22061,0
14258,9758,0
5097,5231,1
9693,9571,1
14569,14839,1
5387,16278,0
17089,17381,1
30517,30633,1
1749,1862,1
7418,8100,0
11195,19391,0
11774,11635,1
2602,25901,0
21778,21855,1
5226,5138,1
18303,15662,0
22474,7142,0
17660,11790,0
3463,3276,1
7732,7744,1
5255,5172,1
29562,29636,1
9553,5509,0
22167,22345,1
13547,30839,0
7271,7167,1
15030,11331,0
12773,12811,1
8965,16890,0
15881,1383,0
252,132,1
22949,17686,0
24396,24218,1
25392,6591,0
909,844,1
8661,8546,1
23774,18525,0
13506,26005,0
30570,1784,0
15162,13359,0
30631,30963,1
8272,8367,1
7071,7023,1
25734,25851,1
26925,26930,1
1375,8143,0
21306,26538,0
31629,23230,0
1421,1304,1
6408,6427,1
12432,12661,0
3637,20951,0
22543,31659,0
18665,25835,0
22281,22163,1
25154,25205,1
3161,3146,1
919,5967,0
1955,1949,1
1737,1625,1
11900,16068,0
29661,29563,1
16031,16493,1
24920,12332,0
31444,21576,0
29148,29361,1
14424,14014,1
19073,9768,0
16064,16175,1
6737,10980,0
27452,27053,1
9411,11495,0
31821,9709,0
17163,22713,0
30699,30537,1
2165,2359,1
21186,18280,0
11259,26791,0
20972,11973,0
24807,24764,1
28982,28862,1
11605,6613,0
20377,20251,1
15565,9568,0
27930,27845,1
3456,3425,1
8359,8443,1
10651,10889,1
3575,19136,0
6523,6680,1
20189,20495,1
7393,16518,0
22789,20029,0
22067,22363,1
29029,29325,1
15330,15248,1
1201,1284,1
20811,9161,0
6185,6058,1
8961,8659,1
10688,10896,1
7851,18681,0
29893,29875,1
20932,20806,1
5140,5139,1
4679,5952,0
26551,3876,0
13002,3681,0
591,688,1
10697,13587,0
30593,2186,0
10011,16459,0
5262,10418,0
652,633,1
1623,1648,1
28643,6404,0
7965,7994,1
15190,15250,1
15638,15899,1
24384,18039,0
14713,10236,0
9755,18646,0
16585,16870,1
21271,21016,1
19345,19264,1
12650,12838,1
11549,27154,0
19075,21335,0
31403,31175,1
6537,6675,1
27837,27817,1
23686,23937,1
22732,29840,0
5482,5462,1
22435,22479,1
28851,20289,0
16875,16655,1
2312,23156,0
2469,15183,0
10470,10442,1
25502,252,0
4840,17826,0
15887,15990,1
126,26284,0
12811,22879,0
26701,10439,0
1048,1242,1
10573,7225,0
8189,8289,1
14636,3972,0
17268,3855,0
1568,11428,0
25964,29088,0
311,26026,0
811,890,1
23038,30871,0
6125,28678,0
23392,23189,1
23005,23037,1
2931,2731,1
7621,3897,0
990,18155,0
19556,11825,0
14293,27396,0
2718,2796,1
28379,227,0
4327,17270,0
20626,20527,1
5019,5470,1
15609,15844,1
29646,12935,0
25589,2199,0
27438,27422,1
21237,26489,0
23944,23931,1
31240,13548,0
23483,23015,1
27391,4418,0
31749,31792,1
25781,5495,0
2682,16774,0
4130,27777,0
24031,24479,1
22659,22929,1
6722,6773,1
31495,31466,1
13739,13919,1
27129,1948,0
20296,20363,1
13622,13894,1
252,10847,0
17669,17992,1
27756,27721,1
6576,6891,1
25850,31207,0
27172,16932,0
9421,9035,1
26321,26096,1
21704,1665,0
11702,11728,1
14617,14911,1
26363,26099,1
17209,19804,0
9577,11864,0
21077,1003,0
11238,30795,0
4699,31733,0
12743,12745,1
26026,26333,1
12188,14199,0
5851,20243,0
12228,12087,1
10185,10049,1
10609,18416,0
19642,16796,0
1316,30338,0
19419,11522,0
29980,29562,1
1955,1938,1
7602,15989,0
3197,3184,1
28324,28366,1
13939,13979,1
15953,13549,0
20502,4533,0
1167,1370,1
17060,17215,1
24122,24365,1
10262,16112,0
26895,26662,1
5882,5528,1
19309,19461,1
5260,16573,0
7345,5277,0
14260,21110,0
30724,9261,0
9859,9700,1
7294,7001,1
21448,28541,0
24597,24971,1
28930,17825,0
21127,8920,0
10040,27912,0
23727,13418,0
13372,13111,1
29115,29057,1
15039,15040,1
15185,20295,0
241,2,1
4750,30067,0
6575,6736,1
3074,3422,1
27812,5602,0
23443,5956,0
6507,6828,1
9610,9748,1
15941,4781,0
8068,8135,1
2431,15024,0
11526,15478,0
20505,21685,0
30205,12038,0
7322,19042,0
3118,17411,0
24169,24184,1
7405,7493,1
13010,22349,0
10948,24549,0
16162,16119,1
30109,27969,0
20002,29796,0
5191,5491,1
25954,29890,0
18590,18766,1
14663,14870,1
23817,24747,0
9425,9223,1
11943,11827,1
30423,8033,0
4926,8305,0
14102,14297,1
16019,16411,1
31066,8950,0
16351,16307,1
13662,12747,0
19200,19313,1
31765,31721,1
21871,21691,1
6693,6517,1
10364,10274,1
13986,13806,1
21132,21394,1
31457,31420,1
5203,11490,0
3474,3195,1
29866,29563,1
4540,4582,1
16818,7387,0
9354,20772,0
14532,30356,0
31964,31975,1
31271,23362,0
24500,26471,0
17682,22042,0
23296,23278,1
34,31937,0
21046,28825,0
25086,25284,1
7567,7930,1
31044,8815,0
9323,13126,0
15737,2878,0
15867,27674,0
12812,12838,1
8356,7961,0
30435,8673,0
24286,15085,0
19125,16498,0
14157,25524,0
14703,14578,1
8068,8348,1
6656,26988,0
13507,13787,1
12727,25186,0
14381,14325,1
21709,21640,1
28414,28065,1
6086,6176,1
15313,23211,0
16924,19785,0
12062,25913,0
2673,12306,0
26124,25848,0
1723,26652,0
19357,19123,1
19065,19152,1
5032,5106,1
19239,8950,0
21795,21906,1
3750,25809,0
26614,29498,0
16645,26481,0
28577,28608,1
3702,3593,1
29296,4953,0
11414,11073,1
9029,9105,1
10834,12525,0
20083,20201,1
7188,11714,0
24794,24828,1
26130,26245,1
13110,13493,1
24624,24996,1
2742,9762,0
16398,16392,1
4043,24686,0
20231,20244,1
23564,12780,0
14256,14270,1
7623,7505,1
24544,24779,1
21487,21399,1
23296,23196,1
20691,20789,1
17089,17046,1
4725,21555,0
10388,11226,0
23605,23620,1
13918,13714,1
24107,6934,0
26399,16838,0
26418,5519,0
27154,21711,0
10624,10739,1
14405,6941,0
7944,7688,1
26201,23326,0
15372,20412,0
10776,10872,1
12743,25952,0
18312,18338,1
28689,28713,1
23181,18331,0
6917,6667,1
14611,14516,1
26633,18100,0
2232,2045,1
28818,28819,1
12142,13194,0
21433,22209,0
1461,13950,0
31247,29809,0
17480,4172,0
23585,23818,1
23702,23726,1
25222,25493,1
3290,8321,0
22906,30720,0
2076,2183,1
31079,126,0
30240,6746,0
24707,3136,0
13460,19549,0
4118,4446,1
16396,7728,0
15205,12693,0
15345,15136,1
24715,9666,0
2615,29161,0
22476,22013,1
25265,25168,1
16642,16664,1
7331,25744,0
18786,18879,1
9890,12566,0
19716,26011,0
30598,30998,1
5144,26994,0
18011,18249,1
13053,30156,0
7014,2973,0
7574,10083,0
7271,7261,1
20292,20172,1
6258,6175,1
21131,21453,1
28228,28375,1
7688,7789,1
15864,11350,0
4205,4251,1
31772,2769,0
4242,17053,0
24652,24581,1
23434,23398,1
22182,24462,0
17340,21355,0
17562,11120,0
29027,21516,0
30549,30915,1
5464,5183,1
26307,26476,1
6598,10637,0
13029,13226,1
1832,1518,1
30146,30274,1
28244,28473,1
6405,25473,0
31415,29225,0
27614,21537,0
18828,18989,1
12770,30440,0
14746,14828,1
2405,11262,0
3178,3378,1
19813,19527,1
22065,22449,1
9487,9082,1
14031,31820,0
16507,16619,1
25265,25333,1
10089,10423,1
17598,17934,1
5800,9838,0
16233,16294,1
25469,25189,1
30270,18389,0
12869,12592,1
25015,24460,0
20230,3925,0
23779,15152,0
10322,10327,1
446,177,1
2067,2054,1
14153,4283,0
22206,22343,1
19915,15663,0
15927,15818,1
4956,4841,1
5824,26484,0
9805,9757,1
28147,28083,1
593,782,1
14897,7370,0
11533,13019,0
27624,2602,0
7935,15765,0
28692,21051,0
29100,29278,1
19596,27005,0
25099,17077,0
24409,24300,1
11844,29639,0
16511,18530,0
29124,12783,0
24296,15934,0
385,36,1
6046,27561,0
5726,5580,1
11260,11189,1
24385,24039,1
15251,16994,0
31818,28612,0
26614,7889,0
14125,16949,0
6864,6933,1
17428,5642,0
3978,3957,1
25111,23740,0
29770,29628,1
2813,29555,0
10409,10370,1
10410,10299,1
20284,20274,1
11362,17633,0
17944,17748,1
18970,18918,1
204,329,1
8679,8949,1
21179,21286,1
5959,23078,0
23177,23401,1
4329,4175,1
2077,2271,1
14252,11060,0
11137,11067,1
7781,7864,1
9110,3245,0
29799,19201,0
4307,27452,0
31939,17933,0
6334,6209,1
4747,21490,0
9648,9603,1
13268,4033,0
8335,15707,0
11512,349,0
13919,13510,1
18949,14905,0
6734,2823,0
5783,10560,0
7436,7238,1
14853,14567,1
30286,30387,1
12146,12182,1
6421,20124,0
10561,6945,0
25611,25508,1
21900,20387,0
30144,30012,1
14513,1636,0
15956,15924,1
18783,22414,0
15542,15670,1
4963,4729,1
26439,31391,0
14815,22714,0
21481,27860,0
3641,7992,0
29775,29715,1
21608,21690,1
12467,12285,1
19269,19246,1
9938,9819,1
2532,28116,0
16407,9424,0
24653,24923,1
26246,13588,0
2730,2965,1
31838,31554,1
12923,12820,1
16670,9377,0
13103,13194,1
4958,16985,0
16448,16281,1
21314,21160,1
528,6587,0
31620,31960,1
17669,3555,0
19648,1359,0
27659,25092,0
31349,7326,0
30639,30806,1
10859,10924,1
17768,30040,0
15046,15069,1
29548,29993,1
21384,21297,1
9670,9541,1
13411,13314,1
19101,5996,0
14416,8283,0
8604,18551,0
25367,30283,0
23558,23908,1
6365,6373,1
15850,15790,1
9751,9758,1
3997,3792,1
12141,25196,0
25818,30972,0
28034,3422,0
15,19055,0
4455,4499,1
25331,25061,1
24641,24628,1
26188,12817,0
18626,18701,1
10086,20930,0
25145,25274,1
18483,9799,0
1665,1605,1
11162,11409,1
10591,10761,1
1448,1106,1
4746,16016,0
23922,23797,1
6960,6962,1
24918,20746,0
2290,2464,1
1385,27662,0
27533,23744,0
30124,30401,1
31616,31720,1
21554,24034,0
5958,8653,0
31779,31962,1
26913,26771,1
9097,25649,0
26368,27056,0
940,22791,0
30549,10786,0
16395,16493,1
20809,14382,0
14318,209,0
13281,12894,0
12887,11387,0
6865,6855,1
30110,30389,1
12261,22327,0
29958,25165,0
16629,16771,1
5220,5051,1
2905,21542,0
12168,9385,0
20977,20678,1
1377,1317,1
11521,11720,1
10452,14971,0
28161,11982,0
28924,28716,1
26856,25591,0
1221,1070,1
5667,5674,1
6471,20772,0
11,296,1
14275,24237,0
23814,23870,1
14603,14575,1
22013,17030,0
27484,2244,0
22435,22304,1
12966,12502,1
19611,21903,0
8679,14040,0
12574,12909,1
672,1465,0
11562,31709,0
27106,12341,0
21296,4988,0
16662,26407,0
28043,28413,1
1752,22564,0
12038,7393,0
27556,27902,1
26140,15740,0
16287,16139,1
17209,12280,0
2766,29225,0
22015,14000,0
1542,1665,1
8094,8340,1
21845,21922,1
15792,15766,1
30550,17044,0
3404,9440,0
31150,23601,0
1994,1982,1
7913,7978,1
8111,8457,1
10166,10370,1
10971,18394,0
14936,14517,1
30988,30794,1
3999,3682,1
19861,6398,0
3876,3721,1
27402,27143,1
21957,21544,1
10930,24785,0
10751,10658,1
15139,15217,1
20909,20643,1
11734,11527,1
16855,16784,1
555,24137,0
24929,10476,0
2620,2856,1
31391,31322,1
17988,17768,1
9246,9052,1
27014,27004,1
4996,4779,1
1683,5517,0
31828,26800,0
13111,13411,1
25959,29056,0
31727,31608,1
14273,20753,0
14265,14413,1
31845,31777,1
12716,1730,0
17936,17599,1
14294,14361,1
543,16359,0
31744,31730,1
2471,2416,1
31633,6503,0
30458,6932,0
795,840,1
28686,28622,1
29688,25774,0
20591,8813,0
852,665,1
25516,25526,1
22907,6117,0
28552,28672,1
6016,8438,0
11439,4660,0
20185,18597,0
8678,16442,0
20104,474,0
10348,10137,1
15660,15720,1
1742,27981,0
9430,25605,0
22925,6615,0
15125,11067,0
19616,22019,0
7994,23716,0
3732,3565,1
9632,20706,0
12243,12418,1
17395,3567,0
29459,16546,0
9177,12609,0
754,16042,0
26668,12406,0
15202,15111,1
9840,9502,1
11116,11059,1
21434,9852,0
22666,22773,1
1042,8539,0
5096,5130,1
16489,12985,0
16673,29597,0
31631,12421,0
17804,8809,0
24482,14714,0
8859,8505,1
15070,9431,0
1414,1071,1
2497,2110,1
2853,5206,0
26122,26082,1
18574,18728,1
8514,8962,1
14766,14810,1
30441,30197,1
15368,7477,0
17008,17314,1
8281,8018,1
24503,5455,0
4246,16964,0
4058,4364,1
15974,986,0
25672,16221,0
24766,31176,0
8470,8312,1
29868,29544,1
1869,1525,1
7020,22294,0
8740,18972,0
27636,26248,0
8747,13899,0
3413,3411,1
21426,9333,0
17210,17474,1
18711,25138,0
27453,27380,1
6869,6881,1
28756,23842,0
5826,5931,1
8782,8859,1
9503,20351,0
3280,3204,1
25080,14799,0
9993,29795,0
3273,3109,1
11153,11334,1
27584,31708,0
3076,3178,1
9115,9337,1
29563,20378,0
6259,6303,1
25719,584,0
31854,31829,1
27034,27033,1
15633,15914,1
19332,19209,1
26694,14791,0
4290,4113,1
11295,11418,1
10848,10732,1
1916,1797,1
20695,20968,1
14847,9008,0
28018,22339,0
16223,16217,1
23145,23107,1
30796,30859,1
31928,31859,1
13573,13554,1
24539,9973,0
9958,9942,1
1865,23809,0
23763,23911,1
18171,68,0
2701,4366,0
7185,186,0
687,24339,0
22864,22830,1
15836,15745,1
20721,20932,1
28438,28140,1
18838,18874,1
27536,10936,0
10464,10273,1
9560,21589,0
14057,14942,0
27734,27696,1
11000,11147,1
839,761,1
26921,26750,1
16240,16052,1
6820,4449,0
5947,6551,0
22654,18466,0
28824,18022,0
6456,6113,1
31288,19246,0
24371,15092,0
16979,446,0
7592,7941,1
27413,5913,0
31283,31005,1
9737,9672,1
13402,13314,1
11251,11019,1
8310,8134,1
27801,10645,0
23326,23293,1
18702,12701,0
2630,2668,1
21524,939,0
10722,10531,1
16667,16690,1
7900,7854,1
15189,15414,1
28649,30076,0
635,16355,0
22228,22123,1
11581,11908,1
10461,10450,1
12847,15218,0
13489,13351,1
858,926,1
12100,28223,0
15275,15165,1
21490,21499,1
18122,8333,0
1404,1086,1
26,338,1
20802,5038,0
13353,1526,0
24697,24816,1
6399,6475,1
4831,4508,1
21845,21807,1
14264,14140,1
261,339,1
9103,9097,1
27873,27988,1
16903,16668,1
7194,7278,1
19104,6040,0
23884,23634,1
22714,22721,1
19470,19482,1
22175,9435,0
17574,17546,1
30451,13124,0
11854,23256,0
19670,19872,1
10087,10638,0
16104,22072,0
506,31735,0
17736,17831,1
24933,24835,1
19194,29594,0
31456,17834,0
28250,28085,1
17182,28292,0
7485,7344,1
16039,14173,0
24140,24156,1
29562,26559,0
12060,12271,1
27564,27924,1
28123,4855,0
29692,3556,0
24361,24146,1
15282,15164,1
30455,30009,1
30368,30221,1
15210,15130,1
16042,16236,1
20347,20382,1
13166,11044,0
8234,19082,0
18658,18695,1
15907,15747,1
7634,9824,0
9423,3005,0
3945,4440,0
24430,15532,0
6415,6275,1
21353,21121,1
23541,23891,1
2229,20798,0
29613,1146,0
17121,17472,1
19173,16153,0
4235,4308,1
10607,30678,0
3984,24344,0
13109,13035,1
21732,24941,0
15605,15934,1
13757,2841,0
763,1839,0
8526,8800,1
13955,2007,0
10868,20589,0
16073,8884,0
20530,20511,1
11257,11082,1
422,46,1
3131,29735,0
10938,7502,0
6671,6898,1
16596,28637,0
10871,26774,0
23746,25233,0
23685,23674,1
9659,9532,1
18901,2985,0
10157,21907,0
2784,2659,1
23205,8181,0
21637,21519,1
24144,18178,0
29036,29351,1
21413,21378,1
31096,31406,1
25008,26125,0
30040,13668,0
27359,25620,0
31453,9132,0
11306,9210,0
19328,19083,1
31808,31996,1
13021,13223,1
7624,27893,0
4863,4621,1
3393,9353,0
26303,602,0
7467,7272,1
14439,14348,1
9233,5614,0
31147,31071,1
31355,31403,1
12991,12772,1
6645,6792,1
1097,1115,1
12746,17819,0
196,206,1
4959,3996,0
22533,22996,1
3946,3653,1
31412,31166,1
1247,14995,0
11953,9901,0
11146,18154,0
4484,11823,0
9025,9373,1
15929,16033,0
16450,23048,0
4290,19219,0
22993,22894,1
18927,22981,0
23125,23476,1
16002,13737,0
17140,7509,0
6186,6027,1
26419,26118,1
8572,4455,0
28195,28202,1
15219,16791,0
17714,4774,0
5246,15028,0
25695,25855,1
3786,3526,1
412,11647,0
24355,13185,0
6847,6592,1
648,507,1
15370,26510,0
2221,20627,0
16780,24549,0
2580,29960,0
2813,15068,0
3354,3146,1
28247,10210,0
28222,28179,1
20054,31779,0
26933,30034,0
10430,9954,0
25375,20443,0
6485,6483,1
26932,26835,1
9377,9384,1
30696,30502,1
14042,5033,0
29799,16007,0
22315,30345,0
3843,6193,0
3785,3826,1
7903,7554,1
17789,17699,1
17790,17749,1
6822,6965,1
23979,23972,1
19622,19799,1
6902,13857,0
17968,17985,1
19481,15423,0
28169,23840,0
6436,23127,0
2575,12374,0
9665,9849,1
24811,18776,0
19126,19345,1
2766,86,0
12161,12384,1
27540,27734,1
26559,89,0
12213,31097,0
24810,28106,0
1894,1703,1
20908,4259,0
399,14318,0
13096,25949,0
17891,17865,1
31330,31300,1
29507,29974,1
450,15621,0
26971,26538,1
19572,19835,1
19259,19158,1
7632,7963,1
6171,6234,1
5628,5665,1
25999,31610,0
10402,10387,1
30054,30172,1
14027,21437,0
25078,22776,0
15105,15050,1
23220,23040,1
12840,14461,0
14443,28999,0
2848,2932,1
12172,12068,1
9289,9336,1
25895,19536,0
17721,126,0
8749,8709,1
28515,1459,0
19982,14704,0
30327,4588,0
21659,12276,0
1380,6387,0
18268,28970,0
25151,25137,1
10125,10236,1
14648,14910,1
22704,2656,0
18055,3117,0
30207,7036,0
9696,2564,0
28786,20278,0
20230,20157,1
31156,31428,1
4522,21255,0
3736,21922,0
19826,19677,1
27526,848,0
24691,9499,0
29939,29949,1
3453,3236,1
20651,8006,0
21732,16217,0
30157,30347,1
29673,29878,1
26273,26086,1
19180,17012,0
20170,23408,0
15689,15729,1
17684,5579,0
21768,1265,0
14354,22117,0
16960,20009,0
7773,7503,1
21444,21266,1
6455,28389,0
28183,31518,0
10571,10637,1
21490,22716,0
2668,2747,1
12632,12756,1
11359,11055,1
16952,827,0
23322,23054,1
19105,11684,0
31794,12373,0
28020,28068,1
11655,6284,0
4908,4770,1
29856,29805,1
1823,1935,1
8615,8899,1
14761,25502,0
24156,12641,0
27263,27268,1
15125,636,0
30945,8700,0
16720,9249,0
27572,27633,1
10312,18770,0
29157,26998,0
9170,9233,1
5667,5528,1
22865,22506,1
31841,31762,1
14531,14758,1
17472,17391,1
31852,3246,0
23404,23220,1
20835,14807,0
17664,5586,0
29509,21524,0
28304,28024,1
7272,7028,1
20449,20149,1
23125,23321,1
9927,9811,1
19133,19419,1
24653,7182,0
19599,27135,0
7991,7729,1
6360,28741,0
28733,2866,0
16358,19632,0
8948,23549,0
25003,25299,1
12556,12597,1
27008,27262,1
24991,24713,1
16796,7735,0
16415,6297,0
4140,4145,1
6304,6328,1
17719,4971,0
31240,26243,0
26006,26021,1
234,3331,0
3390,3393,1
20971,29320,0
28742,22349,0
4194,23279,0
14436,14057,1
28315,812,0
31348,31014,1
29567,8106,0
7954,7952,1
12636,12891,1
19771,19571,1
25090,16352,0
3731,1584,0
12228,12454,1
26361,22075,0
23694,22837,0
31668,31959,1
21218,21331,1
6875,6900,1
4995,17490,0
17526,16711,0
3380,10192,0
21954,21925,1
12521,12790,1
19611,14838,0
26763,26950,1
16739,10343,0
7262,21291,0
12558,12060,0
17796,26165,0
6702,16768,0
5149,5114,1
20298,20464,1
28829,18155,0
13632,17561,0
10178,9899,0
666,937,1
21597,16641,0
29348,7233,0
2517,30907,0
1200,1355,1
3928,24679,0
15689,15890,1
27798,27839,1
25229,11112,0
7079,7443,1
24194,24289,1
22276,14702,0
13231,13157,1
8042,13737,0
27134,31833,0
23134,1842,0
24777,17540,0
12727,16464,0
4974,15405,0
30468,29558,0
21243,7605,0
2676,2803,1
1574,3101,0
21568,27170,0
3091,3114,1
3100,6101,0
27161,27403,1
10676,10585,1
31127,17613,0
9306,9462,1
3610,12838,0
28622,22474,0
15723,15952,1
24980,24914,1
20152,26000,0
5051,5201,1
18681,10031,0
26235,18853,0
29012,21811,0
17410,17042,1
21673,23505,0
5527,5702,1
21952,3707,0
4465,5373,0
31284,12183,0
27174,19522,0
3426,3071,1
12053,23217,0
3970,3910,1
4188,4044,1
3956,3884,1
30487,13885,0
24755,24782,1
30787,30574,1
6473,14260,0
30284,17476,0
21936,3035,0
1384,1498,1
20347,1140,0
19155,19130,1
6137,6280,1
26735,12129,0
29822,25552,0
14188,4012,0
19513,17345,0
29429,29027,1
23874,23889,1
11273,26248,0
29842,29944,1
5714,5705,1
21973,21582,1
21048,21466,1
15110,15380,1
8295,16144,0
7779,9853,0
1245,1342,1
28663,28534,1
5913,5828,1
23501,23747,1
4372,23409,0
9135,20577,0
23545,23821,1
26449,16496,0
21419,21066,1
2450,7908,0
10845,28458,0
9165,28617,0
16517,3664,0
2953,13967,0
5892,24917,0
19040,19283,1
31721,31507,1
9983,30611,0
21640,21569,1
21890,7533,0
28447,23455,0
4431,4217,1
29421,6817,0
10358,6402,0
6967,6726,1
7060,27329,0
2169,2005,1
29381,16761,0
20751,1615,0
20459,20085,1
10520,14777,0
24573,27314,0
6534,6853,1
10194,4631,0
23210,23118,1
20297,20383,1
19706,28643,0
5642,6012,0
27401,27233,1
25141,4468,0
891,727,1
28236,3280,0
5849,11754,0
17202,17705,0
21600,21939,1
27455,27475,1
27542,27826,1
18404,18149,1
10655,10685,1
12908,12610,1
25379,4322,0
31381,31148,1
22164,22403,1
20827,9236,0
1874,17376,0
3914,3795,1
5870,21017,0
15221,15359,1
4246,4043,1
30116,30096,1
13306,13404,1
347,12151,0
2742,27784,0
10357,10184,1
22347,15044,0
132,16950,0
28193,28238,1
1427,1261,1
9667,9711,1
31074,31440,1
11151,14600,0
30264,4811,0
30921,15603,0
4752,4608,1
6693,20623,0
22697,6786,0
16029,31457,0
11712,25266,0
21777,21556,1
23002,6468,0
31736,31781,1
9043,9337,1
28619,28773,1
6218,6100,1
30136,207,0
15651,31215,0
10793,28533,0
14680,14962,1
14963,14947,1
22416,22288,1
321,247,1
15872,21870,0
5655,5725,1
1169,22913,0
21579,21716,1
4016,4297,1
2946,12350,0
23518,23949,1
10069,10104,1
30200,28355,0
17086,13114,0
17067,6598,0
16408,30136,0
12673,12790,1
19653,16287,0
17877,17710,1
672,535,1
29351,29476,1
12306,12055,1
13104,13385,1
24678,8399,0
22722,22987,1
11820,18039,0
2806,2525,1
19807,19699,1
6760,7569,0
18362,18229,1
2105,2037,1
14843,4614,0
26067,26446,1
25108,25287,1
26242,26110,1
6761,19283,0
27599,5049,0
21072,18081,0
15683,15534,1
2542,2650,1
10440,10184,1
24910,8156,0
7038,7483,1
30992,3598,0
14073,14440,1
20388,20856,0
25467,22084,0
22891,22924,1
24714,24805,1
6103,24113,0
5504,5788,1
21603,8374,0
31086,31126,1
4612,4896,1
8765,7737,0
19937,6088,0
13106,25520,0
22321,5287,0
1738,1820,1
28743,834,0
30665,2958,0
20887,20926,1
4322,4309,1
176,16576,0
11697,11885,1
30444,30246,1
14200,26614,0
20198,20280,1
18184,5990,0
7097,7467,1
31823,28854,0
26370,8691,0
17584,17688,1
12556,3727,0
21748,21757,1
26702,10913,0
15000,14934,0
30684,26259,0
4239,10171,0
6345,30135,0
10331,10426,1
17338,17100,1
8632,8667,1
23811,591,0
8862,8945,1
19229,18497,0
24400,24332,1
11395,11192,1
9650,23037,0
17466,26549,0
25519,22319,0
17404,17319,1
18390,1468,0
5120,18866,0
5230,8167,0
13481,13323,1
31363,77,0
17291,21659,0
875,843,1
23073,23414,1
31894,22839,0
9753,27587,0
20641,12910,0
30718,12503,0
24616,24940,1
23964,7607,0
26869,3323,0
10837,10543,1
2413,2032,1
5156,5107,1
31480,31233,1
18177,18552,0
1831,27918,0
13009,9801,0
29448,23355,0
15382,26861,0
24823,24524,1
27267,27498,1
9511,1689,0
27385,26160,0
15897,15960,1
4159,4498,1
3640,24357,0
27645,25749,0
2656,13280,0
12449,9329,0
18935,4445,0
15541,15671,1
23277,9214,0
24131,12558,0
4900,5588,0
20033,21488,0
6758,16305,0
4192,15019,0
28469,4591,0
5540,16303,0
17968,16861,0
24040,13922,0
16198,29504,0
16431,16236,1
29596,21957,0
23793,23871,1
12421,16331,0
13134,13453,1
13273,30450,0
20340,25256,0
5656,20505,0
26088,26325,1
7109,9383,0
11985,11650,1
25559,15136,0
1686,1697,1
10800,1608,0
23356,23383,1
11115,30249,0
7404,12333,0
16846,31027,0
31803,6200,0
29177,29358,1
2602,4531,0
7535,13116,0
9374,28360,0
27598,23259,0
10291,21882,0
10157,3117,0
2491,10310,0
21225,21284,1
14762,14956,1
684,978,1
21094,31015,0
23632,23810,1
23137,10906,0
1904,1845,1
7517,7808,1
28089,28166,1
20441,20260,1
6297,27248,0
2382,2493,1
6270,536,0
17670,1234,0
11728,9244,0
1735,1991,1
24369,24338,1
17212,17089,1
15323,15053,1
18616,4458,0
23388,29089,0
19879,19833,1
21446,21114,1
20346,3690,0
9582,9572,1
4742,5742,0
17436,11191,0
23512,23664,1
15751,18227,0
27075,27492,1
15562,13388,0
29489,3553,0
8663,21845,0
23771,23610,1
153,7370,0
7848,7515,1
7713,23433,0
22714,22596,1
25554,14445,0
22442,12423,0
31388,31149,1
11891,11548,1
19674,8210,0
6500,6998,1
26268,26107,1
26148,26437,1
30671,30762,1
19763,19996,1
21596,21841,1
30925,30801,1
15758,23867,0
3455,21883,0
16542,2104,0
12147,12038,1
14905,28419,0
30819,1318,0
9984,9649,1
6828,7464,0
1388,7879,0
21873,21624,1
14562,18099,0
24009,4018,0
29394,28566,0
9732,30026,0
21943,11155,0
20538,28066,0
13640,14509,0
3,10870,0
887,965,1
27875,27902,1
24905,28961,0
14862,14648,1
27297,27309,1
19101,1778,0
2977,9595,0
11776,11978,1
16966,16551,1
1819,1944,1
28600,28605,1
20856,18780,0
775,936,1
18141,2926,0
13664,2882,0
17982,23244,0
16644,16864,1
12477,13646,0
30718,5364,0
31487,31169,1
8632,31145,0
25791,25953,1
23336,31230,0
18325,18335,1
12286,24076,0
9908,9637,1
13953,13803,1
14974,14872,1
25115,28142,0
22205,18840,0
11565,11549,1
24249,741,0
11964,11901,1
12825,12955,1
13990,13890,1
30911,30773,1
23759,2653,0
3066,3014,1
22614,22840,1
6608,6565,1
9134,9340,1
29614,29513,1
22831,22514,1
9056,895,0
15764,15808,1
28033,15339,0
24043,11690,0
9225,10672,0
26198,26119,1
7264,7391,1
321,284,1
22416,22445,1
26608,26876,1
7329,15116,0
24757,24603,1
1606,30899,0
16827,25296,0
25442,4329,0
19191,28487,0
26544,27131,0
23181,24862,0
463,153,1
19974,201,0
6318,6435,1
23959,23528,1
24187,24311,1
29712,10609,0
21461,6810,0
12674,26054,0
29718,1932,0
12644,12821,1
6789,6991,1
1828,27995,0
21551,23597,0
636,23930,0
11592,10135,0
1463,29147,0
25729,25855,1
4822,4751,1
6565,6725,1
15030,15220,1
3799,13753,0
30983,2481,0
4367,26074,0
10389,10083,1
3351,3487,1
15085,28378,0
17606,21008,0
30637,1493,0
15889,27165,0
25924,25949,1
18268,29010,0
8327,13823,0
19173,19408,1
13548,17743,0
13846,13608,1
22059,6245,0
30185,26833,0
3879,3904,1
2584,20610,0
9776,9982,1
2111,2437,1
17596,26716,0
25177,25400,1
8013,26258,0
7123,25488,0
27523,25894,0
11168,10006,0
12412,14331,0
8827,17650,0
4833,19902,0
19023,19387,1
24214,15973,0
19834,18660,0
15809,15728,1
11570,20734,0
30862,28173,0
27239,27489,1
31493,31132,1
24288,24247,1
16124,7686,0
6859,19597,0
6403,8380,0
21210,9634,0
26487,16848,0
3609,22796,0
13408,31967,0
11672,11766,1
20254,1242,0
24128,19541,0
17397,17220,1
30884,19967,0
6497,6444,1
10742,5317,0
11622,11952,1
10805,10693,1
11017,19219,0
31509,31225,0
27143,18390,0
27069,27443,1
10259,10028,1
15925,22764,0
3872,3849,1
2459,2163,1
16675,16651,1
10116,10435,1
7114,7052,1
11914,19717,0
28123,20152,0
16298,9848,0
26059,26442,1
11989,14945,0
18739,20194,0
25599,25769,1
29483,29348,1
2962,29742,0
22313,22257,1
25791,25576,1
21599,21923,1
31983,8992,0
850,23080,0
21424,21065,1
10234,10121,1
28200,14600,0
12375,12204,1
21099,16563,0
30343,10138,0
11573,21057,0
559,557,1
7600,25275,0
20615,14314,0
22881,15131,0
17844,18629,0
20560,17266,0
2956,2793,1
8177,24216,0
23211,23133,1
22113,22009,1
13696,15683,0
26286,25847,0
18088,18320,1
24535,804,0
2276,12386,0
31216,4451,0
16025,16187,1
31796,28400,0
20609,20833,1
6403,24847,0
4143,4194,1
16183,16419,1
4602,24495,0
14193,6019,0
26326,26228,1
9738,29574,0
16143,28386,0
19016,19085,1
31416,12622,0
16177,9857,0
5945,5928,1
30505,14967,0
6466,3222,0
1152,24963,0
16400,16334,1
12849,12563,1
10524,16440,0
25088,11958,0
9784,9681,1
25751,25971,1
3072,3057,1
22499,14231,0
16467,16422,1
15140,15295,1
1000,31965,0
2389,5675,0
16442,25710,0
6415,7666,0
31762,20915,0
332,31044,0
22536,19252,0
23123,23372,1
1778,1892,1
13504,13635,1
18043,18142,1
18588,18814,1
460,20879,0
14548,22997,0
15966,16489,0
3556,7022,0
23671,23578,1
29076,29113,1
23679,14741,0
18821,28840,0
6732,6693,1
6079,6475,1
28903,28975,1
21754,16228,0
20436,20192,1
9440,9405,1
11384,4559,0
5982,5986,1
11116,28512,0
23170,23101,1
7172,7086,1
15297,29975,0
17163,17357,1
28037,25452,0
12803,12779,1
22817,13234,0
21548,19470,0
5094,5168,1
11322,8220,0
5299,27701,0
30560,3663,0
31690,31737,1
12947,12540,1
9421,9162,1
9816,15192,0
31833,31578,1
5898,5737,1
13569,25477,0
27040,27168,1
29941,29720,1
1316,1368,1
2609,23644,0
27769,28322,0
26665,26529,1
20169,8128,0
31886,1663,0
6585,6798,1
9284,9114,1
405,1031,0
28148,28486,1
12821,12656,1
4935,4901,1
11849,13709,0
15272,15170,1
31119,14476,0
14035,14055,1
27803,10867,0
6942,6894,1
14721,14707,1
24857,24648,1
9896,15182,0
5459,10207,0
16737,16619,1
28106,22469,0
24986,8903,0
17337,17032,1
10821,6657,0
11354,11296,1
30338,484,0
22096,5985,0
22913,20729,0
26076,25389,0
5404,27210,0
16686,21108,0
1070,21936,0
5823,31189,0
1689,30699,0
20468,10539,0
9448,15684,0
16740,20048,0
4280,4498,1
14119,14153,1
11112,11453,1
26546,12714,0
15661,27350,0
16380,8585,0
30174,30146,1
31488,16290,0
25295,23765,0
29274,31830,0
28408,28414,1
15730,23541,0
30912,30735,1
30475,30285,1
3571,3757,1
4450,4125,1
25378,28672,0
22985,11684,0
8022,3635,0
3193,3380,1
15566,15576,1
3289,26652,0
31515,22577,0
3185,3157,1
14404,14192,1
18078,27124,0
10511,10551,1
6977,17773,0
10256,10023,1
26486,26111,1
7773,7879,1
21163,21457,1
15672,15719,1
20201,25338,0
23689,23665,1
18356,18384,1
4513,25108,0
21028,21441,1
4277,4041,1
1354,1304,1
27117,27428,1
12628,12569,1
311,13041,0
17830,11953,0
22632,14006,0
16044,16337,1
4162,4401,1
14287,14006,1
4127,4173,1
5470,7945,0
26037,21191,0
25462,11764,0
3946,5413,0
838,591,1
6851,6682,1
18255,18455,1
17265,17340,1
20496,20358,1
18158,20245,0
10483,10451,1
22484,1979,0
14083,8330,0
8597,17814,0
29779,28437,0
24329,24405,1
29030,21266,0
29154,29356,1
25505,25857,1
2259,2381,1
5865,20518,0
24570,28320,0
10823,10653,1
22789,22779,1
26572,9418,0
23362,23257,1
3263,3422,1
6818,12134,0
8287,8124,1
27182,10440,0
24420,31430,0
26793,17247,0
2750,27965,0
18768,18894,1
9597,9674,1
4951,13596,0
1570,1733,1
1006,1176,1
31377,30591,0
27342,27337,1
22720,22912,1
27420,27296,1
26358,26054,1
26793,26988,1
30017,30066,1
6320,6020,1
12649,18864,0
12985,3589,0
27633,25540,0
25471,25149,1
23581,23857,1
22672,30584,0
7077,7044,1
25130,25418,1
10248,10237,1
3475,3062,1
27413,27006,1
23068,23347,1
20451,756,0
31276,31388,1
25185,25381,1
8600,20634,0
26941,26852,1
24562,24925,1
23596,23710,1
3939,17067,0
28399,28441,1
22501,5219,0
21836,5341,0
8656,1182,0
28878,29928,0
14417,25614,0
11541,11634,1
17215,17448,1
8997,22706,0
17373,16039,0
8289,5964,0
28236,25791,0
10887,10880,1
5298,5107,1
13879,13713,1
4146,15317,0
3769,16632,0
23395,3679,0
7551,7885,1
18072,26994,0
16097,10977,0
12462,23863,0
14011,14197,1
28196,28292,1
4066,14308,0
19714,19951,1
14989,29368,0
1523,1991,1
27030,29552,0
11818,11678,1
10468,10224,1
27474,27206,1
18737,18935,1
1211,1116,1
2561,21057,0
30162,30099,1
12021,12460,1
23680,23599,1
7177,7342,1
20717,20537,1
10738,10853,1
13135,13049,1
9763,10163,0
9413,349,0
8586,8647,1
31331,26717,0
3812,3991,1
15079,30491,0
8022,12802,0
22640,4849,0
27119,27067,1
8378,7451,0
1130,1465,1
7354,7441,1
745,986,1
28116,28358,1
27931,27820,1
6961,13296,0
31747,6417,0
30747,30642,1
306,165,1
14705,14564,1
11980,11856,1
23854,14224,0
5555,5825,1
17193,17480,1
13220,13265,1
7927,7816,1
27910,13006,0
16510,29913,0
22635,22825,1
14771,21719,0
6368,9071,0
17174,17078,1
3396,10851,0
14867,13788,0
2193,2072,1
25960,18204,0
14078,14025,1
18750,18894,1
28335,14620,0
3375,16318,0
23171,23261,1
25518,24528,0
5649,31071,0
1466,1337,1
9133,9309,1
14921,19251,0
21771,11676,0
30609,30812,1
8187,8433,1
7550,15542,0
16804,16578,1
18477,28148,0
1683,13493,0
26503,27484,0
17147,17382,1
23331,1754,0
18400,9022,0
7409,30611,0
28685,23970,0
16232,23933,0
1861,1354,0
17691,7514,0
29586,8626,0
7402,7083,1
26545,26886,1
26203,26191,1
7218,7004,1
13729,13810,1
2342,7344,0
15832,19543,0
21450,30574,0
8469,8202,1
9680,17513,0
7880,9846,0
18059,18026,1
821,561,1
13638,13960,1
25967,7706,0
13523,13847,1
7629,11025,0
15467,27387,0
23151,30449,0
1047,1282,1
23464,23489,1
22433,22269,1
17447,17404,1
388,336,1
12463,1337,0
3380,11987,0
27543,6372,0
554,887,1
2246,2430,1
8183,8151,1
29510,29911,1
25044,11613,0
5000,6097,0
11296,29295,0
10595,10895,1
22775,12602,0
19705,15738,0
31143,31021,1
31336,31223,1
1181,21258,0
5942,22307,0
9073,9384,1
5152,5447,1
21095,26718,0
23546,10729,0
30798,30705,1
18394,7518,0
17670,11865,0
21172,21380,1
21950,31851,0
20699,20548,1
31655,31620,1
8243,8198,1
27035,30710,0
25431,25390,1
25057,20055,0
1777,26990,0
1637,11420,0
31511,31647,1
16391,16653,0
31793,29281,0
23137,23035,1
20772,12225,0
5897,21150,0
30388,30266,1
24164,24281,1
15750,15884,1
6041,25119,0
20631,20915,1
11386,11192,1
7954,7958,1
25009,25261,1
20270,5635,0
31868,11091,0
3478,7530,0
12727,3197,0
4304,4034,1
6821,7382,0
21630,437,0
22730,22811,1
28437,28348,1
23633,2725,0
11095,11015,1
6880,6848,1
1763,1631,1
21023,21078,1
28419,28380,1
21201,11099,0
17318,31394,0
8294,16844,0
3584,3674,1
7086,25944,0
17828,5625,0
1594,1764,1
20089,19177,0
28754,28631,1
28458,7149,0
26470,26186,1
25479,27206,0
6225,20197,0
13276,13027,1
2793,19890,0
19231,21621,0
17171,1872,0
5977,5752,1
13030,7175,0
18081,1256,0
19559,4884,0
2725,2704,1
27940,27963,1
3774,31519,0
30225,9118,0
29297,29408,1
19590,4933,0
10565,7763,0
7443,30218,0
9199,1203,0
1244,1181,1
14252,6330,0
2791,11457,0
17905,17589,1
8375,8161,1
1527,1543,1
16642,16781,1
19749,19636,1
19109,19196,1
10685,10656,1
26502,3035,0
27497,27137,1
13817,5191,0
17985,17796,1
16133,6625,0
16615,28041,0
5832,5980,1
11517,11996,1
31309,19587,0
614,24762,0
19714,7783,0
20830,17994,0
15005,3101,0
14795,14543,1
20173,20096,1
17302,23464,0
9444,9426,1
7342,7283,1
25567,19584,0
30692,30992,1
11496,12844,0
18271,16748,0
23659,23600,1
6383,6347,1
15641,15838,1
13088,109,0
25793,25858,1
31273,31113,1
30060,18610,0
18445,18097,1
29484,25394,0
3958,3726,1
20029,20057,1
4741,4799,1
20805,30888,0
10968,10595,1
3161,3342,1
17875,17802,1
6351,30997,0
2216,2439,1
710,22828,0
20791,20711,1
6787,6642,1
16138,26455,0
25545,25600,1
6415,21800,0
13638,13866,1
25652,25895,1
14096,5578,0
6846,6794,1
27276,13906,0
3493,15828,0
10115,9564,0
11701,11966,1
5986,19566,0
1462,2736,0
13748,17736,0
6825,18534,0
31478,27122,0
28333,12531,0
1976,1586,1
20998,20854,1
3093,3020,1
28302,28210,1
1530,23361,0
10711,1983,0
4259,4252,1
10379,10154,1
31843,25143,0
6833,18130,0
14902,14953,1
13017,13888,0
24421,24031,1
22621,20403,0
5318,5460,1
24618,24694,1
14144,14000,1
18246,26054,0
13258,13134,1
4993,4814,1
13802,2130,0
27001,25419,0
24846,13180,0
24824,24555,1
14394,26908,0
13551,13665,1
14697,26451,0
7177,7119,1
11455,11295,1
7312,7228,1
21962,21522,1
12392,12202,1
27779,12783,0
15249,15450,1
6232,6194,1
8523,8847,1
18174,18160,1
3222,25709,0
30594,5158,0
11148,14144,0
5816,2436,0
25144,25461,1
11774,11915,1
17709,25213,0
15227,18188,0
31055,541,0
9009,9048,1
21250,21634,0
30092,7953,0
353,53,1
8404,8273,1
29275,29174,1
6783,6677,1
20551,30644,0
14641,14790,1
23552,23980,1
21402,21340,1
4902,4938,1
24054,11311,0
27539,27806,1
14403,14335,1
20336,15599,0
25219,25222,1
16585,29343,0
13088,13069,1
17697,17751,1
19661,19617,1
25151,14421,0
28691,28891,1
27351,11964,0
11996,11700,1
19976,28191,0
24787,18906,0
24508,22919,0
27423,18655,0
22079,22432,1
28746,15437,0
18645,18714,1
16674,16538,1
13225,13081,1
4005,12861,0
31868,31557,1
21232,25235,0
14742,14708,1
14393,31134,0
2356,2078,1
24457,24313,1
7628,25939,0
18907,29552,0
6860,9222,0
31793,18601,0
19949,31898,0
7659,8207,0
29691,7342,0
29640,29790,1
12382,12200,1
26925,6308,0
13356,29267,0
13485,13068,1
29051,29270,1
1817,4331,0
6078,6331,1
26492,26210,1
1102,1331,1
26305,26339,1
16838,21811,0
14241,21380,0
13819,10747,0
6870,9055,0
14083,5248,0
16699,15648,0
19857,24470,0
14031,4455,0
1227,1137,1
28163,28411,1
16419,6991,0
436,27380,0
20343,20049,1
31916,3485,0
3427,22217,0
28649,20830,0
27220,24413,0
31146,20909,0
17830,5251,0
4969,4796,1
17597,17861,1
10619,11019,0
13266,13247,1
27831,29962,0
12296,26105,0
29303,29294,1
20009,20191,1
26602,26829,1
15638,15623,1
29235,12826,0
17162,10941,0
26559,3527,0
17009,17313,1
18158,17094,0
5420,15369,0
20097,20407,1
1315,26886,0
15657,15928,1
28118,28050,1
570,31043,0
8247,8471,1
24567,24555,1
2240,23084,0
24838,24597,1
18450,18085,1
4651,16438,0
3810,3793,1
16355,16226,1
1450,1249,1
28743,28673,1
9709,9839,1
8047,8051,1
21723,21629,1
4031,2841,0
14029,4554,0
7235,9375,0
18703,18519,1
29331,29970,0
2776,2693,1
30526,13822,0
29808,7594,0
12719,11147,0
25197,7009,0
4679,4829,1
21842,9000,0
11931,11701,1
19265,19160,1
30888,30738,1
23890,23779,1
8353,24079,0
26290,28167,0
20514,18045,0
5899,5860,1
26591,26583,1
20418,20009,1
24069,4693,0
1068,1383,1
15955,7902,0
13907,26873,0
24736,24722,1
26701,26587,1
21616,21756,1
13600,21958,0
5078,5026,1
7466,2869,0
12620,12941,1
15036,2798,0
11179,11074,1
21453,21231,1
29056,29280,1
27174,27029,1
1326,1547,0
9597,9553,1
2779,2561,1
29333,29448,1
20231,20493,1
6458,6270,1
28819,28807,1
9424,13842,0
31417,31035,1
19582,19860,1
13515,13667,1
30111,30085,1
6587,6529,1
21263,13266,0
12826,22028,0
24497,26341,0
21751,5879,0
6757,24775,0
6758,6892,1
21124,21154,1
28677,21926,0
19564,19847,1
12550,24145,0
23700,23817,1
19555,19587,1
8812,8873,1
9793,9846,1
31640,14122,0
24597,24662,1
25623,25964,1
8723,8977,1
30649,21522,0
20390,20177,1
29,19358,0
3479,21117,0
13643,13900,1
14289,14257,1
19453,19244,1
30797,8107,0
16126,16100,1
6867,20732,0
30606,29733,0
9262,22938,0
4337,4495,1
1987,1830,1
1310,1420,1
24798,10525,0
19083,19288,1
14940,14669,1
17771,17576,1
27541,19579,0
7208,8558,0
25826,25843,1
3322,25135,0
27182,27259,1
26180,10262,0
9168,25480,0
28133,28349,1
2966,2609,1
28470,4880,0
18887,18786,1
3880,14543,0
23430,23213,1
24706,27037,0
14376,14370,1
23537,7658,0
9434,9489,1
1609,22872,0
8205,23306,0
22579,22851,1
31546,31851,1
24426,20529,0
18484,27061,0
15179,7201,0
17520,26204,0
22675,22838,1
3369,3259,1
10215,10201,1
5311,28645,0
17979,7579,0
7914,30474,0
15451,15496,1
20590,20805,1
10125,10200,1
18273,10609,0
1856,27401,0
16253,5117,0
3279,23460,0
7326,3716,0
28302,28300,1
24844,24904,1
24207,24010,1
11641,3184,0
1522,31799,0
14177,25945,0
4031,4025,1
19954,19747,1
3405,6191,0
1311,1466,1
23489,23250,1
4945,27106,0
16147,22380,0
16127,16112,1
14437,31165,0
3063,28190,0
20376,20221,1
7554,7572,1
2489,2446,1
4237,11869,0
11368,6586,0
19805,17062,0
20531,20893,1
1888,1604,1
14914,14825,1
24197,24339,1
7540,14862,0
14033,15575,0
4937,15294,0
12837,4612,0
25909,17046,0
16265,18129,0
415,70,1
29071,29383,1
30806,24950,0
10399,27813,0
21430,3590,0
9617,977,0
4548,27710,0
24925,5992,0
8566,13087,0
6494,10740,0
10907,10975,1
14730,24128,0
18479,18482,1
6959,6963,1
26959,26591,1
25756,25871,1
20148,20438,1
14759,171,0
26844,26623,1
4251,4189,1
26713,29012,0
25082,24703,0
27486,2158,0
24444,24175,1
10684,28322,0
25849,25870,1
8605,23638,0
16281,20221,0
25815,8106,0
6870,6501,1
23349,14122,0
6647,6739,1
24893,24790,1
19893,6388,0
20448,21388,0
261,353,1
22351,22350,1
18468,18053,1
25700,18186,0
21481,21390,1
23322,19094,0
619,510,1
7035,7096,1
25768,25718,1
7778,7560,1
31435,31429,1
5219,5458,1
23901,17413,0
16153,16335,1
18690,18816,1
17025,17116,1
6257,6413,1
12103,12412,1
17684,7311,0
13875,13539,1
16927,31546,0
14889,14824,1
24380,24239,1
226,28255,0
22512,22544,1
18432,7497,0
20013,12153,0
30114,30431,1
13321,2745,0
27305,21985,0
13968,874,0
20966,20769,1
12392,6169,0
17456,17487,1
26883,26847,1
8714,8925,1
1222,1247,1
2381,2826,0
19430,21796,0
20553,20592,1
4474,16795,0
7522,7917,1
6409,6372,1
31928,22391,0
732,696,1
19504,19627,1
25126,11304,0
5596,12102,0
16081,16123,1
3492,3246,1
25354,12542,0
20324,20468,1
23999,31489,0
8577,5800,0
2669,5835,0
30364,30332,1
5559,5557,1
1729,1665,1
4577,4700,1
25181,25251,1
14064,14374,1
8676,8641,1
13726,13856,1
19402,13471,0
31218,31219,1
28332,4152,0
3734,3673,1
14501,14861,1
30862,31687,0
20761,20778,1
16121,16042,1
15522,15970,1
27610,30331,0
23854,23764,1
29930,20481,0
24638,24582,1
26020,4301,0
26849,25887,0
31456,21392,0
29797,29766,1
19435,19350,1
27004,7227,0
25841,25586,1
5606,5705,1
23402,4693,0
25984,14513,0
1676,1975,1
23047,23461,1
29466,26600,0
29687,6155,0
24221,24299,1
21555,21629,1
25736,25718,1
13866,4792,0
25586,4705,0
253,245,1
253,13661,0
698,790,1
1323,1263,1
15583,15736,1
24676,18290,0
1934,1519,1
19062,2726,0
1906,1910,1
22928,29191,0
281,291,1
16362,16284,1
13042,13433,1
29653,29634,1
23488,14948,0
30742,15790,0
9725,10745,0
23419,23111,1
15148,15093,1
12353,12047,1
22444,22051,1
9977,8173,0
19284,24965,0
26096,26325,1
27684,15648,0
3982,3732,1
6200,4917,0
28519,28757,1
5515,5757,1
516,1246,0
13206,16602,0
17031,17014,1
22640,12541,0
1062,1214,1
17923,1357,0
25148,14061,0
16433,8481,0
29024,9501,0
12171,6958,0
11870,11892,1
13020,2393,0
10445,16040,0
10490,10139,1
20890,28811,0
14551,14933,1
12611,16057,0
3805,3910,1
18283,3902,0
22183,22349,1
21981,21835,1
18524,20038,0
10669,10577,1
8794,8838,1
5586,5556,1
12024,20801,0
1161,432,0
17914,17738,1
1560,2880,0
30082,30212,1
26450,14382,0
25916,22916,0
1406,18220,0
19846,19519,1
12984,3031,0
3986,17386,0
28561,3822,0
31210,31174,1
23027,23374,1
28586,31193,0
28092,28132,1
9683,9862,1
163,483,1
17404,17200,1
28872,28876,1
29992,1682,0
31090,280,0
15098,15317,1
4180,4431,1
6685,20178,0
21385,21134,1
30135,30057,1
8411,10032,0
7144,14283,0
13812,13753,1
8561,8512,1
31057,31295,1
2677,2831,1
22324,22179,1
15575,15669,1
24625,24520,1
11739,22271,0
14899,14508,1
11778,11932,1
13253,13105,1
25391,25105,1
30225,31477,0
20097,20390,1
17799,2484,0
31816,31580,1
13699,13578,1
20801,20989,1
23545,23698,1
19622,5739,0
29980,14910,0
23724,23618,1
28382,28023,1
5413,4186,0
1915,1515,1
12130,11158,0
22497,22017,1
28439,12916,0
4324,21717,0
5205,5228,1
12839,12601,1
20020,6328,0
28078,7212,0
7011,7415,1
8586,15616,0
25631,25630,1
20915,20817,1
5305,18670,0
19855,19637,1
13602,13607,1
6877,6568,1
14397,14008,1
24112,5198,0
12668,949,0
21424,21465,1
24825,24934,1
22064,22480,1
18484,18043,1
8663,8854,1
25134,5019,0
273,325,1
30672,2097,0
15507,3778,0
31358,31013,1
25440,25367,1
3769,9761,0
21718,1659,0
11116,11394,1
27414,11064,0
16348,19345,0
27820,27804,1
22685,6731,0
490,16680,0
29830,29781,1
26966,26855,1
28047,1189,0
83,7010,0
16623,16926,1
11155,19774,0
9230,9442,1
30342,25307,0
20071,24622,0
873,5095,0
7623,7703,1
2662,29288,0
22259,22083,1
13343,13322,1
222,376,1
4246,17661,0
17939,19768,0
8295,8041,1
7464,8889,0
15576,26321,0
21791,836,0
30023,30279,1
27398,27019,1
28978,25373,0
17472,17425,1
16021,1950,0
24929,24726,1
4863,4623,1
19638,4775,0
6607,6818,1
160,315,1
2381,31523,0
1292,5834,0
19162,19069,1
26128,14727,0
28020,27501,0
30856,4547,0
10442,10099,1
26081,26287,1
7116,18801,0
8467,8092,1
837,18264,0
8243,8175,1
811,629,1
17218,17208,1
19703,19835,1
1819,9994,0
24603,23035,0
14820,4093,0
21771,30180,0
25925,1572,0
10297,10029,1
4641,4897,1
22412,16572,0
15695,15888,1
27380,16180,0
6729,6928,1
8269,8284,1
13318,23463,0
24165,15052,0
12808,12864,1
15615,646,0
7456,26483,0
23798,23850,1
1012,23447,0
10249,10496,1
10902,29727,0
18622,18665,1
4670,20946,0
9353,9361,1
5944,5877,1
24266,22204,0
8947,8852,1
20504,20710,1
19480,19254,1
26703,26537,1
10650,10649,1
11183,6895,0
31959,31538,1
10664,17787,0
26648,26528,1
20390,20478,1
18271,7374,0
7772,7556,1
351,28906,0
12196,12413,1
14399,14292,1
28518,1561,0
29935,1777,0
14174,14443,1
24067,26986,0
17722,18402,0
17300,25429,0
14151,14362,1
30267,30370,1
24674,27957,0
2354,2339,1
22070,20968,0
20634,20643,1
15356,7827,0
25506,23222,0
27236,16455,0
7230,7290,1
28434,14541,0
24277,24470,1
11903,11729,1
21398,21139,1
9465,28112,0
29870,5107,0
7282,5009,0
11779,11565,1
19897,19667,1
6751,12339,0
17679,17828,1
27059,27090,1
8513,8808,1
27418,14782,0
5629,5732,1
24913,24933,1
18904,11232,0
31824,7406,0
13484,13095,1
19669,19551,1
29618,7662,0
19242,27994,0
27415,27188,1
15165,15299,1
12074,11479,0
23317,3000,0
28492,28011,1
5401,5240,1
14523,19040,0
23079,23037,1
8681,19665,0
3740,3560,1
15596,15834,1
29379,29227,1
18762,18783,1
30803,8812,0
12788,6737,0
20503,20820,1
19178,5835,0
24374,24475,1
22098,22262,1
8067,30290,0
10047,10315,1
1796,1849,1
20045,7260,0
27876,3716,0
8897,7789,0
17120,4575,0
8602,8522,1
1361,28544,0
10752,15311,0
12426,14426,0
8412,8390,1
18308,863,0
12707,551,0
6892,6776,1
5548,21823,0
31716,31852,1
18401,18247,1
29741,25890,0
28592,25186,0
4504,12594,0
658,29432,0
4444,2380,0
31922,31507,1
4769,4634,1
13169,11563,0
9092,20837,0
2073,31999,0
4038,21490,0
13074,13469,1
30404,30069,1
13935,13598,1
3914,9103,0
8085,661,0
5780,5956,1
24965,16218,0
19068,18717,0
27481,3238,0
24690,24695,1
16819,16763,1
27664,25683,0
24350,24086,1
10121,5852,0
28521,28967,1
31029,31182,1
3862,3513,1
24625,24982,1
17459,17483,1
9616,18572,0
9890,9933,1
7391,7231,1
12391,12188,1
4647,10752,0
26369,3909,0
4427,18172,0
30090,30257,1
21972,28819,0
28186,28265,1
6482,6405,1
22208,22089,1
27590,27728,1
23221,23250,1
1536,1614,1
23669,4237,0
27567,17704,0
22957,22950,1
11965,5856,0
19864,29015,0
20553,11301,0
22604,29284,0
23204,23324,1
6241,13903,0
27228,27443,1
20122,24131,0
20988,20638,1
12609,17529,0
19819,19623,1
31723,31762,1
30635,9162,0
6564,15451,0
19137,19493,1
25878,17534,0
21137,21379,1
20732,20855,1
9159,8332,0
6181,660,0
19225,19271,1
14693,3967,0
18042,7010,0
16712,16860,1
1459,1254,1
6871,6091,0
23968,23920,1
20621,20769,1
12382,12386,1
6561,4027,0
722,745,1
6885,7942,0
12478,24145,0
18121,18154,1
23662,4414,0
10450,18123,0
1002,1358,1
124,11701,0
17258,18755,0
27279,26482,0
19751,19631,1
336,445,1
4389,27266,0
25706,25894,1
11703,11718,1
29208,14892,0
5569,5758,1
15365,7451,0
1657,1824,1
23733,30449,0
17765,17811,1
25255,2245,0
2781,11988,0
23233,23223,1
31892,31782,1
17617,14417,0
27090,27518,0
10036,23464,0
4335,4433,1
10069,5736,0
14227,14157,1
14315,14109,1
13389,17117,0
16309,16457,1
159,3348,0
22489,19360,0
2613,2730,1
11201,18102,0
8067,7383,0
26563,7621,0
30623,7394,0
1448,1401,1
9242,9103,1
591,6048,0
18092,18427,1
1703,1834,1
17843,17827,1
26609,11200,0
14670,14540,1
15979,402,0
31611,18618,0
19066,19308,1
23903,23626,1
17440,9697,0
1143,1240,1
26042,17696,0
19339,19393,1
30315,30138,1
12528,14333,0
25342,25187,1
27099,27150,1
5986,16165,0
13679,30041,0
18350,18402,1
25659,25811,1
13481,19152,0
23705,23962,1
13189,13101,1
15175,2449,0
23996,23877,1
31953,31780,1
17725,17839,1
26583,30895,0
22685,8573,0
14677,22008,0
10217,14990,0
30656,11895,0
26537,26699,1
24692,24516,1
31726,31815,1
2120,2458,1
15579,10484,0
25936,25634,1
1987,1872,1
11009,11291,1
8620,8748,1
26300,26465,1
29911,29999,1
20464,21405,0
14299,14345,1
19140,18201,0
24105,28932,0
8074,8477,1
4268,4854,0
31055,4780,0
18375,18452,1
22542,22775,1
28897,16642,0
26225,26023,1
25079,25228,1
15150,30562,0
7062,7465,1
27610,27867,1
1712,14619,0
8290,8376,1
7228,7356,1
28793,31310,0
14883,14848,1
21727,12711,0
15062,24311,0
158,9273,0
28817,14447,0
22628,23066,0
4545,18577,0
218,25592,0
24819,22924,0
13640,19240,0
23306,23580,0
13909,31856,0
21044,13984,0
3672,1238,0
22467,18730,0
21790,1494,0
14136,7123,0
16657,16929,1
6070,6476,1
570,765,1
8312,8126,1
11335,11077,1
15636,15581,1
11154,11157,1
8030,27065,0
27831,27899,1
14943,15495,0
26997,4656,0
25693,25984,1
9522,9565,1
26414,26091,1
2488,5434,0
30334,30218,1
86,28036,0
21889,19496,0
15071,8751,0
9873,15833,0
9049,9402,1
8436,8293,1
23616,20300,0
8004,26936,0
7026,10040,0
5601,5822,1
27522,27568,1
18552,18710,1
22423,22354,1
28151,28057,1
5917,7484,0
4894,243,0
22379,22235,1
5000,5094,1
18298,18485,1
16704,28455,0
11882,22962,0
15336,15375,1
2327,2403,1
18315,12225,0
13948,22318,0
22409,22073,1
21579,21731,1
21732,26401,0
27096,27438,1
29945,29872,1
8437,22535,0
5282,315,0
24191,24027,1
18028,18460,1
28249,16975,0
11400,11039,1
28045,24829,0
18881,10626,0
5184,7839,0
9183,4998,0
2242,7323,0
27307,27133,1
13822,13766,1
26518,28642,0
19852,19787,1
16370,16153,1
6212,6450,1
27677,15361,0
13929,27398,0
26550,26940,1
29966,29998,1
1486,1369,1
22488,22035,1
11955,23657,0
31081,31299,1
9190,2744,0
2922,31302,0
7315,16197,0
14325,14127,1
25096,25446,1
6888,22748,0
25254,25130,1
16864,1153,0
29376,29180,1
949,505,1
5103,5071,1
20620,20695,1
2082,2463,1
18254,18395,1
6259,26429,0
21216,21240,1
15592,21131,0
31605,31694,1
62,1620,0
3378,3239,1
15322,15095,1
29248,29325,1
495,326,1
14057,14493,1
27490,27236,1
22841,22833,1
19951,30821,0
19008,19066,1
10482,28922,0
147,161,1
13117,13332,1
21855,21834,1
15801,22934,0
20809,20884,1
15526,11950,0
5730,7726,0
29836,6726,0
30231,30497,1
24934,28834,0
24458,30385,0
6590,21385,0
3905,30548,0
6474,11260,0
5131,5404,1
17142,14872,0
30884,30624,1
21138,22979,0
18834,18997,1
20470,4026,0
23765,23505,1
18607,31758,0
19247,19125,1
5416,19251,0
30407,17285,0
30839,30776,1
5227,31721,0
10278,10304,1
25464,26392,0
5339,5081,1
16711,16554,1
20633,20580,1
17655,11145,0
20970,6637,0
31593,28515,0
18408,13045,0
26507,7313,0
27668,27611,1
6965,11765,0
27315,27095,1
10581,10966,1
5161,1541,0
11058,11360,1
16790,16641,1
896,985,1
23428,23059,1
18940,31844,0
30302,5232,0
17821,22605,0
18449,18362,1
17113,5516,0
28160,28214,1
16001,11228,0
18146,24813,0
8957,8763,1
1875,669,0
17846,17684,1
11890,13414,0
23801,9390,0
981,516,1
4162,4175,1
16591,16725,1
3016,3266,1
31085,23569,0
17222,11357,0
18091,19253,0
25937,25731,1
31942,25540,0
30882,30646,1
26022,26162,1
16861,16612,1
24749,24891,1
466,331,1
2640,2592,1
16694,29746,0
24738,1449,0
30858,5153,0
7889,7869,1
19605,17993,0
12765,12868,1
13498,13413,1
26261,26249,1
16553,16816,1
6674,6707,1
15871,15899,1
10934,10952,1
24529,24968,1
16314,27512,0
14716,9328,0
633,834,1
19468,24705,0
2593,2546,1
27023,27062,1
3606,22413,0
26342,24468,0
15672,15522,1
29099,29245,1
22810,22802,1
26382,9025,0
22768,22896,1
20523,25676,0
13347,19842,0
2203,4283,0
2146,2209,1
13974,1820,0
5277,12444,0
28556,28676,1
11585,28976,0
13059,14438,0
28785,4426,0
26828,13559,0
15580,15963,1
909,793,1
7787,7502,1
20483,24989,0
10457,20166,0
6856,29254,0
10355,414,0
29891,8953,0
17532,17675,1
13637,11706,0
16768,28723,0
24027,24057,1
19096,19132,1
3977,3597,1
29188,28871,0
25552,25803,1
10770,10988,1
12543,29028,0
14349,14830,0
3119,17438,0
145,144,1
6070,6430,1
7876,7508,1
21364,21338,1
15341,15105,1
16118,16061,1
27967,27537,1
23290,23107,1
14418,14230,1
13506,13603,1
9785,24954,0
26917,23733,0
27005,18354,0
29317,29494,1
9050,31968,0
5449,27999,0
7374,7030,1
21884,21950,1
2148,2082,1
25704,25543,1
27064,10578,0
6552,6582,1
19664,19916,1
26111,25309,0
14173,14325,1
30865,30815,1
28480,28151,1
18573,10448,0
27164,10903,0
23302,7654,0
30954,30809,1
15993,15642,1
23935,23740,1
12365,5192,0
27838,27655,1
24040,11171,0
20423,20432,1
25096,22102,0
25342,7271,0
12007,24517,0
19863,19616,1
10596,1578,0
20816,20867,1
14340,839,0
9657,26689,0
19307,19254,1
1548,12375,0
17534,10712,0
25661,25583,1
259,21021,0
23059,23205,1
30622,39,0
17195,31852,0
4171,4151,1
11510,11924,1
6684,27519,0
6594,6684,1
16191,16142,1
7192,7090,1
28647,28513,1
22666,7877,0
17181,17113,1
4541,4842,1
29154,20304,0
16254,16452,1
17144,17479,1
30026,30350,1
7266,7095,1
21645,21834,1
6484,6353,1
13705,13816,1
19805,19900,1
21257,21458,1
16333,16392,1
4296,4488,1
21900,29564,0
30892,18257,0
26964,26903,1
24787,24899,1
643,579,1
25851,25757,1
2371,31469,0
22325,27433,0
9228,9320,1
24078,29860,0
4047,4441,1
9992,9956,1
1109,12033,0
21616,21628,1
19394,19017,1
16374,16019,1
11852,11696,1
30941,30924,1
1265,1069,1
11804,11988,1
28692,29905,0
31405,31118,1
25123,25044,1
25454,12551,0
26790,9093,0
20663,31880,0
23535,29741,0
28226,28076,1
4565,9423,0
1860,6659,0
12349,12381,1
31164,31039,1
26405,26480,1
6773,6729,1
1156,1257,1
20260,20487,1
27994,23353,0
24505,24600,1
20827,20775,1
17668,18548,0
29160,29086,1
13636,9441,0
6424,6410,1
10590,10691,1
28998,28755,1
5321,5019,1
25134,25253,1
27796,27940,1
13440,2960,0
18370,17766,0
15622,15646,1
19806,19507,1
4960,17897,0
20257,20204,1
19425,19308,1
21407,10345,0
17378,31276,0
11477,11492,1
552,822,1
24690,14696,0
4366,17163,0
6290,30678,0
16905,1570,0
8255,2969,0
18034,9912,0
26477,2865,0
23854,23588,1
3702,20405,0
7496,7013,1
31618,31526,1
22660,22694,1
16725,16703,1
2096,2342,1
19046,15096,0
17527,168,0
12391,18221,0
31661,4420,0
23118,23233,1
5037,14559,0
24857,24955,1
12257,8168,0
9992,7900,0
7858,7755,1
14926,14771,1
18624,18581,1
22284,4481,0
2588,2769,1
29852,29758,1
826,20788,0
30542,29903,0
7240,14435,0
9625,17294,0
13527,27956,0
12305,2099,0
17415,17174,1
25201,3848,0
26582,26550,1
21021,3469,0
1622,8042,0
17761,17790,1
29260,29217,1
22978,22973,1
25351,23040,0
27157,27445,1
22124,30079,0
29875,29798,1
14436,25455,0
9939,18895,0
16756,16663,1
19050,28699,0
16979,8532,0
18137,18450,1
4588,2491,0
28331,9519,0
8768,8698,1
4286,4272,1
9654,14033,0
17540,17732,1
13653,26421,0
27260,27174,1
15488,7939,0
9886,17607,0
14530,14971,1
18900,14888,0
20344,4748,0
28408,31530,0
13808,27061,0
11947,3569,0
4448,6442,0
25091,25360,1
775,10768,0
26459,26313,1
17959,17773,1
457,62,1
29237,31992,0
8023,8048,1
23972,23566,1
14096,24405,0
15504,15958,1
12508,31702,0
3706,17408,0
30476,30285,1
9382,18924,0
31401,31126,1
26944,6900,0
4660,4645,1
28360,28317,1
4541,4614,1
3587,3804,1
27382,27372,1
10322,10372,1
12830,21774,0
6988,6812,1
3262,14840,0
20057,7902,0
10854,28216,0
15533,907,0
21723,21970,1
26627,30465,0
19257,19422,1
30165,30389,1
22496,31949,0
31159,31173,1
10059,21660,0
27498,27119,1
8459,8253,1
6510,6949,1
22135,12343,0
20628,27711,0
19917,19870,1
8483,14195,0
6659,24408,0
15003,15248,1
3048,16009,0
15011,15076,1
16631,16965,1
1816,1566,1
12467,12095,1
28027,5716,0
30255,30450,1
10442,7886,0
22047,23238,0
9279,12813,0
7741,7500,1
7644,7558,1
2281,2193,1
2319,14998,0
28514,22157,0
2626,2820,1
25099,25251,1
13300,13461,1
24214,9354,0
11535,11739,1
4836,12785,0
21180,21359,1
23940,23692,1
5353,5229,1
21935,21828,1
13351,26794,0
7230,7163,1
14298,1689,0
28051,28269,1
28424,10651,0
18975,18945,1
26231,26344,1
11042,11324,1
10778,10837,1
9640,30457,0
27807,27700,1
5173,5231,1
22848,22526,1
22055,22039,1
28164,28227,1
12303,23034,0
22437,21180,0
3906,3722,1
3943,30565,0
23790,22938,0
30760,995,0
10833,3541,0
31239,31394,1
28076,31746,0
2442,10089,0
29528,29532,1
16697,28357,0
26769,26558,1
18236,18169,1
25803,25756,1
18805,8113,0
28006,28202,1
5890,5124,0
4614,4698,1
17141,3809,0
31787,13778,0
8472,8008,1
6186,3433,0
7536,3651,0
15691,2023,0
13066,13445,1
31601,31480,0
14938,25132,0
27104,27020,1
30476,18592,0
30160,24052,0
2310,7622,0
23093,4542,0
27868,27905,1
22880,509,0
2114,30366,0
11202,11466,1
16103,16299,1
29328,29304,1
21174,21323,1
31523,31640,1
10295,10070,1
17169,24480,0
2345,18261,0
29463,20329,0
7694,15116,0
3823,6845,0
31223,29777,0
25232,27181,0
11341,18719,0
17315,17014,1
13125,26003,0
22694,22717,1
4419,26649,0
6449,11330,0
3608,16791,0
8146,18697,0
4365,4292,1
23875,18878,0
21699,3037,0
2629,2622,1
30650,3927,0
17656,17672,1
19000,3011,0
5174,5265,1
10650,10572,1
5100,26425,0
4855,4986,1
15324,25110,0
18541,24373,0
13407,25558,0
27749,27521,1
25466,22869,0
20191,7709,0
8168,4308,0
19077,598,0
27686,1553,0
24138,26829,0
26450,12066,0
5678,21523,0
12960,26,0
31301,31453,1
25513,31148,0
20674,20607,1
26670,26518,1
2664,2828,1
25792,20828,0
24808,24594,1
2588,2975,1
972,976,1
11211,11217,1
5065,5400,1
3827,3606,1
14040,5185,0
2005,4978,0
13353,13350,1
12012,12351,1
11564,11631,1
9828,9705,1
15876,15630,1
30154,30266,1
24030,24040,1
10322,17719,0
22567,21861,0
13419,13273,1
21151,5103,0
15972,15640,1
18889,20925,0
27912,27981,1
28385,28445,1
10233,9054,0
24598,24952,1
4459,4098,1
23698,23911,1
21027,1228,0
18700,28612,0
10703,10608,1
9107,9413,1
27785,1201,0
23755,23765,1
15434,1433,0
19190,27859,0
16833,16607,1
8890,8577,1
4233,16284,0
16142,5708,0
24970,24815,1
12172,9686,0
18299,18378,1
16396,16022,1
7706,4957,0
11442,11271,1
12059,3845,0
3947,31361,0
12839,6900,0
19045,17955,0
9183,9017,1
26783,26602,1
16328,30698,0
14619,3150,0
7465,2642,0
11393,11111,1
1906,16821,0
22537,22812,1
6951,6915,1
14437,10999,0
5109,613,0
30823,30718,1
19292,11495,0
15472,15316,1
31135,4498,0
4566,30666,0
2975,30559,0
16465,29355,0
30163,17708,0
16617,16635,1
28696,28582,1
15371,2412,0
22306,22124,1
29433,29492,1
172,31578,0
3965,3991,1
4152,27665,0
27392,27360,1
12463,12397,1
28224,8410,0
25519,3091,0
18983,18571,1
1075,1277,1
18798,21590,0
14875,14676,1
2586,16769,0
30433,30049,1
4186,18333,0
28004,28356,1
25076,13622,0
5902,21014,0
15670,15582,1
9066,9450,1
13436,22429,0
25735,16584,0
23303,31015,0
13585,18940,0
13434,14229,0
31686,31885,1
15031,5034,0
2335,2231,1
28775,16822,0
22065,9436,0
29982,29862,1
21260,21261,1
11859,7938,0
24505,24812,1
20087,5444,0
30649,30797,1
9953,9954,1
9959,9766,1
9743,10498,0
24735,28901,0
19050,26227,0
6573,14191,0
20568,14138,0
9893,9575,1
2843,26637,0
14395,14343,1
25562,11364,0
1336,1094,1
30457,26775,0
16404,1500,0
30641,30870,1
24634,31030,0
27055,9260,0
1773,28491,0
11594,11695,1
27676,27873,1
15439,15226,1
14507,14640,1
10676,16,0
1428,1268,1
17592,31257,0
20892,20503,1
7474,7478,1
258,439,1
11552,11821,1
21211,21394,1
6860,6559,1
5816,25539,0
6826,6593,1
26184,26033,1
3501,3935,1
23044,23397,1
3025,3446,1
27017,27171,1
12542,12687,1
14869,14705,1
2227,2270,1
23484,683,0
24189,4190,0
5424,4558,0
25896,19298,0
2405,2263,1
25736,7140,0
31589,31734,1
5404,5994,0
22301,22285,1
19623,19886,1
6104,6046,1
24231,3190,0
16485,16251,1
22682,13787,0
25714,25913,1
6877,17246,0
3214,3157,1
17159,17233,1
19394,13651,0
11531,11927,1
30687,7019,0
27965,16843,0
28129,28185,1
20282,26367,0
1801,1909,1
11697,11805,1
7467,16550,0
31739,7339,0
11082,8282,0
7295,16784,0
25922,15894,0
28602,13532,0
25722,25649,1
14093,14351,1
12627,12923,1
29822,29664,1
2798,6174,0
30603,30451,0
9625,9691,1
9783,9736,1
27579,27910,1
28578,28922,1
17751,17653,1
26425,21588,0
632,12130,0
23057,19921,0
23856,7419,0
18596,18574,1
1255,1450,1
7668,28767,0
15919,9999,0
4487,4392,1
27047,24014,0
18731,18817,1
19452,29539,0
18276,18090,1
21449,21245,1
28571,26682,0
23413,23161,1
29572,12255,0
18983,7473,0
717,539,1
4655,13404,0
12229,19008,0
14550,14984,1
7544,7759,1
3752,3890,1
4707,20095,0
7701,7691,1
4982,4779,1
19501,19502,1
20450,20415,1
10698,14895,0
11571,11692,1
17410,17465,1
21999,19824,0
15067,29841,0
31289,29930,0
27603,27754,1
31069,31099,1
26785,26771,1
2050,19425,0
16088,16101,1
8776,28686,0
7309,7340,1
21666,21840,1
28020,7189,0
3932,877,0
1110,1261,1
21088,10665,0
19024,19464,1
4530,4584,1
12511,2473,0
5562,3253,0
21186,26731,0
29526,29763,1
11032,11234,1
22776,22867,1
18545,18606,1
30954,9595,0
3043,3142,1
7645,7542,1
25700,24412,0
26742,26663,1
2284,9716,0
12301,12208,1
19129,19459,1
13442,30156,0
23988,23578,1
6734,26129,0
4915,31886,0
23528,31086,0
30308,18826,0
23961,23708,1
12458,2096,0
20710,4148,0
29272,4044,0
18933,10000,0
5465,5977,0
28957,14163,0
19327,29858,0
31500,31849,1
4684,4628,1
8233,30705,0
24277,24462,1
10208,10334,1
15554,15711,1
25628,848,0
14354,14265,1
20526,20866,1
10085,10095,1
2005,5163,0
27327,27249,1
24421,7168,0
9844,23584,0
9388,18519,0
16052,16443,1
20431,20218,1
2845,2682,1
8105,1505,0
1392,9226,0
30610,4593,0
18012,23518,0
27741,27606,1
17537,17977,1
8439,8411,1
15881,16148,0
16317,28704,0
8675,15663,0
26195,31188,0
1516,1782,1
25748,25538,1
4064,4358,1
16788,16780,1
16470,22806,0
19675,11292,0
21378,21056,1
30428,14738,0
9485,25161,0
15222,15160,1
24967,19608,0
23485,23284,1
5624,17554,0
24267,24223,1
10491,10086,1
17596,8398,0
7488,17581,0
21403,21440,1
27885,27943,1
23634,21245,0
13471,11021,0
19576,21640,0
12544,12613,1
30304,30376,1
7023,9288,0
604,253,0
10282,12683,0
6106,6091,1
5076,5003,1
7667,20165,0
23529,6720,0
19340,19497,1
3497,301,0
19267,326,0
3908,11895,0
78,134,1
31162,31245,1
10844,10699,1
14267,12267,0
14367,14311,1
10597,10888,1
12205,851,0
932,17447,0
25768,29714,0
14332,23476,0
31758,31628,1
7495,15917,0
17236,24894,0
11799,11723,1
7126,17896,0
9856,5875,0
3931,3784,1
27752,27807,1
14548,14859,1
14053,11521,0
22814,25046,0
9788,9940,1
23108,3744,0
178,26202,0
14036,8202,0
24667,24914,1
28796,28563,1
16897,3428,0
19026,29119,0
28580,10182,0
25921,25917,1
12491,26948,0
609,20902,0
30938,8335,0
13833,12288,0
6130,6373,1
13395,13411,1
5919,22386,0
30578,30887,1
30948,30809,1
28910,6514,0
14355,5459,0
22069,22299,1
22037,22292,1
21265,21346,1
31987,31567,1
1459,17161,0
8838,8858,1
26878,26805,1
3820,5354,0
3486,27931,0
25821,25794,1
9087,7704,0
30841,2586,0
28417,28494,1
25676,23215,0
20335,9839,0
31169,30910,0
9066,9276,1
11057,11095,1
11699,11810,1
24092,11952,0
14037,14424,1
30186,30196,1
9032,2964,0
3071,26365,0
21766,25673,0
7088,24431,0
27222,27460,1
29631,4150,0
7897,7599,1
30854,24077,0
28769,28980,1
14119,14252,1
31061,8017,0
29171,31612,0
2749,16651,0
19126,23343,0
29257,29362,1
28716,28805,1
7741,7770,1
675,674,1
9473,9178,1
1789,17420,0
26283,26117,1
6898,6717,1
16299,6359,0
15507,28902,0
9212,599,0
2231,15071,0
31013,11586,0
4144,4290,1
20223,20212,1
7958,7819,1
2488,2170,1
3793,3950,1
17569,17622,1
9075,9240,1
23942,15159,0
13796,13565,1
21362,21413,1
13620,13560,1
168,496,1
15005,26053,0
31036,18326,0
24206,24418,1
23594,23936,1
5402,5299,1
13293,13212,1
22598,21890,0
26824,7130,0
7401,4392,0
20662,5114,0
26113,26212,1
31628,26030,0
13782,13616,1
27330,27490,1
8059,8393,1
30052,30068,1
10391,10410,1
9563,6514,0
27246,2947,0
26810,26885,1
17629,17567,1
1181,1412,1
18525,17879,0
9287,27614,0
5635,5572,1
1047,6365,0
17895,7937,0
1456,1079,1
10333,10021,1
18171,763,0
31939,16030,0
2765,2855,1
18762,18794,1
3613,9170,0
8647,22646,0
366,104,1
15299,1252,0
22672,22561,1
26038,16889,0
6872,26566,0
29606,21578,0
14415,14198,1
22884,22611,1
3500,3539,1
12807,17657,0
12801,596,0
28562,14273,0
10850,10694,1
18534,24248,0
18172,18280,1
4233,4247,1
10155,10249,1
30819,30524,1
22179,22363,1
27967,5076,0
20336,28733,0
31225,18095,0
4782,4832,1
17898,17551,1
4427,3499,0
5246,15351,0
20232,30338,0
27281,27271,1
14543,8837,0
21729,4609,0
29046,10079,0
29469,20076,0
16317,16414,1
8442,8342,1
21313,12789,0
6675,18569,0
6247,29882,0
3833,3657,1
5791,29063,0
15446,6831,0
9613,9614,1
9774,9503,1
17708,7309,0
8607,8789,1
29724,25526,0
14436,14324,1
6083,30737,0
843,23577,0
742,598,1
11483,11270,1
17625,17913,1
8858,8937,1
26810,26805,1
15570,19541,0
4224,12432,0
31530,31856,1
31324,8326,0
10620,25687,0
26986,26800,1
27908,27699,1
23619,14057,0
1727,1512,1
15339,9952,0
3234,3012,1
12275,12330,1
18011,10159,0
7572,7961,1
30748,30647,1
2986,5926,0
3770,3925,1
18221,2302,0
28050,28132,1
17525,17991,1
23831,23717,1
6237,19191,0
3768,3713,1
26972,26606,1
29487,18345,0
5513,5717,1
29984,29679,1
17237,28997,0
20942,20697,1
29297,12443,0
24282,16307,0
2171,23694,0
20010,16517,0
23042,19998,0
9181,9331,1
10756,2870,0
31037,6519,0
9969,29326,0
7882,7886,1
23005,23439,1
12192,28037,0
25741,25529,1
14106,30137,0
9033,9064,1
6538,6624,1
9813,9644,1
6527,6677,1
21606,21774,1
1607,1289,0
27401,14235,0
27592,27982,1
7626,7630,1
1735,19691,0
23733,12667,0
6026,31756,0
31265,12831,0
11236,11362,1
12012,12008,1
4050,4419,1
14001,14174,1
23601,23960,1
8688,8706,1
2435,2169,1
25440,21015,0
12111,12289,1
12379,12417,1
26622,26625,1
10269,10463,1
27621,27661,1
20317,9575,0
8949,8571,1
11117,11487,1
30477,23031,0
4136,4249,1
20918,8478,0
1283,4536,0
11067,3296,0
20239,20125,1
13896,13768,1
25510,31896,0
25965,25612,1
2097,2038,1
31877,31796,1
25000,14278,0
26330,26446,1
21068,15880,0
22732,9451,0
20238,19018,0
30608,30902,1
4156,17893,0
29033,29316,1
24635,24974,1
291,88,1
20061,20015,1
27194,29258,0
12701,12811,1
71,160,1
4962,6889,0
21394,25324,0
29342,6125,0
14295,14070,1
20306,20020,1
29410,27764,0
20552,12753,0
7528,17109,0
31367,31246,1
4715,12756,0
24721,11814,0
23469,23613,0
16810,16885,1
17518,17818,1
3454,3217,1
23430,23266,1
23517,23528,1
7556,16924,0
20307,15801,0
12786,12673,1
5208,7373,0
15286,21958,0
15779,20120,0
23002,19726,0
21440,21197,1
27159,27085,1
21652,21621,1
28034,2161,0
12807,19084,0
30097,11455,0
16840,16634,1
4895,4975,1
11755,10992,0
22611,22957,1
15605,15588,1
11233,9342,0
22230,21808,0
16273,16354,1
30997,30785,1
19518,21599,0
24914,6355,0
31321,14661,0
9868,9558,1
1918,25225,0
30228,12332,0
30938,30892,1
14885,2620,0
5333,5329,1
20508,20824,1
18134,18458,1
13809,17988,0
8555,20214,0
27642,27945,1
18472,30849,0
12030,28231,0
2443,24912,0
8697,8827,1
2972,38,0
11819,29005,0
7707,7507,1
23554,23802,1
14503,14935,1
12877,12947,1
22517,15977,0
26006,15242,0
12911,12623,1
15590,23335,0
7458,29577,0
23386,23073,1
2155,3163,0
19593,22128,0
13162,8564,0
5854,26762,0
11466,11349,1
25946,25723,1
2724,7236,0
9591,9541,1
31624,31507,1
23364,31659,0
1106,1295,1
22835,22868,1
17141,4395,0
15949,1868,0
27346,27260,1
12663,26074,0
3831,3534,1
14439,14402,1
848,869,1
18250,21177,0
8766,8958,1
13403,13350,1
4425,30836,0
358,496,1
5436,5214,1
22328,2729,0
10130,1593,0
22308,18282,0
3970,24037,0
20896,12273,0
10519,11533,0
31196,28882,0
10435,10408,1
9090,29548,0
21317,21323,1
18614,15413,0
2167,16703,0
16795,16785,1
18970,17556,0
2521,2511,1
19751,22256,0
20389,20483,1
522,801,1
23594,23974,1
31836,31791,1
23018,23143,1
23161,23236,1
23838,23574,1
20734,20915,1
26523,26899,1
28593,28557,1
12787,12853,1
10210,10074,1
20015,20030,1
2378,2312,1
8057,17311,0
16716,7933,0
3858,3677,1
9616,11869,0
31979,5370,0
26543,16444,0
3644,29411,0
29375,21398,0
2753,1135,0
19312,30361,0
29512,20487,0
31387,31021,1
16438,20449,0
14624,14580,1
9366,9476,1
2788,8989,0
23203,23193,1
14985,13762,0
21179,4175,0
2696,2619,1
31400,31010,1
10032,10423,1
11114,16079,0
4758,4779,1
29347,29178,1
29396,15426,0
25301,25213,1
16521,11762,0
10049,10027,1
10584,865,0
4659,29012,0
5566,5519,1
5261,25350,0
12250,29927,0
2341,20892,0
16530,16894,1
26862,14282,0
25625,25517,1
28990,28948,1
17860,29893,0
16489,9936,0
15082,633,0
31854,31599,1
10697,10568,1
22193,22312,1
23484,23139,1
8269,8575,0
7145,22446,0
12291,31824,0
25222,31750,0
23749,18638,0
31357,16347,0
14643,12468,0
11310,11127,1
2592,29223,0
16104,16143,1
22617,22865,1
16041,9363,0
14548,14593,1
10327,10313,1
8577,8601,1
16294,1893,0
10198,10411,1
17515,12468,0
23793,721,0
5371,15980,0
5631,5626,1
11514,16370,0
6819,6856,1
30372,30346,1
30467,7222,0
26039,26017,1
13292,13344,1
15924,15861,1
27556,5847,0
1781,1862,1
29011,11632,0
4574,4841,1
16938,16244,0
16984,16710,1
23712,23719,1
6868,6500,1
26027,26134,1
1087,19393,0
15496,12911,0
24542,24943,1
8207,27591,0
15538,22721,0
18077,25417,0
13918,7306,0
24898,24543,1
14418,17361,0
9394,23289,0
19909,27428,0
7867,7780,1
25917,29836,0
9244,14126,0
15527,15979,1
4929,21387,0
9228,23183,0
8732,8856,1
6512,6695,1
6645,6986,1
7750,7828,1
25973,16674,0
11934,5349,0
12897,12562,1
11015,19807,0
31583,19309,0
1512,18822,0
6406,6212,1
20332,2382,0
23538,23643,1
4464,23481,0
2389,2386,1
1426,1230,1
14816,14717,1
5390,19017,0
15052,29030,0
5587,5912,1
2595,2706,1
23014,23178,1
11447,8926,0
30987,8252,0
31003,31079,1
24490,6906,0
9062,27329,0
7374,18738,0
25275,21264,0
14672,31280,0
12263,11461,0
21436,21345,1
9133,9206,1
17538,29482,0
9655,9505,1
21155,17173,0
26324,5220,0
30253,30283,1
16893,16753,1
29658,29735,1
3968,9112,0
24619,7213,0
24337,24275,1
19571,14085,0
5856,14354,0
20850,20973,1
31243,31322,1
18905,17435,0
11549,19863,0
2922,2634,1
1972,1583,1
29442,29284,1
26503,6592,0
292,354,1
9362,9314,1
3543,3880,1
23959,30027,0
3492,29130,0
29796,29839,1
3953,11764,0
214,149,1
16349,16242,1
20581,31893,0
27477,13973,0
7919,9297,0
25224,27605,0
30579,30821,1
4457,4319,1
10817,10811,1
23646,23833,1
20263,13823,0
6182,6046,1
14071,12606,0
17697,9437,0
22339,3671,0
18778,18678,1
31480,6281,0
1767,1710,1
16967,16527,1
11284,27137,0
7975,7660,1
9130,9310,1
15104,15469,1
25987,25578,1
19687,8060,0
23176,12292,0
12085,20699,0
14656,5996,0
21119,21158,1
15068,20665,0
25684,2352,0
18858,31455,0
16883,16925,1
5157,21502,0
8859,23053,0
14779,18958,0
6573,4494,0
11954,11726,1
9065,22421,0
18669,11771,0
21192,6292,0
18184,18496,1
15610,15664,1
7807,14117,0
8900,8861,1
15467,14394,0
22698,22590,1
2591,25018,0
22850,22866,1
12408,5624,0
21613,21670,1
30135,26510,0
27688,1543,0
30211,30164,1
8655,8503,1
5191,5173,1
18023,18082,1
3229,3451,1
27060,25,0
4488,18264,0
17138,27085,0
28993,27294,0
10988,10907,1
6699,6853,1
5227,23347,0
16385,14073,0
19647,31131,0
19253,19337,1
2561,10583,0
9763,9893,1
20082,23567,0
17260,14151,0
2678,19965,0
31130,31046,1
21913,18837,0
16879,23897,0
15430,10092,0
9159,16140,0
3656,3661,1
14940,14805,1
825,27817,0
21133,21184,1
9712,9555,1
2001,9558,0
20227,4741,0
12137,12240,1
28447,21596,0
25579,25919,1
23803,30387,0
13099,13069,1
10575,10607,1
8867,31516,0
12238,12365,1
15890,30540,0
5689,28390,0
20298,20290,1
29830,2838,0
15840,12124,0
9548,9986,1
14509,26966,0
18304,28520,0
20561,21661,0
10258,10077,1
16241,16236,1
24830,24541,1
6867,18763,0
31151,26435,0
24719,24794,1
16824,26306,0
9086,29591,0
18930,31646,0
669,620,1
9008,9368,1
4894,17455,0
20043,20164,1
24944,8778,0
6287,24355,0
18170,31405,0
19448,19287,1
15534,15937,1
16150,16426,1
17783,23193,0
10392,10481,1
21429,14498,0
31873,31561,1
29177,17825,0
16968,11079,0
4427,20264,0
29085,20765,0
20615,20520,1
25819,6669,0
9415,9199,1
7004,28454,0
16786,9979,0
21664,21510,1
22852,22694,1
9132,24087,0
23229,23054,1
2434,2039,1
21518,4864,0
16227,16104,1
20190,30779,0
31124,31299,1
28662,30972,0
29476,29400,1
1438,1174,1
6791,6830,1
11077,11303,1
23462,23415,1
1099,6557,0
6546,25947,0
17933,11449,0
26339,26267,1
27047,27020,1
2793,2272,0
12384,12037,1
27161,27202,1
10162,10034,1
11588,8706,0
2580,23918,0
9410,9177,1
29582,29616,1
16792,13718,0
15612,8141,0
502,930,1
5147,31859,0
18144,18356,1
11648,11709,1
18445,2997,0
20224,14499,0
8538,8890,1
28614,28595,1
9675,12068,0
6999,6713,1
15728,16734,0
17627,17902,1
8085,5496,0
15979,30995,0
24783,24732,1
7997,7604,1
30253,30280,1
11929,11571,1
23689,23535,1
2440,2169,1
9732,24834,0
21164,21343,1
29316,29231,1
8134,22590,0
5051,5042,1
28329,28149,1
25912,25866,1
17703,31485,0
26775,26620,1
5654,20111,0
22736,22953,1
7465,3792,0
14477,14012,1
5160,5433,1
28072,28180,1
9355,9357,1
24184,31972,0
875,8909,0
21335,21336,1
8311,19452,0
24217,24344,1
10434,13585,0
28083,28483,1
6893,5572,0
9347,15381,0
14164,14180,1
20675,20948,1
7016,7414,1
12271,12437,1
31920,17098,0
29566,25559,0
5850,5863,1
17827,17645,1
26747,26603,1
7774,15413,0
17572,17585,1
4324,1497,0
25382,25496,1
9742,9627,1
19778,19840,1
16768,27812,0
26458,26152,1
23100,23399,1
11378,30186,0
2047,2207,1
30281,28119,0
20467,20320,1
2211,2423,1
18910,22802,0
4339,25497,0
29456,29161,1
31755,31749,1
17571,12241,0
20073,20227,1
9270,9236,1
26498,6048,0
5605,16022,0
10936,21431,0
8185,8077,1
4621,4604,1
1556,1578,1
16872,13303,0
1986,22105,0
3003,3278,1
31127,31321,1
12848,12931,1
28304,24119,0
8053,8022,1
19787,27293,0
13155,13127,1
23303,23237,1
21969,21621,1
26029,8498,0
18473,1930,0
3867,29074,0
5242,14989,0
7993,7508,1
5959,5551,1
6479,6473,1
12155,48,0
17894,2907,0
11085,18099,0
17009,26446,0
21797,16141,0
11167,11447,1
17428,12722,0
28283,28261,1
21130,14177,0
27978,27789,1
25810,23041,0
3163,3404,1
16952,16866,1
23222,23451,1
10340,10299,1
28246,23334,0
4032,27504,0
15790,23826,0
25088,8800,0
1784,19111,0
417,31411,0
23080,23096,1
9548,9519,1
26756,20489,0
23239,3044,0
26081,10911,0
7548,10354,0
137,25363,0
2471,2063,1
26944,10221,0
23814,23586,1
18201,9319,0
21102,30003,0
9710,10168,0
20588,5807,0
26804,26728,1
9711,23060,0
5038,11050,0
31279,31278,1
7563,7926,1
4151,31342,0
20533,20946,1
23909,23844,1
13875,13511,1
4153,2740,0
16354,16154,1
23079,23428,1
28757,28750,1
8545,2144,0
26805,13957,0
20474,23725,0
1533,1847,1
28477,28180,1
27210,27581,0
4872,4538,1
8412,8482,1
27483,27183,1
7735,7749,1
17712,23841,0
12140,7672,0
4270,2311,0
1399,6910,0
15456,15310,1
28848,28570,1
20152,9108,0
22819,16833,0
4534,4629,1
27720,20745,0
29488,12201,0
26884,31682,0
5852,13944,0
20108,20335,1
1677,24702,0
3213,3331,1
31235,31179,1
23082,26674,0
11159,11322,1
10917,10815,1
2473,27414,0
17298,11021,0
26561,26563,1
24224,8526,0
15740,15895,1
31845,21350,0
21669,6773,0
23508,23789,1
15523,19675,0
6866,6571,1
10105,10289,1
26726,28608,0
17513,17753,1
26663,1330,0
15278,15483,1
22036,22313,1
21553,30913,0
30418,27474,0
12409,8993,0
24614,14242,0
8978,8669,1
31073,27041,0
31161,31312,1
23484,23024,1
23926,12405,0
14267,14052,1
9707,25254,0
22470,24881,0
26247,26333,1
1982,1838,1
19806,9968,0
17387,22494,0
27231,31423,0
3650,7077,0
9431,9170,1
17623,16284,0
23414,23422,1
10534,17505,0
3936,21469,0
9583,9592,1
31643,31699,1
20235,27426,0
19369,19380,1
28036,23389,0
29459,30027,0
27358,27424,1
21826,6435,0
6131,3551,0
17725,17709,1
23578,30999,0
10525,10705,1
18702,19510,0
30761,8567,0
30825,30814,1
7420,7191,1
18684,23215,0
24010,24298,1
30766,26481,0
31412,31163,1
4848,28835,0
7352,7386,1
4055,8018,0
27763,27675,1
773,31426,0
18480,24286,0
20955,643,0
25808,5774,0
17742,17663,1
15520,4539,0
26401,2656,0
11634,11914,1
29471,29023,1
8399,8204,1
6015,15565,0
20397,20151,1
25026,25170,1
18779,4966,0
1999,27125,0
14910,14676,1
8023,8061,1
9976,9753,1
11424,23329,0
26432,10429,0
6540,6590,1
19422,27651,0
4406,5119,0
16435,27673,0
4978,24671,0
4329,31090,0
27414,28486,0
27157,27339,1
11212,28811,0
21910,25488,0
10859,10619,1
20076,15890,0
7707,7774,1
17590,17631,1
5413,5155,1
1945,1959,1
28769,28813,1
21414,21060,1
3101,27875,0
31531,31830,1
9699,9922,1
2287,26658,0
29403,21386,0
5494,5443,1
9116,9331,1
21436,21296,1
28571,28804,1
30260,30212,1
29408,18191,0
8807,26732,0
9403,4370,0
24149,11772,0
29256,1859,0
25203,25351,1
29753,29685,1
22670,6968,0
1859,14471,0
5354,31694,0
24100,9616,0
17409,14090,0
27003,5933,0
3369,3338,1
8644,25838,0
19017,12210,0
12853,12781,1
31538,21368,0
7291,25972,0
11056,11094,1
23554,23819,1
13224,13408,1
10494,10356,1
27077,23963,0
20238,22861,0
20894,20666,1
28169,28403,1
24419,30889,0
7286,3525,0
6045,8735,0
29026,29202,1
30939,31571,0
26577,11751,0
24954,28604,0
31627,4650,0
31682,31902,1
1668,24110,0
13204,13370,1
8564,26424,0
1225,1004,1
29981,29604,1
9942,12440,0
22992,22762,1
14352,10707,0
25743,24934,0
28755,19824,0
23449,25845,0
13942,13965,1
102,29337,0
18972,18924,1
23787,23831,1
6149,6317,1
10849,18969,0
20709,20730,1
19995,25825,0
1265,1262,1
3460,3199,1
2872,2901,1
4845,6736,0
19240,12665,0
30502,26840,0
27407,7534,0
15556,15241,0
29728,29616,1
18681,8406,0
21275,21481,1
1331,1218,1
18285,18369,1
25422,4550,0
19543,19982,1
19722,19069,0
27799,14081,0
477,7447,0
3995,22796,0
30093,30135,1
19383,13969,0
21043,21227,1
5916,5606,1
13440,24574,0
4257,4301,1
11785,11962,1
19804,15040,0
11528,20375,0
9118,9327,1
14357,14325,1
12980,19923,0
23211,23380,1
5753,52,0
19291,19004,1
2902,2237,0
19252,19286,1
21329,9212,0
19073,19021,1
12693,12818,1
30715,30739,1
25353,28079,0
19613,25893,0
21778,21624,1
183,29620,0
19983,4091,0
15934,31997,0
6232,10186,0
14669,24927,0
3518,4296,0
8197,8342,1
5361,5156,1
8670,15874,0
30270,30302,1
23366,23231,1
14806,12038,0
2509,2998,1
421,327,1
11809,11768,1
14821,7205,0
6753,24288,0
27594,27773,1
8964,13772,0
28640,28671,1
25487,25393,1
19926,19876,1
4446,8077,0
11195,11442,1
29494,29141,1
25963,7295,0
494,3768,0
1054,1456,1
18663,18576,1
15265,2603,0
2494,2266,1
12416,12313,1
27260,18527,0
20178,20062,1
25693,25656,1
20295,13713,0
1772,9176,0
16710,17881,0
5660,5976,1
11147,11280,1
10341,10101,1
14880,10747,0
14945,14808,1
1821,23563,0
553,10889,0
14782,11373,0
4030,4386,1
30093,29343,0
13242,13066,1
24796,24748,1
4588,4771,1
8193,10461,0
12093,29486,0
20234,20245,1
10486,10476,1
8515,8550,1
1755,1992,1
17812,17930,1
22184,22326,1
9399,9488,1
468,11094,0
26644,26533,1
15047,5725,0
23408,23347,1
4530,4734,1
31283,16989,0
19226,19381,1
20991,17640,0
9238,9298,1
26226,21955,0
11871,11744,1
9501,6978,0
25661,49,0
31229,673,0
6909,6644,1
18029,21961,0
29031,19188,0
4011,2272,0
19709,19943,1
3374,3096,1
12861,9572,0
27554,27895,1
975,586,1
13535,2432,0
11815,20724,0
25842,25931,1
17046,12679,0
524,500,1
24500,6262,0
8390,5754,0
2332,2438,1
3943,3584,1
30779,31561,0
29070,6123,0
22221,4761,0
24361,14572,0
13574,7365,0
4512,3889,0
28275,23571,0
27685,15654,0
7263,7238,1
5064,5258,1
13443,13104,1
7073,3335,0
12975,6067,0
22503,26307,0
5765,5575,1
29178,18155,0
22564,23839,0
2966,2780,1
24692,24815,1
973,31971,0
14109,14438,1
18488,13308,0
19625,18072,0
23881,23615,1
17449,24225,0
8794,16339,0
8477,8425,1
28902,28884,1
9773,489,0
81,267,1
13751,13862,1
14027,21595,0
27406,27002,1
6801,6813,1
27845,27603,1
9899,18456,0
19757,19886,1
25381,25080,1
11371,12238,0
12071,919,0
15019,15158,1
6200,6480,1
31528,26066,0
26819,2457,0
25093,25358,1
19184,18692,0
18541,18742,1
14993,14477,0
28987,28852,1
19181,2544,0
17575,17893,1
16450,16272,1
27717,27855,1
24387,24326,1
25129,19811,0
7079,7220,1
4507,4926,1
11298,11126,1
29187,29025,1
19322,907,0
7032,7232,1
9445,9266,1
3235,3316,1
17976,29006,0
11983,20684,0
7797,7824,1
22970,16819,0
23937,23537,1
9804,28689,0
21551,21761,1
27161,27405,1
14970,4251,0
5938,5501,1
31936,31981,1
23387,17276,0
16373,30019,0
20802,11429,0
2410,2148,1
31325,31011,1
21094,21158,1
7707,7908,1
31465,12157,0
2784,14365,0
8775,29970,0
9412,9237,1
22573,1770,0
18291,12918,0
13968,13764,1
25493,25095,1
25097,1616,0
18934,18933,1
14291,31967,0
4011,10639,0
19520,27031,0
16910,2677,0
31679,31598,1
13098,2558,0
14395,27169,0
30624,30575,1
30026,30037,1
26492,26226,1
13468,24005,0
11730,11556,1
26660,21601,0
6137,21413,0
2050,10107,0
810,859,1
30767,19722,0
29712,8938,0
26092,4556,0
10266,10120,1
4580,20660,0
2430,2378,1
4676,4718,1
25083,25432,1
24292,24080,1
7776,7854,1
20132,22588,0
11576,28303,0
20895,20874,1
26712,26760,1
8433,8334,1
6413,6250,1
19892,19696,1
15026,15403,1
9018,8020,0
27713,27976,1
10930,22814,0
896,22867,0
18572,18939,1
24322,24333,1
20967,20523,1
1799,1620,1
4292,12665,0
21402,30959,0
1138,6850,0
6353,9903,0
5356,5152,1
11028,11287,1
31608,6038,0
24940,25219,0
25367,25368,1
9384,3463,0
24408,24017,1
13930,545,0
22896,6599,0
19147,19377,1
2030,2208,1
17900,17727,1
15158,15494,1
23901,23519,1
4757,4683,1
2339,2102,1
3749,3755,1
28856,28594,1
17806,17693,1
12169,12426,1
347,23121,0
2933,12270,0
1356,1043,1
28333,158,0
4177,4427,1
16062,16272,1
18423,18284,1
17238,17326,1
25111,25495,1
6115,6454,1
7370,24319,0
16578,16383,0
14172,14346,1
21685,21632,1
22526,22918,1
197,16288,0
21859,5246,0
17260,17129,1
19925,29293,0
2043,2141,1
7355,26300,0
5330,3834,0
29251,21497,0
30564,23917,0
13893,21996,0
9631,9898,1
2906,30170,0
5216,19627,0
14368,26919,0
25007,25328,1
14016,14209,1
1497,8573,0
9633,9927,1
18624,18993,1
15425,23958,0
30115,561,0
7763,7639,1
15177,8779,0
30456,24167,0
24486,21993,0
3024,3222,1
19128,19287,1
11558,24913,0
20802,20696,1
11250,12723,0
18541,14221,0
6353,28570,0
16206,16016,1
12824,25323,0
25461,20237,0
14069,14382,1
2635,12035,0
16972,16899,1
21114,21137,1
4690,30942,0
19863,19631,1
10542,24464,0
241,70,1
9526,9965,1
23690,23904,1
29842,29547,1
3017,10352,0
27393,27147,1
14286,10042,0
11717,6087,0
11137,1840,0
22029,3171,0
5529,5980,1
8401,6924,0
26075,3607,0
3145,3050,1
7477,23697,0
10464,24302,0
7643,4028,0
15920,23015,0
17303,19008,0
19304,19275,1
22243,22049,1
2418,1233,0
18692,22422,0
15903,21313,0
11052,22676,0
10060,30385,0
31900,28150,0
8144,8145,1
30828,30681,1
23832,4771,0
31141,23904,0
18498,18188,1
10632,10795,1
1106,1168,1
4549,4777,1
13187,14063,0
4101,22011,0
18643,2166,0
3235,30215,0
26957,15128,0
21758,21582,1
25112,25295,1
17541,24431,0
27237,27198,1
4123,20285,0
12748,24935,0
24363,24129,1
17929,17866,1
30434,9654,0
15012,21336,0
22720,22664,1
2568,2551,1
31386,26126,0
16326,16116,1
10990,4116,0
14914,14617,1
13638,13898,1
15876,15967,1
25452,745,0
15974,15792,1
19858,19824,1
6049,6148,1
12669,1082,0
24124,186,0
2947,2788,1
14186,24685,0
28952,6434,0
1064,5128,0
14375,5360,0
22685,22600,1
20363,20016,1
15766,8273,0
26744,26985,1
15241,15248,1
10712,118,0
722,905,1
24294,24467,1
20141,13999,0
18698,18890,1
22916,22539,1
23591,6053,0
22875,22809,1
8727,30989,0
17162,17032,1
24403,15509,0
8776,28471,0
193,25128,0
11742,7864,0
29775,20475,0
19877,19805,1
2490,2261,1
1731,645,0
19952,19993,1
21571,3887,0
14222,25560,0
3322,3170,1
20761,13975,0
11819,11849,1
4855,4945,1
11412,20711,0
12029,12313,1
22520,22770,1
6149,6344,1
20341,4520,0
8050,8166,1
8937,8885,1
5100,688,0
19690,19518,1
23804,23541,1
5440,5215,1
18685,18990,1
16799,16961,1
23886,31172,0
1666,1593,1
13326,13427,1
1031,16661,0
10869,10724,1
3514,3752,1
4817,4708,1
27425,27464,1
14839,14930,1
6406,20190,0
7115,7279,1
24935,24814,1
29750,16964,0
15860,5300,0
13694,13938,1
14182,17910,0
20163,29271,0
2571,23416,0
5645,5514,1
28539,25822,0
27622,27685,1
6977,6979,1
19984,29719,0
5340,5485,1
24589,24705,1
28830,29629,0
10018,10939,0
7335,29003,0
23811,23917,1
15882,2558,0
8242,21147,0
18477,18303,1
22319,4220,0
30472,30196,1
3617,3534,1
7648,7653,1
23937,9160,0
520,22630,0
13466,9133,0
17806,12058,0
28494,28414,1
19583,19998,1
18062,16567,0
3984,3896,1
23751,23651,1
31215,30064,0
23503,23814,1
27662,27916,1
16434,16183,1
31926,31842,1
28687,17058,0
25362,7973,0
11245,23674,0
13719,9254,0
8075,92,0
16898,18422,0
12888,12678,1
11230,13118,0
31129,31307,1
1913,120,0
16990,14807,0
19425,29150,0
9755,9810,1
24691,24629,1
14501,28054,0
14652,14893,1
27561,27881,1
15397,15447,1
18827,15883,0
13246,16361,0
151,487,1
28173,19527,0
31564,31912,1
29346,29325,1
14737,16881,0
20592,26379,0
15163,29847,0
5226,5058,1
29357,16217,0
16891,16559,1
4924,14154,0
26,197,1
8500,21874,0
14193,14487,1
17548,25240,0
25765,25861,1
7595,18253,0
19189,19074,1
11758,23697,0
12319,12106,1
1517,1696,1
8977,8935,1
6851,6635,1
28609,28938,1
5410,29845,0
3923,17661,0
29759,25972,0
1907,1782,1
27300,27141,1
13191,13097,1
27379,14590,0
1049,1419,1
10765,18923,0
26231,26052,1
27897,17804,0
20426,20346,1
16089,2690,0
11346,11179,1
4838,4943,1
25170,25430,1
22862,22736,1
11175,11180,1
9396,24939,0
4023,11053,0
20281,20071,1
4615,4993,1
12671,12653,1
5542,5625,1
31891,31991,1
11706,23623,0
14724,14869,1
2187,18665,0
19609,19529,1
27543,12269,0
4800,4860,1
27613,22321,0
30866,30561,1
29407,5876,0
26457,7659,0
7509,7505,1
18917,28214,0
26081,26197,1
1337,25428,0
28200,10546,0
7043,22899,0
13059,6624,0
15014,15148,1
22423,26713,0
31722,15712,0
4383,4361,1
15751,5051,0
14539,14763,1
24517,17970,0
8428,27113,0
13053,23743,0
5790,23742,0
4346,18105,0
4072,4453,1
7053,7493,1
31319,1454,0
14316,20776,0
8065,17525,0
19755,19773,1
15727,888,0
16139,16342,1
22257,22364,1
8067,4827,0
1634,5973,0
22766,12413,0
11626,29643,0
10037,10226,1
8196,8065,1
18198,18209,1
9534,169,0
19138,19365,1
25689,27051,0
13473,4772,0
11852,1272,0
20097,20403,1
8465,29494,0
9067,9172,1
29391,29426,1
4764,6799,0
15014,24649,0
16971,16680,1
30440,30408,1
31424,31219,1
4023,4338,1
6456,9948,0
7061,7449,1
8520,31065,0
31999,1433,0
4085,20851,0
18139,27920,0
30069,30193,1
16481,16380,1
1374,1477,1
1519,1754,1
15999,25256,0
8114,16257,0
19042,19391,1
15974,26694,0
17219,9315,0
29219,29146,1
16349,28802,0
24833,24737,1
16607,16627,1
12017,3163,0
11198,11489,1
4133,29596,0
17444,15972,0
6097,6031,1
19989,19639,1
13452,4885,0
21641,21827,1
9495,9032,1
31661,30997,0
5615,4231,0
20321,21765,0
26775,3921,0
809,506,1
25736,25772,1
18395,14156,0
11241,11391,1
1157,20125,0
29931,6247,0
23988,23601,1
18685,18944,1
5353,31724,0
10648,10593,1
25763,25556,1
12865,12659,1
20968,20751,1
3407,12810,0
29550,26951,0
14010,11905,0
30655,1625,0
31162,31157,1
4165,4363,1
9665,9580,1
15985,29869,0
24022,24147,1
13465,13467,1
26624,26607,1
22481,20838,0
30226,1431,0
4172,17686,0
26236,26014,1
15118,15112,1
23236,23367,1
23232,23050,1
29127,29392,1
24445,9073,0
16101,1703,0
30498,30355,1
5238,5248,1
4267,4053,1
30874,14520,0
5669,31145,0
2916,2729,1
7222,23244,0
1917,1698,1
11544,11587,1
3060,3263,1
5743,5629,1
25646,1865,0
7724,23359,0
13946,20912,0
1605,1828,1
7804,7706,1
18861,18619,1
2185,2461,1
22359,29988,0
21272,5116,0
24580,17670,0
18230,26341,0
10105,50,0
7171,16138,0
15464,15025,1
9401,9396,1
22180,22082,1
2871,2553,1
11973,11635,1
7852,12922,0
5529,10979,0
18934,17259,0
31358,7704,0
16635,22284,0
6552,8765,0
11626,6790,0
31805,31951,1
491,19359,0
15966,10328,0
29597,1982,0
16782,31666,0
19871,23138,0
20392,11988,0
24588,25531,0
26185,17714,0
87,14902,0
3478,3276,1
1163,22951,0
5137,27902,0
28925,28681,1
2445,17395,0
1805,20316,0
8459,8404,1
22040,3618,0
12639,12734,1
23558,23890,1
17164,8992,0
4314,17206,0
30051,30012,1
18646,7662,0
8246,9071,0
29,15006,0
29108,23965,0
27606,18031,0
24413,24297,1
17459,17190,1
1853,28492,0
28030,13983,0
13375,5982,0
8603,13597,0
10188,10022,1
5526,5578,1
29915,29559,1
28959,15998,0
20640,26045,0
2698,25161,0
30653,30576,1
10366,10377,1
15926,15959,1
15367,15246,1
13323,11317,0
20003,20250,1
6604,6776,1
22995,22771,1
27253,27194,1
15826,15961,1
23063,23113,1
24187,24215,1
31435,26757,0
20166,20008,1
23112,10661,0
23124,23441,1
26039,26035,1
17450,17414,1
31446,31277,1
13002,31139,0
31583,19754,0
31623,31621,1
22083,2149,0
20137,10439,0
15571,31982,0
18407,20819,0
21676,21630,1
1817,1525,1
19414,29205,0
17784,17505,1
18432,18325,1
18652,28206,0
18179,8268,0
3101,27386,0
7217,7032,1
9939,10738,0
23466,23332,1
6200,6172,1
31898,12038,0
17832,17819,1
17267,17230,1
7803,7610,1
12841,12880,1
14126,14182,1
19444,19044,1
15364,15150,1
2384,2486,1
10405,10348,1
30362,30230,1
14194,31468,0
20957,20834,1
18083,10741,0
1100,4723,0
31960,9940,0
20209,20014,1
17735,22205,0
30439,26818,0
10525,19429,0
21594,21994,1
5890,5745,1
8265,16319,0
9416,10037,0
8679,11884,0
31596,26686,0
13103,31357,0
27704,21019,0
30471,6785,0
14245,14021,1
22249,10354,0
15251,29983,0
320,156,1
5418,4197,0
16023,683,0
28187,22408,0
17983,7823,0
2131,29379,0
5311,5019,1
11171,13590,0
9863,9771,1
5567,5720,1
8589,8557,1
31594,2805,0
9028,9334,1
4349,10855,0
21308,21011,1
19427,8379,0
13228,13034,1
3853,3901,1
25666,25561,1
27700,27635,1
12619,27212,0
19961,19878,1
29471,31345,0
9898,9835,1
30836,4064,0
16465,16477,1
10223,1505,0
3721,3653,1
17544,26735,0
14795,10682,0
22379,3748,0
27545,27618,1
8414,7523,0
21414,8892,0
14524,10544,0
24343,24192,1
11043,11328,1
26225,26320,1
10321,4503,0
8273,8054,1
223,199,1
2003,10793,0
17357,17481,1
20433,20215,1
24457,25526,0
28781,28923,1
18042,2736,0
12785,15837,0
19818,19533,1
21186,12302,0
1810,4827,0
31112,19042,0
5706,5014,0
16007,13885,0
24069,736,0
23759,23987,1
18027,18121,1
15964,15975,1
5088,5227,1
5722,5550,1
10641,7922,0
1855,1560,1
12391,3417,0
20287,20203,1
23380,22541,0
16626,16785,1
8921,8873,1
30928,25572,0
4956,4992,1
20706,15070,0
2578,2914,1
19407,19140,1
27477,22839,0
27286,18403,0
15761,6808,0
3194,3208,1
14930,19138,0
14935,14561,1
15910,15971,1
888,502,1
23858,23753,1
25,12,1
27532,15691,0
22950,2489,0
31548,31977,1
18212,13504,0
25222,21494,0
24289,12644,0
13486,29211,0
22739,22681,1
8380,3326,0
26076,8818,0
24544,24750,1
18725,18906,1
26692,16778,0
30618,30540,1
17627,16065,0
5155,30250,0
16958,24765,0
2081,22581,0
31759,17782,0
13842,13943,1
15468,30260,0
15214,15343,1
16804,29472,0
30936,2283,0
2695,2929,1
17078,17469,1
5807,5595,1
2027,2094,1
18004,18307,1
29906,26681,0
22650,11762,0
25715,25952,1
11469,15907,0
14176,17829,0
21152,21181,1
5211,21093,0
31572,7678,0
24641,25280,0
17008,17098,1
11103,11090,1
534,983,1
10516,19699,0
17042,22432,0
27406,25834,0
2398,2161,1
20577,28500,0
8276,8415,1
21171,21000,1
18757,29066,0
21785,11880,0
17208,2491,0
19850,19829,1
22930,22929,1
17545,14111,0
4580,4501,1
15320,11614,0
1494,29353,0
1559,21761,0
26735,25461,0
25709,25758,1
950,797,1
11098,11488,1
27207,27397,1
24433,20636,0
25122,6707,0
26366,30627,0
645,16485,0
4932,27356,0
3559,20857,0
19913,18767,0
4205,18926,0
30004,30425,1
6322,22515,0
19895,6661,0
25826,25971,1
18721,27786,0
24543,5617,0
10077,10303,1
26938,21184,0
970,6068,0
9563,22839,0
23058,4117,0
26635,5556,0
21637,21565,1
8985,26109,0
12763,25628,0
26441,31495,0
17126,17394,1
25843,4499,0
4253,6645,0
22171,16476,0
25613,25850,1
18456,22827,0
6301,6163,1
15497,15001,1
12954,12848,1
1157,31941,0
12126,12367,1
20887,20749,1
6913,6634,1
1658,1506,1
29863,29979,1
30929,30724,1
26271,2691,0
19314,30316,0
19138,8872,0
26661,2462,0
27621,27883,1
27337,13252,0
26627,26992,1
16067,28579,0
30743,30774,1
23058,26930,0
14501,14514,1
3332,3009,1
11328,11463,1
30798,31820,0
19370,2641,0
2064,3049,0
742,966,1
12465,12099,1
20127,12288,0
15555,10181,0
31707,25840,0
22954,22752,1
1926,30684,0
24506,29836,0
30332,30278,1
14828,14508,1
632,686,1
6715,6718,1
24062,7936,0
11682,9299,0
10268,8339,0
11996,11624,1
10582,10547,1
28735,28563,1
14296,2898,0
7685,25543,0
14445,8584,0
9802,15891,0
25224,13908,0
10606,612,0
24477,24083,1
11647,5100,0
28683,3672,0
19157,19233,1
22968,18217,0
27712,27934,1
1529,8807,0
11805,11825,1
13627,10181,0
5145,5306,1
1938,11757,0
22604,23231,0
30030,30481,1
21062,21060,1
31926,31962,1
12159,5169,0
9936,13802,0
15462,8150,0
23413,17675,0
1102,12628,0
25741,996,0
12697,23027,0
7302,7092,1
4414,4379,1
3232,3300,1
12573,12918,1
459,31953,0
2435,2236,1
26788,26761,1
2315,25671,0
4830,4942,1
29454,29126,1
27934,27989,1
6121,6377,1
22944,4614,0
23702,13864,0
5055,5393,1
6990,12308,0
13277,13326,1
28775,28812,1
4140,4335,1
31447,31126,1
21955,31588,0
14178,14459,1
724,938,1
29721,29709,1
21269,24923,0
8077,8351,1
22486,521,0
16928,16783,1
11384,20357,0
16654,15088,0
18487,18480,1
16245,3696,0
20604,19202,0
7036,7412,1
18007,18175,1
26106,26337,1
2844,19730,0
3432,1618,0
13167,13055,1
15685,10675,0
21779,7542,0
27253,27087,1
25547,14655,0
20882,20819,1
15824,29067,0
22849,24583,0
22499,22045,1
17069,17014,1
9839,9992,1
28564,28576,1
5508,11455,0
721,813,1
1215,1014,1
2996,2948,1
8703,4590,0
8542,11631,0
15183,30898,0
2499,3370,0
9009,11762,0
7720,11987,0
5714,5917,1
21196,21386,1
5900,5809,1
10117,10290,1
17933,17942,1
4071,4077,1
22458,3194,0
22575,20135,0
26993,26666,1
4035,11511,0
16318,14177,0
16452,16051,1
10634,31455,0
3417,31304,0
1841,16164,0
2131,2934,0
27996,3350,0
607,652,1
24429,24404,1
26140,18196,0
5856,2950,0
17430,8416,0
10190,10416,1
7950,20187,0
20924,11757,0
9748,9925,1
17395,17030,1
8598,8853,1
17631,17775,1
22587,22707,1
24498,24464,1
16164,16284,1
23522,23566,1
21911,20748,0
15707,11843,0
3555,25261,0
23655,23649,1
7726,8625,0
306,1272,0
11587,11589,1
18155,22628,0
11378,16658,0
10824,19157,0
10485,10405,1
23253,23133,1
12456,12373,1
31309,31036,1
15215,15478,1
14592,22962,0
16624,4409,0
23404,24775,0
16619,27690,0
23989,23918,1
25794,25650,1
17994,17718,1
5985,8912,0
22392,22200,1
22561,22657,1
15924,15565,1
16817,475,0
18114,2757,0
18714,18734,1
1342,1043,1
16455,16009,1
27105,28512,0
13348,26337,0
18481,5964,0
11012,11443,1
30055,9955,0
1123,20887,0
27578,6628,0
4463,4140,1
4902,4664,1
16102,14952,0
26054,26130,1
29379,6696,0
13601,13873,1
23416,1828,0
23825,23532,1
2766,22455,0
19188,19448,1
11564,11533,1
26926,29650,0
31344,24620,0
3967,3600,1
2759,2553,1
19696,19673,1
25737,25944,1
31260,10735,0
25473,1772,0
7636,7592,1
11363,11227,1
5668,5500,1
13554,13589,1
30056,30170,1
16907,16987,1
18672,18792,1
17211,17044,1
1239,1097,1
9614,31093,0
14010,14485,1
16911,12887,0
16628,11907,0
27714,27787,1
25911,25335,0
30490,30313,1
10755,9464,0
20532,1022,0
1434,1259,1
21701,31620,0
10257,27513,0
20002,19990,0
21272,21875,0
20485,30168,0
18521,15361,0
6861,6977,1
12,12870,0
267,417,1
2304,27010,0
27293,30186,0
28438,28285,1
21187,21411,1
20872,21695,0
2058,2053,1
17910,715,0
17492,17024,1
16602,8269,0
6189,11697,0
6532,13069,0
10021,10142,1
25576,12341,0
28040,28331,1
27427,27053,1
22658,22765,1
2132,2355,1
4214,16959,0
768,11659,0
11846,4246,0
27977,20913,0
15916,15922,1
11291,18108,0
15622,12906,0
15999,15558,1
16720,16689,1
30652,16754,0
30453,30034,1
8942,8535,1
8457,8168,1
23775,23890,1
11546,11217,0
1693,1914,1
3416,3445,1
13512,13635,1
158,159,1
14926,24661,0
9350,20816,0
18787,18602,1
31750,31753,1
21923,21737,1
25508,25912,1
8878,8568,1
15954,15538,1
1044,1274,1
19310,4795,0
14653,14762,1
25323,7190,0
19130,19351,1
26425,26354,1
25665,25667,1
22675,22631,1
10214,10419,1
990,501,1
23379,26792,0
15295,15244,1
18570,18608,1
26441,26265,1
3052,3194,1
958,23044,0
25837,25751,1
11191,11033,1
1314,1225,1
10868,10755,1
14489,30109,0
27754,27705,1
9597,9711,1
2611,7966,0
10194,10245,1
27325,27125,1
4044,21787,0
14335,14275,1
18534,7444,0
13059,15987,0
19803,19543,1
24425,24298,1
14864,14569,1
11945,11685,1
845,550,1
13688,9737,0
29972,6995,0
23354,23020,1
21822,13904,0
6258,4428,0
1095,26922,0
20934,20511,1
20204,20462,1
2275,17706,0
14013,929,0
8162,8392,1
2224,1981,0
9142,9941,0
14282,6245,0
22097,22164,1
31719,23168,0
29950,6390,0
11242,18103,0
7075,12436,0
25638,17564,0
19933,19548,1
24332,5078,0
24847,24871,1
1577,1952,1
28343,28494,1
31499,31143,1
7398,7419,1
5191,5442,1
29812,29999,1
11249,11422,1
17401,17230,1
11356,13271,0
30463,16704,0
19968,19593,1
10381,27807,0
14619,14907,1
13785,13918,1
12579,7032,0
12945,12564,1
23365,3394,0
5613,5721,1
6043,6360,1
1557,1622,1
15905,15839,1
16940,16443,0
19676,6929,0
27670,6516,0
16648,13120,0
24283,6336,0
7009,14854,0
5220,19261,0
8612,8763,1
19002,19262,1
3570,3988,1
1156,6783,0
31972,31833,1
28333,28320,1
3213,3025,1
8084,21017,0
3906,3997,1
22893,24459,0
1305,24286,0
17294,17331,1
13400,13081,1
22837,4212,0
7911,19319,0
6568,6917,1
11291,8610,0
27349,27296,1
31095,18068,0
7386,1928,0
10989,1187,0
27432,27395,1
14058,14027,1
22048,29994,0
29486,29364,1
444,149,1
7019,7194,1
29525,29551,1
9271,4171,0
16023,16171,1
8797,900,0
7591,21150,0
6482,25002,0
21374,21024,1
6834,6663,1
13137,10592,0
28233,28072,1
20669,20913,1
5473,2880,0
29198,5538,0
3814,3709,1
1266,10418,0
7064,18464,0
17251,17209,1
277,144,1
15504,15941,1
17110,17224,1
22715,22644,1
5308,5083,1
19456,19446,1
15917,15657,1
22378,22356,1
2467,11742,0
3551,3870,1
27310,24001,0
24539,25803,0
2343,13321,0
639,19396,0
9253,9449,1
23539,3513,0
12846,6679,0
16848,9529,0
29567,29952,1
12919,26697,0
10337,10196,1
10718,10751,1
24043,24395,1
16972,16777,1
17910,17644,1
17399,16179,0
26203,26027,1
19754,19707,1
9645,13810,0
25622,28627,0
1088,9540,0
2123,2137,1
4375,4193,1
5134,5288,1
17083,18996,0
2907,2606,1
22458,22187,1
1743,1613,1
9765,9897,1
29215,29040,1
9092,9450,1
23492,17956,0
23264,23007,1
6661,6613,1
27888,27779,1
1177,1433,1
25875,25686,1
1071,1109,1
4953,17571,0
14880,20496,0
12665,12762,1
25522,25579,1
9342,13337,0
3881,3848,1
31583,19956,0
23308,30557,0
20353,20008,1
22052,4067,0
23171,23419,1
3062,9624,0
29238,4315,0
11701,11657,1
4562,4054,0
2103,2081,1
18144,18122,1
23406,23357,1
5275,22953,0
21734,8909,0
14090,14411,1
12003,12250,1
9558,26388,0
28309,27288,0
27280,24021,0
22379,22101,1
16629,16755,1
21621,21752,1
15174,13139,0
13047,13013,1
15427,28037,0
21601,17133,0
15064,15242,1
19603,19977,1
16650,5449,0
13906,6777,0
3915,10009,0
6854,21272,0
16130,16280,1
23614,11516,0
7840,7569,1
23023,15667,0
12887,12703,1
6568,8922,0
11601,9602,0
21516,12631,0
28414,5472,0
31456,18631,0
10053,10213,1
30787,3052,0
27406,7546,0
20724,5821,0
11232,11302,1
16198,18123,0
25597,31356,0
25870,25584,1
28739,5037,0
20646,26673,0
27821,27825,1
30998,11792,0
17552,5094,0
15156,15298,1
14565,6906,0
25338,14036,0
22167,8671,0
1153,1059,1
30769,30710,1
4629,4563,1
12292,12133,1
29811,29564,1
8115,27583,0
21885,21722,1
28173,28352,1
23537,2425,0
14402,28576,0
10758,3921,0
27845,18421,0
31514,3323,0
27224,29176,0
25263,19542,0
13529,12379,0
16451,16395,1
17607,17889,1
24063,24280,1
463,40,1
19809,19899,1
5487,22370,0
26278,26292,1
7517,19082,0
6114,6406,1
3650,17816,0
12685,12826,1
5234,30986,0
20276,13142,0
8651,8965,1
18025,17268,0
25008,25464,1
16915,16547,1
31045,2,0
1880,9703,0
27801,6445,0
405,475,1
22829,18937,0
17238,22356,0
3091,3073,1
18737,17480,0
29017,29308,1
11626,11941,1
24327,24519,0
31842,31883,1
28950,18993,0
5303,5317,1
26430,27443,0
20127,20341,1
17716,17958,1
29467,29272,1
28764,12610,0
21280,23966,0
8888,8861,1
25033,30741,0
21162,21454,1
3139,3004,1
18667,3723,0
17279,16252,0
23268,3108,0
16294,16136,1
10552,10869,1
28331,28313,1
7511,1115,0
20608,20802,1
273,216,1
9167,12169,0
4725,14941,0
12158,9355,0
24329,24265,1
21643,21606,1
9993,1969,0
1238,1264,1
19875,8521,0
1811,24084,0
24940,5354,0
27220,31263,0
31542,31646,1
8658,1684,0
15373,15052,1
28436,28397,1
20945,20578,1
9638,9925,1
9317,2254,0
5218,5371,1
2530,2735,1
30372,30230,1
28638,28817,1
154,24790,0
15446,18499,0
598,938,1
26640,26516,1
12660,18943,0
29775,29978,1
3119,3058,1
3235,1603,0
26319,1412,0
12609,15034,0
25002,14944,0
4572,14068,0
7422,7293,1
9834,16192,0
5661,17516,0
21,406,1
27201,27149,1
2214,2352,1
10344,1162,0
26122,26480,1
20334,20149,1
13577,15900,0
26589,15515,0
18973,18702,1
27990,27955,1
25133,5303,0
8417,15170,0
18676,18569,1
7793,22666,0
9873,9537,1
3892,27317,0
30329,7322,0
4126,10038,0
23718,23894,1
24197,6546,0
3072,3030,1
26565,26661,1
23963,23833,1
21460,21024,1
23989,30615,0
4234,4226,1
27213,27029,1
10108,10037,1
14772,12837,0
25238,26855,0
10777,10606,1
12310,12133,1
4613,2509,0
9110,9315,1
13595,13602,1
12611,12971,1
19748,11068,0
26067,22580,0
21190,21133,1
12104,12145,1
19168,19363,1
26539,26663,1
30735,30854,1
14891,12786,0
5086,17041,0
28490,476,0
21909,21941,1
2805,2527,1
2904,2913,1
28152,28420,1
13287,13166,1
24509,4836,0
4298,8369,0
24458,24202,1
31906,23363,0
18554,2401,0
12541,12980,1
28340,28235,1
11140,25860,0
7979,15420,0
5801,24527,0
26116,9659,0
14188,13685,0
15049,14187,0
26550,26874,1
8076,19401,0
23491,23037,1
12348,12095,1
27922,27871,1
27526,1269,0
12731,12941,1
7841,7873,1
10140,10451,1
31829,24142,0
4934,4577,1
1257,1464,1
26801,26547,1
30776,28993,0
26056,26061,1
19413,19367,1
3096,10387,0
27620,25587,0
4913,9134,0
23761,23698,1
13682,11785,0
30556,13928,0
23402,23284,1
19339,20341,0
28158,15426,0
28396,28422,1
6907,6556,1
684,905,1
18698,24118,0
22368,22199,1
15315,15311,1
6945,6820,1
21091,6288,0
2458,2575,0
12403,12037,1
7145,17496,0
649,18654,0
9560,12292,0
8683,8809,1
20998,20534,1
30078,30343,1
13313,13288,1
23219,23456,1
30921,13151,0
11898,11541,1
24073,24278,1
31607,8281,0
8966,8996,1
16564,6325,0
27609,27553,1
22803,11638,0
28864,25073,0
6731,6757,1
16219,8059,0
17486,11310,0
26458,26486,1
30104,66,0
5078,5492,1
30186,12312,0
18953,18533,1
10762,8461,0
23215,6136,0
1547,1543,1
6458,1109,0
21858,21741,1
15625,15631,1
9147,22023,0
26530,10334,0
23687,5434,0
21464,16993,0
29044,29041,1
20456,20473,1
30822,30582,1
16907,16760,1
25525,13728,0
12650,12783,1
5502,5982,1
24598,2184,0
28417,25014,0
30949,30710,1
30194,30244,1
6969,7077,0
17222,4543,0
3076,3498,1
31506,12557,0
572,26184,0
31132,27556,0
9458,15291,0
13974,13789,1
8193,8310,1
2178,23014,0
6490,7449,0
24362,24022,1
1901,1513,1
4387,12280,0
26676,26783,1
6524,7819,0
6374,18088,0
20046,19787,0
20414,1100,0
26832,26947,1
27727,27548,1
23982,25120,0
28670,28967,1
5415,5364,1
1964,1794,1
31080,6539,0
4634,19285,0
12855,20237,0
10899,10966,1
23446,26580,0
2201,2436,1
1252,1031,1
29246,150,0
1796,11033,0
1660,5660,0
8887,8539,1
19405,11762,0
1928,1809,1
4134,1532,0
21354,15703,0
28830,5639,0
3610,3550,1
18946,10406,0
8661,8977,1
3903,30884,0
10700,30351,0
6589,6803,1
8208,1935,0
27229,18010,0
27920,24159,0
2440,2699,0
23962,30890,0
14653,16123,0
28650,28937,1
30142,30236,1
1933,20823,0
5045,7687,0
16546,26122,0
18201,4882,0
13818,13260,0
1221,1412,1
14451,26008,0
14200,14439,1
28452,28209,1
26106,29800,0
12421,12398,1
25840,25716,1
13693,13782,1
6439,6401,1
16892,16651,1
11286,11076,1
13000,13388,1
26882,28390,0
3230,29698,0
761,9183,0
6236,6398,1
23305,23450,1
17735,17720,1
5154,18132,0
8331,8088,1
2611,29762,0
19581,19576,1
12540,12727,1
10314,27413,0
22864,22819,1
31895,27950,0
15336,15180,1
22248,24109,0
30704,30512,1
28155,20,0
29109,12957,0
6315,25629,0
12451,12165,1
31335,27802,0
7113,21373,0
28928,28813,1
3615,3859,1
10745,10695,1
25932,25872,1
10780,10913,1
2447,2060,1
3821,21714,0
834,3666,0
12643,13382,0
20976,20671,1
22036,16096,0
16177,16145,1
16768,22747,0
7303,7418,1
10645,10876,1
31198,7323,0
4240,4441,1
15559,19158,0
22890,22966,1
2438,2300,1
8353,8050,1
16202,16089,1
845,18008,0
28778,2481,0
2330,2203,1
12780,31611,0
14097,14145,1
24656,24594,1
25802,25597,1
15524,14447,0
12163,12127,1
12840,12740,1
7046,7241,1
2349,2346,1
18230,225,0
11033,11389,1
12750,29395,0
22424,22005,1
2839,9601,0
28014,28005,1
19694,13357,0
942,30050,0
13425,13479,1
1030,29034,0
8644,12296,0
21114,21230,1
3816,31699,0
3942,3772,1
3476,3192,1
12983,26529,0
9032,9349,1
26857,2643,0
10013,28767,0
30218,30107,1
3553,14306,0
27490,7405,0
21307,21092,1
3871,3820,1
14871,12375,0
15188,15026,1
6432,8707,0
15649,31070,0
12085,12361,1
31779,31793,1
17138,17011,1
5822,869,0
2449,2109,1
8049,8211,1
25220,26966,0
17096,17009,1
5150,5431,1
19812,19634,1
28244,28463,1
11407,4558,0
12215,12471,1
24154,19068,0
36,362,1
29797,12841,0
9301,9100,1
11135,11298,1
21083,21358,1
7150,26141,0
3873,15633,0
15129,15337,1
6597,29559,0
4897,4754,1
28111,23184,0
3751,3773,1
30883,374,0
18731,25244,0
16172,16187,1
11191,7606,0
29996,23640,0
12546,12942,1
6499,6135,1
10538,10884,1
27657,18169,0
26353,23637,0
21299,21024,1
19288,14453,0
24171,24203,1
7482,7487,1
4070,612,0
25152,25194,1
9193,9290,1
27756,27986,1
4326,4322,1
18566,18766,1
22612,22825,1
4659,18670,0
4242,23246,0
13048,13226,1
1815,20335,0
14228,15628,0
12539,12811,1
10145,10239,1
24945,24845,1
17504,21360,0
15540,26221,0
30580,30863,1
7235,7184,1
17168,21008,0
23849,29878,0
9301,9284,1
25534,25696,1
4103,4282,1
6037,24250,0
10372,10149,1
24885,24775,1
26903,26616,1
7374,28466,0
1743,1838,1
8039,2241,0
17478,8537,0
12698,12749,1
17494,17091,1
27287,27004,1
14633,27198,0
18564,18947,1
4130,13058,0
13635,13786,1
50,3136,0
20002,12812,0
15937,1415,0
28320,28064,1
7259,27912,0
11119,11277,1
4858,17680,0
25055,8883,0
28340,28108,1
21842,13506,0
30201,5158,0
31560,2728,0
18133,26639,0
28506,28881,1
24306,13078,0
30904,25439,0
27505,31809,0
5853,5619,1
30913,21252,0
16883,7861,0
18163,13395,0
11460,11207,1
952,16558,0
25119,1266,0
15872,20901,0
13596,13776,1
13981,3063,0
15531,12466,0
12845,26507,0
18983,20882,0
9576,9809,1
7563,13818,0
20359,16356,0
3648,26514,0
18857,30726,0
1449,1368,1
10830,4973,0
8967,29120,0
29983,29967,1
13275,13424,1
10534,9741,0
16764,15454,0
1860,15551,0
25549,25816,1
8358,8132,1
14383,14464,1
4410,5078,0
28558,2624,0
15529,15634,1
3369,26045,0
14295,14445,1
29717,28305,0
30477,30129,1
8383,8399,1
13300,13110,1
16981,7187,0
10207,11401,0
133,200,1
18512,18968,1
12947,12977,1
27234,28379,0
661,899,1
21102,21261,1
16369,16334,1
29985,29821,1
7904,11912,0
13080,8689,0
27095,27249,1
8742,8686,1
24590,24824,1
19573,8047,0
23930,23918,1
31559,31697,1
31376,31181,1
26260,13397,0
18780,18767,1
21506,21934,1
4630,4736,1
16990,16905,1
28582,30296,0
26268,26379,1
19357,19206,1
25250,25278,1
9053,223,0
14676,14979,1
12965,10186,0
28964,28627,1
26061,29806,0
16548,16549,1
30293,30375,1
24454,5346,0
30428,30236,1
2446,2098,1
24236,24341,1
16426,16252,1
17695,17885,1
21594,21889,1
8139,8482,1
17200,17012,1
9410,15564,0
2135,2372,1
14180,3204,0
26459,8281,0
30032,30009,1
21602,28516,0
18396,20396,0
14133,20981,0
2571,2847,1
31480,21826,0
12976,6612,0
11636,25627,0
8090,8038,1
3271,16245,0
12856,8496,0
10417,10202,1
13578,13956,1
30117,30391,1
902,858,1
20363,20271,1
25878,19492,0
26785,23484,0
29768,29623,1
17994,17913,1
27789,24817,0
25070,15764,0
29880,22292,0
3374,18970,0
5436,22540,0
28632,23069,0
24163,24439,1
27792,27670,1
28684,28712,1
14426,14475,1
4800,21830,0
29628,444,0
29901,29927,1
7743,25451,0
23090,23318,1
3755,26514,0
25231,13508,0
17875,17611,1
26078,11213,0
11778,11678,1
24783,24824,1
5965,5651,1
947,186,0
738,14170,0
8746,10900,0
12385,1566,0
11477,11382,1
5851,28569,0
20575,20546,1
28581,29562,0
13100,11272,0
31806,19634,0
1982,25097,0
11949,11653,1
11227,11236,1
23262,23303,1
4750,18908,0
8435,8153,1
4999,7085,0
4682,23748,0
24070,24369,1
9893,7679,0
13236,13263,1
18929,17250,0
7301,28706,0
5988,5641,1
4071,4465,1
30387,30172,1
5080,21623,0
10215,10035,1
16459,16174,1
23110,22667,0
13143,18315,0
6333,6082,1
19884,19568,1
9377,15215,0
7862,7990,1
30464,30136,1
18890,18697,1
19003,19253,1
13437,13174,1
19914,11921,0
144,458,1
1503,1942,1
12593,12507,1
24042,24251,1
2567,2627,1
27844,21842,0
2542,2713,1
7061,15823,0
10191,10337,1
299,8508,0
9087,27616,0
10250,10402,1
27731,5459,0
9628,9774,1
4962,25136,0
30917,30915,1
25846,4672,0
2131,2439,1
11432,11284,1
781,16338,0
18277,4586,0
23297,18487,0
24876,20670,0
2364,12594,0
15839,26870,0
12568,22990,0
4970,4863,1
31573,12737,0
12722,6280,0
12039,3657,0
19861,19939,1
7941,7769,1
12130,17662,0
26865,26866,1
3933,2678,0
9639,31394,0
25527,3108,0
10954,10692,1
3928,3725,1
4518,4632,1
23934,1700,0
26734,29282,0
30650,2319,0
18912,28283,0
29674,29905,1
29270,29272,1
26178,18127,0
7002,27889,0
30870,8771,0
19598,19922,1
25314,15050,0
2279,19278,0
1035,1240,1
24282,24801,0
7768,16745,0
25866,25628,1
22877,12378,0
19840,19753,1
17899,17810,1
8530,26924,0
15874,17378,0
16928,7827,0
24753,24509,1
7721,17729,0
5839,20154,0
25423,26774,0
14216,14229,1
24525,24503,1
12147,12062,1
5061,5073,1
3876,3559,1
26489,26180,1
23037,8563,0
27268,26741,0
16457,16195,1
9991,21212,0
11234,11219,1
119,30821,0
22910,22962,1
13025,13094,1
13652,24011,0
9587,9647,1
5174,20255,0
31847,31737,1
8481,6477,0
15501,13826,0
13762,25382,0
30018,30172,1
25495,25456,1
18874,25516,0
28689,20435,0
6645,31588,0
13201,27820,0
10813,10956,1
13262,13280,1
16802,16950,1
8403,16077,0
11964,5011,0
22093,3332,0
20087,2604,0
11102,11138,1
3513,3901,1
26464,9874,0
8178,2035,0
21093,21119,1
21729,21707,1
187,255,1
22481,22110,1
9649,22961,0
16706,15106,0
29570,14855,0
14157,30734,0
14471,14450,1
10224,14125,0
3437,3480,1
11139,11381,1
18827,18510,1
4997,4738,1
21019,21381,1
12636,23485,0
26398,4643,0
11373,11065,1
1396,3777,0
14353,9438,0
20844,20759,1
24442,24188,1
10558,2873,0
31144,31337,1
30667,30654,1
26155,11099,0
6431,13062,0
27973,11281,0
24134,23778,0
21358,14219,0
17825,10427,0
9872,9836,1
9623,26908,0
13272,24856,0
9427,30666,0
26549,26880,1
24120,14565,0
14647,14839,1
20803,20590,1
6434,6266,1
25004,25150,1
27375,1338,0
1523,30376,0
26294,26408,1
26870,18619,0
15272,19326,0
8320,8474,1
13981,13837,1
8849,18836,0
22948,24150,0
5403,5448,1
4228,1123,0
20465,20176,1
24196,16582,0
4287,9323,0
24280,882,0
15441,15162,1
12868,506,0
26493,28369,0
26276,27922,0
27333,17736,0
9367,193,0
11358,11320,1
5554,5722,1
28967,18073,0
4221,10748,0
12407,12459,1
2409,14877,0
8638,8048,0
29555,5589,0
31817,23885,0
9617,19291,0
3131,6339,0
18364,18493,1
25475,25039,1
10786,10981,1
31627,2075,0
16568,16785,1
11749,11503,1
31123,18354,0
25357,25062,1
27194,258,0
24002,24168,1
20608,20625,1
4600,4744,1
14222,28611,0
10621,10986,1
21981,21805,1
22129,979,0
3293,3104,1
17694,3476,0
27489,27026,1
27136,22290,0
28219,28403,1
8869,8806,1
11692,5787,0
6153,16974,0
25805,25573,1
10740,31397,0
27794,13626,0
6227,7682,0
16126,11529,0
28423,21714,0
3130,27710,0
6673,6956,1
26010,26396,1
25105,25095,1
21511,6070,0
13803,14168,0
18609,18617,1
872,10328,0
2285,30462,0
25737,25806,1
25643,9776,0
6051,6371,1
5323,5249,1
20414,20061,1
23422,23027,1
3257,3389,1
5214,17611,0
25265,29521,0
15255,15306,1
1919,1608,1
12734,12786,1
20373,28646,0
18010,25683,0
10659,10698,1
20964,11007,0
26693,17837,0
8887,8525,1
3886,3924,1
23093,24557,0
6006,27512,0
25097,25370,1
21672,21956,1
18953,18574,1
24489,24498,1
7160,26527,0
125,2895,0
157,144,1
26113,26293,1
28967,28658,1
27938,27605,1
21783,21919,1
27915,27611,1
10084,5815,0
9453,29336,0
26880,23819,0
27930,28027,0
17792,17991,1
29486,25727,0
14242,16821,0
1465,1084,1
8708,30820,0
6662,6943,1
12970,5063,0
15530,22296,0
8636,8696,1
18898,30707,0
26992,24523,0
30047,13436,0
19373,22634,0
14931,14540,1
15766,4410,0
26718,1113,0
19414,19479,1
21862,23508,0
6433,23195,0
15927,15679,1
12046,24072,0
10468,30044,0
5386,24134,0
12314,12085,1
12992,10181,0
30529,30855,1
10467,31633,0
28277,28409,1
11734,8041,0
24500,24795,1
19791,19852,1
27413,6458,0
2320,3094,0
19650,19834,1
30306,10470,0
23783,23584,1
30246,7587,0
1858,1756,1
11181,16237,0
4251,11571,0
29281,29333,1
9543,9835,1
19218,5946,0
19234,19161,1
7408,6486,0
10649,10824,1
5006,7347,0
30011,20671,0
20608,20646,1
27612,17160,0
6435,7968,0
15259,22780,0
25740,8134,0
31135,31319,1
18984,18823,1
23679,14995,0
20469,23677,0
20454,12242,0
19770,29458,0
26935,3381,0
5020,10,0
16332,10824,0
26415,26023,1
6113,17118,0
22503,22594,1
7858,23071,0
31867,31870,1
9525,14506,0
28021,31268,0
16193,16293,1
31471,24328,0
9222,9338,1
141,220,1
5374,5463,1
12531,12978,1
7857,27743,0
11819,11837,1
4935,3915,0
18510,18857,1
11547,11539,1
31527,31911,1
27007,27197,1
6822,6915,1
27088,27312,1
15837,21568,0
10210,10013,1
18158,25374,0
29091,29198,1
23517,23893,1
13223,17716,0
17128,10232,0
8909,1177,0
8351,22287,0
6216,6565,0
814,15187,0
30109,30027,1
28956,28968,1
31757,26869,0
3847,3902,1
28156,22440,0
12932,23220,0
4754,4996,1
22229,28729,0
27037,14756,0
16739,24722,0
16155,5286,0
15737,15688,1
31755,29599,0
18087,22585,0
30129,30018,1
165,126,1
27570,27632,1
26502,19016,0
21507,21922,1
23666,23542,1
18351,11697,0
1830,1842,1
4124,11459,0
8049,4782,0
23576,23563,1
28013,3041,0
21309,17006,0
10947,31262,0
17640,27894,0
29192,29316,1
12256,20273,0
23128,23427,1
21512,18723,0
25102,25420,1
1688,29904,0
21737,1327,0
4058,4303,1
5454,29162,0
29020,29003,1
2814,28787,0
10114,18564,0
28262,10923,0
5845,29539,0
128,24295,0
21965,20910,0
7905,7527,1
26011,26013,1
15598,15948,1
5618,11102,0
15338,15225,1
10481,10162,1
15878,15985,1
25815,25511,1
1831,1850,1
16473,16434,1
15517,15639,1
24896,30716,0
21978,21761,1
904,1410,0
21758,21034,0
13223,20849,0
6194,4579,0
30960,30593,1
7951,25257,0
27450,4495,0
30682,15922,0
2010,15742,0
3429,9953,0
21972,7704,0
20786,17653,0
29793,14295,0
4354,31104,0
4114,23310,0
7532,11358,0
25791,25969,1
30165,26286,0
25668,25974,1
21022,21324,1
26134,26266,1
17445,17215,1
303,25040,0
30576,28607,0
30075,24197,0
635,926,1
3527,19593,0
15885,15811,1
17715,17155,0
23126,31253,0
19639,18375,0
10032,10127,1
7626,7538,1
29090,13954,0
13678,13698,1
10620,10514,1
27517,27616,1
1605,16072,0
10083,8364,0
13291,13178,1
18194,18238,1
20451,20070,1
30513,8987,0
18051,18426,1
7926,9575,0
7113,8679,0
22010,27292,0
26135,14520,0
21076,31782,0
25026,10365,0
2193,2160,1
5256,5381,1
6906,11587,0
21981,21511,1
10189,10087,1
15369,15484,1
8916,22522,0
20805,29717,0
16631,23202,0
27049,19238,0
11438,11249,1
10421,10414,1
15841,27361,0
3167,5163,0
16708,13628,0
1026,13380,0
5940,5662,1
16254,16138,1
13927,13653,1
27143,14742,0
21542,21841,1
18235,8253,0
19586,9777,0
17347,14624,0
940,945,1
25308,25446,1
29378,881,0
30968,30624,1
3000,3360,1
30568,30757,1
26972,26532,1
11744,11607,1
15652,15997,1
28620,12064,0
17076,31830,0
2707,2560,1
28107,4448,0
31931,31652,1
5148,19858,0
8155,8490,1
1489,29661,0
18368,25390,0
11870,24618,0
10322,10195,1
19084,6923,0
26768,26713,1
24745,1980,0
29208,29034,1
559,976,1
25852,29079,0
7189,1152,0
12887,12714,1
20127,20132,1
31872,31701,1
896,7616,0
27898,24059,0
14265,14348,1
11425,11141,1
27957,27584,1
8105,8334,1
8992,8734,1
7116,10612,0
26239,26442,1
17841,10676,0
12010,11282,0
5765,20082,0
5618,15570,0
16324,3940,0
25353,1703,0
20364,7106,0
21968,21627,1
30424,9699,0
14814,18197,0
8773,20992,0
2196,26669,0
15500,19941,0
11180,11022,1
17890,17982,1
23062,23106,1
8695,28510,0
17846,11767,0
24688,9886,0
18165,18408,1
11831,19908,0
27426,30096,0
7882,7922,1
17751,18596,0
29869,2787,0
21871,21924,1
1790,271,0
19964,13966,0
23441,7657,0
8087,8281,1
2837,2568,1
7322,6151,0
19709,2877,0
26800,26880,1
5791,5715,1
14662,14924,1
21186,21300,1
25852,12760,0
28398,28485,1
2240,2245,1
17778,17987,1
30460,30216,1
26893,26503,1
30614,21892,0
6051,6155,1
25186,25058,1
3190,3006,1
7641,4554,0
13781,13981,1
31940,31965,1
13508,29468,0
2421,10265,0
21357,21208,1
13162,13298,1
29006,29423,1
22603,3767,0
31344,31435,1
21448,21330,1
18059,18468,1
25081,25155,1
348,495,1
20941,20543,1
25496,25396,1
12271,12020,1
21422,27045,0
18372,20788,0
2,460,1
7046,22179,0
11289,15056,0
21406,15207,0
17428,17282,1
30892,24766,0
20751,31303,0
20487,16528,0
27585,27671,1
7324,7358,1
11836,11816,1
3660,3602,1
19523,19569,1
252,17861,0
25907,25501,1
3582,10993,0
20717,8524,0
25473,25031,1
31529,11157,0
31269,31341,1
2663,26448,0
23269,23099,1
25834,30436,0
6988,6850,1
29499,5552,0
23307,24225,0
8566,8623,1
15797,15611,1
15701,17805,0
28932,9454,0
19963,19983,1
7047,18077,0
29874,29775,1
19136,11145,0
389,391,1
17662,17580,1
22597,17377,0
11274,30004,0
12214,12092,1
28469,28142,1
22635,5735,0
159,140,1
16705,16602,1
3864,7515,0
2658,2903,1
19129,30858,0
9583,9712,1
21972,21924,1
30908,30941,1
10242,10193,1
31307,25227,0
20340,20130,1
9413,9336,1
17676,1197,0
15235,19027,0
14588,14990,1
26582,26963,1
20879,22134,0
17753,17692,1
26544,26595,1
23981,20996,0
6585,24609,0
17790,17721,1
20780,25796,0
31269,27403,0
11782,11646,1
19234,19329,1
6344,6425,1
14024,14142,1
7593,7795,1
31845,5118,0
1917,11686,0
23215,23310,1
20271,20040,1
30405,30003,1
31774,10220,0
3406,3296,1
6490,20916,0
2658,2852,1
14387,14176,1
26816,26827,1
25211,25023,1
24041,20806,0
5466,5382,1
24836,24906,1
7880,14726,0
11316,11170,1
21818,15620,0
21840,21583,1
7842,20730,0
20003,20622,0
22399,22417,1
28944,20091,0
9393,9446,1
8842,23629,0
8678,5605,0
21724,21748,1
2533,2668,1
2472,2071,1
21366,10455,0
3794,10059,0
31221,31452,1
19671,19782,1
24570,24673,1
14003,14099,1
19139,19312,1
25764,25908,1
9582,9621,1
30379,30427,1
21460,21233,1
10132,11179,0
7093,19508,0
12683,19196,0
20812,20995,1
26373,26082,1
10144,19267,0
11496,15158,0
23764,23566,1
17552,615,0
16084,29047,0
4126,21051,0
13606,13859,1
17422,6386,0
8478,8084,1
12981,12729,1
13218,13190,1
13759,8343,0
9856,9942,1
19075,19299,1
7128,13293,0
13061,13470,1
21422,21057,1
31578,26234,0
7196,7187,1
18936,14633,0
1267,1061,1
30507,31616,0
23803,8576,0
11980,11937,1
679,26317,0
2874,2793,1
12434,9663,0
17075,22175,0
485,6248,0
18653,18921,1
4645,4669,1
28770,28806,1
18216,18459,1
5925,5722,1
6203,29595,0
13948,22156,0
31894,13008,0
13037,13468,1
12010,12270,1
24118,24181,1
8223,9471,0
3179,22008,0
28536,13360,0
23675,12385,0
16006,16234,1
2291,2365,1
1346,1102,1
22590,22733,1
26544,26887,1
10768,12614,0
21553,15639,0
20844,12067,0
15290,15405,1
18657,18940,1
25575,31614,0
26283,26024,1
26782,26547,1
26167,26404,1
14787,14961,1
23841,23763,1
13820,25150,0
22985,22377,0
18158,18277,1
2975,20698,0
10805,10736,1
18394,21857,0
12452,12017,1
25250,25072,1
21215,17524,0
2712,2762,1
4497,7749,0
28288,3284,0
20856,15582,0
24282,24180,1
29139,29199,1
2252,14187,0
22198,22722,0
5820,3735,0
4782,4726,1
17372,17250,1
3471,3279,1
2273,7582,0
24132,20691,0
7720,1991,0
6312,6138,1
22558,19339,0
1539,1697,1
13839,457,0
10033,9386,0
8395,12647,0
21169,21184,1
25576,27698,0
23902,30828,0
18599,18908,1
6220,6094,1
19781,5222,0
12865,21780,0
29989,29663,1
11747,11684,1
26652,26780,1
22225,7249,0
29089,26307,0
6140,6217,1
21577,3320,0
7442,7134,1
3393,7377,0
26730,26977,1
24093,2517,0
18716,28075,0
3514,3515,1
3480,19203,0
26398,23087,0
8051,8263,1
27794,27764,1
3307,30145,0
30916,5256,0
6914,6866,1
5404,19194,0
7524,7618,1
4444,19694,0
8445,3650,0
2713,2746,1
27414,17493,0
30197,30015,1
23858,23793,1
947,12246,0
28138,28017,1
28808,28598,1
24171,24204,1
28041,28331,1
23511,23731,1
23696,23750,1
21146,28459,0
29741,18189,0
24834,128,0
10371,10034,1
2698,2741,1
21465,16238,0
9513,9706,1
10515,13819,0
29032,23634,0
30812,30677,1
30878,30952,1
28433,17113,0
9061,9486,1
14641,11146,0
12384,12005,1
25098,25315,1
30091,30483,1
19088,19423,1
8816,19730,0
5992,3114,0
13545,11540,0
14984,28134,0
16186,28249,0
16778,16957,1
12490,12472,1
29080,29028,1
30639,2084,0
5476,3134,0
17415,11051,0
21035,9577,0
10323,10297,1
3102,24371,0
2411,10222,0
30017,30165,1
30692,30632,1
25948,25780,1
24856,22841,0
26525,26890,1
6880,15673,0
17897,17541,1
20604,20925,1
2100,5575,0
28281,28190,1
1324,1291,1
9605,9563,1
11939,11592,1
19706,13993,0
21807,21720,1
25932,3556,0
24204,24476,1
16636,4085,0
2506,24608,0
2863,7112,0
15534,15806,1
18293,18093,1
21580,21852,1
18864,18960,1
27711,6763,0
26181,26498,1
28729,28991,1
23385,6993,0
22365,16849,0
18093,18498,1
24525,25669,0
7585,14548,0
17473,29955,0
3123,19796,0
2230,2388,1
15974,15839,1
25264,16712,0
12700,21102,0
3712,3204,0
26311,26234,1
17270,17353,1
5716,5754,1
14216,14708,0
11983,31163,0
16753,16943,1
7490,6207,0
4902,4741,1
17994,17869,1
1919,7342,0
25307,25055,1
29391,29373,1
15400,15038,1
12001,12292,1
30094,741,0
25656,25722,1
15244,15431,1
13334,19628,0
3795,25743,0
14082,14486,1
31590,31767,1
28526,8281,0
5242,5337,1
14755,12535,0
711,596,1
12157,12305,1
1309,23850,0
27072,27397,1
10750,28982,0
13038,13416,1
5012,5135,1
27101,27242,1
26164,3375,0
20587,20910,1
8817,8839,1
3860,3571,1
9533,29719,0
30176,30224,1
6671,6657,1
19279,357,0
28839,28545,1
144,344,1
3593,3943,1
3724,3586,1
11207,5679,0
11513,11663,1
14112,14490,1
30996,22616,0
28388,28160,1
21809,22088,0
5984,5966,1
9650,17193,0
15055,15483,1
3349,11472,0
30696,31702,0
18471,28360,0
31079,31097,1
20596,20998,1
13164,13102,1
15568,16671,0
27917,21780,0
1045,1440,1
5109,29063,0
8634,8697,1
8814,8964,1
27633,27645,1
17094,17231,1
1443,22211,0
23951,23653,1
14315,14130,1
17543,11563,0
26806,26520,1
24890,24515,1
9170,21277,0
13334,13082,1
21534,21550,1
7907,7789,1
7011,7434,1
13897,13856,1
4489,21836,0
19729,30453,0
6234,6486,1
2165,26532,0
17032,17334,1
6257,13345,0
9984,28117,0
26524,20288,0
25137,25253,1
6763,6535,1
31367,31046,1
10139,80,0
8355,19827,0
30496,30286,1
8860,8954,1
29245,10025,0
27262,27154,1
27664,31642,0
17255,17311,1
24611,24590,1
29256,18003,0
15985,7789,0
12714,12503,1
11252,20012,0
489,25388,0
11628,11849,1
10367,10280,1
3697,3882,1
6068,6406,1
14550,14560,1
6307,6166,1
27522,1172,0
30503,10224,0
14464,27626,0
4541,12003,0
6018,6111,1
24787,24714,1
29866,29777,1
31796,18639,0
9208,9184,1
7982,28107,0
21280,21196,1
9307,9342,1
3201,3292,1
9438,1898,0
28667,28682,1
6663,6623,1
283,400,1
26272,26224,1
18190,18365,1
12741,21455,0
3053,29018,0
19407,31577,0
30444,30021,1
4665,15346,0
7982,7581,1
24658,24827,1
30503,25573,0
11410,11258,1
8611,8851,1
12164,12200,1
11042,11357,1
14671,14857,1
3261,3042,1
10857,10524,1
4536,30031,0
13615,11677,0
9920,9620,1
29999,12556,0
18629,24120,0
4392,11882,0
27633,26199,0
18250,22338,0
3741,3923,1
2777,2800,1
19678,16403,0
23916,14002,0
8935,8758,1
28398,28329,1
25446,25055,1
27854,8472,0
2113,2211,1
9548,9997,1
30263,29289,0
25166,20579,0
16456,16449,1
17267,17165,1
23962,19424,0
20636,20844,1
8907,28992,0
29170,29176,1
27801,27704,1
21045,64,0
1480,1021,1
20734,25020,0
22058,22233,1
23595,31968,0
27611,27814,1
25025,8488,0
13975,30324,0
27342,28920,0
23440,5963,0
6077,27787,0
9407,29433,0
15393,15192,1
17139,28790,0
27365,2927,0
8898,9580,0
7297,2396,0
19613,19892,1
11687,11666,1
25797,25609,1
10104,13612,0
27568,30116,0
27046,27387,1
26120,23651,0
1328,6644,0
12043,12123,1
31385,31463,1
2290,2476,1
26345,26299,1
7526,7603,1
2309,2078,1
12396,26429,0
13481,13214,1
24393,11289,0
14038,11555,0
7300,23294,0
17060,10161,0
13525,20046,0
13402,13203,1
6412,22950,0
9163,9025,1
10798,15479,0
15026,15012,1
21464,31280,0
1576,1860,1
28807,23736,0
23444,23259,1
17814,343,0
13593,13919,1
9209,27634,0
941,990,1
3865,7764,0
4764,4628,1
23941,11260,0
1199,1447,1
1782,1853,1
10230,10115,1
8854,20746,0
21996,27494,0
4879,4697,1
2952,2579,1
5499,28821,0
17035,17145,1
5586,22404,0
10470,10286,1
8858,8519,1
20341,20170,1
18339,18204,1
21307,21374,1
29515,29579,1
31513,31684,1
2380,2445,1
22726,8531,0
2350,2058,1
7783,7620,1
1917,1920,1
25753,20774,0
6159,25725,0
9943,8378,0
26265,13462,0
9788,13756,0
2971,2847,1
19652,7139,0
22126,22449,1
19313,19221,1
25167,23766,0
23492,104,0
19300,8394,0
24398,25931,0
17295,17406,1
5837,5890,1
23207,899,0
7304,7446,1
18059,18036,1
28774,17666,0
24394,24133,1
8055,8334,1
16756,8822,0
9127,24807,0
3147,3661,0
3372,5818,0
18200,18083,1
6942,23998,0
29227,29189,1
3435,3384,1
21575,21523,1
18776,18884,1
9004,11532,0
22917,22578,1
528,7007,0
23722,31978,0
22065,7008,0
10030,10110,1
22578,22791,1
14964,14545,1
6823,11764,0
29983,29973,1
7217,27942,0
31057,31454,1
28679,28612,1
18829,16358,0
5324,5415,1
11972,11943,1
16285,16036,1
30160,30106,1
3820,27173,0
28584,28818,1
31345,8790,0
5139,14919,0
24011,24484,1
14617,22113,0
16611,16966,1
219,27367,0
9920,8947,0
22166,22288,1
27129,15837,0
26106,26391,1
19757,19919,1
29389,29392,1
4484,28266,0
23720,20731,0
21416,21065,1
16380,6409,0
7470,7451,1
25370,25380,1
24375,7144,0
16245,25020,0
26442,26202,1
10521,12429,0
7263,23862,0
5764,19852,0
4739,14527,0
10534,10680,1
23876,1385,0
1748,1763,1
24886,24619,1
11693,16790,0
20488,22939,0
13789,30573,0
18407,2125,0
6653,30163,0
20245,20111,1
16471,16236,1
6880,26003,0
26945,26656,1
29611,8693,0
6317,6312,1
14599,3113,0
23237,23555,0
6400,18068,0
16840,20084,0
30316,30437,1
21373,5210,0
9175,9082,1
15945,16131,0
22493,25546,0
31047,7260,0
12953,21793,0
12841,12882,1
11418,11201,1
10778,10665,1
26429,26096,1
28528,28843,1
14155,7780,0
30336,30187,1
22435,22356,1
4659,4532,1
11969,30247,0
23803,23617,1
23140,29298,0
15100,13956,0
14813,25054,0
8564,8687,1
976,910,1
26354,22910,0
15624,28343,0
13676,9031,0
6300,24379,0
10313,10129,1
20485,9678,0
31333,4456,0
19947,3329,0
8028,5675,0
3438,212,0
18958,18033,0
252,16214,0
8023,8065,1
22349,28641,0
30896,5890,0
6392,6168,1
19101,19184,1
20127,20460,1
26122,17820,0
3708,31634,0
31772,31774,1
19935,19877,1
1038,1110,1
27523,27717,1
9325,14285,0
10034,21379,0
28174,28114,1
12911,12585,1
10025,13784,0
1437,1428,1
24549,23437,0
27921,27576,1
9892,29115,0
2005,2075,1
19022,19289,1
8771,8682,1
23798,23782,1
14374,28402,0
7754,7918,1
3443,3215,1
6682,6717,1
21352,21313,1
21627,9479,0
8835,8630,1
24169,24338,1
27500,27766,1
31620,21484,0
15337,9624,0
26988,2870,0
10257,10095,1
20813,20534,1
13009,13400,1
12091,2676,0
21694,11643,0
26410,11170,0
1142,21854,0
13553,13770,1
16691,20740,0
468,14368,0
28035,28052,1
25833,22083,0
1081,6538,0
2404,2329,1
22787,22949,1
30364,30171,1
30169,14840,0
6363,16467,0
11738,11985,1
19330,19381,1
13776,13567,1
1632,1982,1
4128,4050,1
1564,17306,0
16600,16791,1
26055,30291,0
12808,12770,1
930,882,1
7304,18922,0
25593,395,0
23955,117,0
6668,6791,1
24753,24572,1
9411,10706,0
30903,30744,1
31330,31007,1
19228,8868,0
23529,23903,1
23671,16126,0
22257,19331,0
27040,27349,1
20079,20002,1
25476,25166,1
9053,31934,0
20034,10335,0
13290,13433,1
5013,22570,0
20011,30290,0
30620,24513,0
8007,8120,1
29838,29979,1
3926,11482,0
25474,25469,1
22014,22364,1
1577,12649,0
26081,13676,0
21673,21863,1
19785,19929,1
19550,19650,1
5184,20600,0
9467,9208,1
12910,12705,1
20864,1205,0
611,563,1
4220,16967,0
8009,8465,1
24718,10262,0
2067,2120,1
26405,30558,0
3331,3251,1
27741,28576,0
18305,18064,1
16416,4928,0
17512,6836,0
27819,16715,0
27020,25641,0
12255,12377,1
904,10742,0
13103,16581,0
7312,1784,0
13878,13898,1
2793,25217,0
25227,25112,1
5192,10202,0
8761,8738,1
26842,18189,0
13400,13495,1
31230,31120,1
16807,21359,0
1008,878,0
3159,3372,1
19463,3035,0
27568,27951,1
13461,13229,1
16820,21328,0
22250,22360,1
13808,19812,0
19613,19769,1
23016,14126,0
5269,5228,1
15398,15044,1
4295,4052,1
3086,10253,0
31627,27649,0
13552,13683,1
22940,22197,0
2789,12028,0
8522,8663,1
9450,13069,0
27784,27896,1
22715,22808,1
28887,28905,1
7302,25129,0
13377,23274,0
27347,18329,0
25937,25905,1
31215,9761,0
21731,28215,0
23990,27192,0
8235,3006,0
7032,7227,1
16117,16376,1
24291,24426,1
11469,11112,1
24730,21843,0
18259,18291,1
25005,19110,0
11250,17472,0
6576,23031,0
11676,11914,1
18405,774,0
14807,19751,0
4783,4551,1
25857,25660,1
3982,3797,1
18953,483,0
5761,5543,1
5531,5515,1
25107,24735,0
16886,8732,0
1588,1905,1
795,650,1
29407,12237,0
19300,29186,0
31588,24052,0
16576,16668,1
12122,19692,0
26584,12082,0
30569,9252,0
11752,101,0
8516,13321,0
11572,15319,0
11479,11320,1
13359,13222,1
22798,22983,1
20062,20004,1
22661,22945,1
1155,21476,0
9557,9647,1
26480,2526,0
4801,20083,0
7026,12481,0
30002,30351,1
23985,3759,0
220,39,1
27994,27559,1
8125,580,0
15987,15728,1
14231,14410,1
6561,25154,0
8169,8176,1
1517,1509,1
13983,29963,0
15091,834,0
244,158,1
9114,29940,0
29367,19068,0
31128,9820,0
31411,31198,1
8806,8656,1
5237,10633,0
28286,28409,1
16553,14253,0
5123,27892,0
10258,27981,0
87,191,1
29296,4107,0
29373,6162,0
3856,17006,0
23295,23308,1
25646,12088,0
6089,27263,0
28414,20355,0
14532,14245,0
22112,22215,1
16332,26914,0
7252,7052,1
4460,30010,0
3768,3517,1
6393,29169,0
12005,12333,1
20641,20728,1
8033,5422,0
17627,17991,1
17120,14307,0
13054,29974,0
18054,18217,1
26677,13750,0
23742,23783,1
14716,20628,0
27801,20472,0
31085,30941,0
31102,31062,1
16920,29515,0
30310,30337,1
17915,17899,1
18943,31443,0
6861,6525,1
17012,24322,0
24443,24474,1
13996,13655,1
10062,10160,1
13873,13588,1
14052,23795,0
13295,20211,0
25061,25333,1
29780,26041,0
31395,31281,1
17137,19502,0
20466,3782,0
27259,27096,1
20686,30305,0
29309,20291,0
5315,5284,1
28848,28973,1
16289,18380,0
4505,27666,0
14143,14032,1
20851,20610,1
13218,28557,0
7507,7768,1
8361,8066,1
19435,19202,1
31774,31895,1
3816,3969,1
14380,14331,1
28007,28148,1
28240,28149,1
31744,31794,1
20607,20770,1
15236,15298,1
28634,28650,1
360,9432,0
21647,21552,1
4792,6671,0
8890,8517,1
15088,15016,1
302,31356,0
172,29845,0
24311,24482,1
18837,18773,1
8184,8476,1
8449,16363,0
3487,3032,1
21601,30061,0
17785,22304,0
24522,5398,0
8923,8846,1
21208,7252,0
7528,7727,1
8821,8549,1
3734,3755,1
11887,10970,0
9511,9783,1
5685,5892,1
17997,30546,0
23632,18803,0
1948,922,0
31935,24859,0
7781,7666,1
21509,17289,0
15237,18611,0
19948,15869,0
25410,1336,0
16768,5639,0
18382,10404,0
7440,10583,0
22576,25256,0
4979,4959,1
27702,27627,1
24128,20729,0
27767,15582,0
14582,16960,0
19831,19748,1
7959,19896,0
5481,5126,1
2584,17904,0
4607,4851,1
30941,30841,1
1441,10309,0
5268,5362,1
8646,6868,0
30853,30669,1
20498,27531,0
30040,30141,1
2385,16551,0
7179,20353,0
18797,18925,1
30754,30059,0
8382,26345,0
4629,30189,0
21262,21205,1
13855,24880,0
19378,8115,0
23699,28238,0
1759,20085,0
23193,24078,0
2728,28277,0
7877,7934,1
14415,14039,1
14008,20831,0
8783,26669,0
17318,21186,0
26778,26518,1
6810,6696,1
14902,14674,1
18920,18537,1
13770,5088,0
30387,30275,1
10107,6285,0
30150,3228,0
13114,13294,1
24967,24531,1
6870,6935,1
4990,4578,1
22014,6897,0
11755,11672,1
24602,24786,1
21616,21952,1
13749,13967,1
11549,11928,1
21692,16470,0
26609,26892,1
10677,10767,1
2632,30899,0
24881,5451,0
3014,3090,1
5399,15730,0
16512,16761,1
28458,6804,0
12016,28962,0
10527,872,0
16733,18167,0
8141,7590,0
23344,23200,1
29776,13866,0
23681,23996,1
179,2554,0
18856,8055,0
23077,8431,0
27677,137,0
10715,10999,1
28439,27900,0
16465,16278,1
12160,31020,0
13920,11724,0
14519,1096,0
25505,25515,1
24058,24934,0
17399,17147,1
4797,20321,0
2496,31252,0
4175,4115,1
10795,10996,1
3854,12894,0
1729,1505,1
10527,10911,1
22275,9503,0
29653,13653,0
28679,6310,0
17708,17876,1
2817,2541,1
13032,6280,0
24309,17040,0
27687,27714,1
26515,2638,0
29053,29126,1
12020,5740,0
31079,31091,1
4696,9946,0
14113,14023,1
6591,10705,0
27092,27185,1
232,25365,0
6878,26988,0
15516,11052,0
24537,7728,0
29517,23576,0
27222,14296,0
17658,17597,1
28914,28500,1
10140,22676,0
15857,15999,1
30614,30933,1
25349,4071,0
6748,6910,1
29430,14650,0
4352,4102,1
24814,24740,1
12272,670,0
24093,27078,0
7958,4979,0
20091,26777,0
26303,5379,0
15656,15839,1
5325,5433,1
14367,29404,0
8913,14711,0
13409,27733,0
871,13528,0
12227,12126,1
17705,13167,0
21331,14000,0
16027,16023,1
10539,10624,1
16997,16756,1
25459,25091,1
25440,25351,1
23692,9452,0
26412,7932,0
25905,25509,1
28797,28665,1
28819,28767,1
24967,24787,1
3524,15276,0
9865,9749,1
17666,25038,0
21987,21610,1
2431,2041,1
28539,28689,1
27199,17739,0
31454,30982,0
25819,3921,0
26427,2731,0
30450,1574,0
17250,25191,0
20859,24995,0
10411,10420,1
29129,10538,0
29412,18271,0
13399,20858,0
25155,2637,0
22698,22649,1
31907,31855,1
6163,28619,0
1447,20608,0
26080,26477,1
6793,5365,0
31617,31865,1
23134,23201,1
22268,11823,0
10005,10388,1
17013,17113,1
19317,19384,1
8342,3704,0
17961,17652,1
8326,28389,0
18116,18382,1
29646,29922,1
24554,24787,1
22533,22988,1
21705,21630,1
6707,6915,1
10005,10071,1
15600,15584,1
20177,20421,1
20737,20897,1
3561,1757,0
24371,24025,1
25898,25659,1
2737,25206,0
12155,454,0
20642,11926,0
17690,18080,0
12553,12804,1
10600,10637,1
362,17476,0
17952,30385,0
24937,9537,0
6263,6070,1
14662,13621,0
25730,9859,0
1246,1160,1
31560,31664,1
26478,26350,1
19435,19057,1
5594,26338,0
29919,29604,1
221,24732,0
3860,3668,1
34,225,1
29990,29876,1
19868,27920,0
7560,7830,1
22343,10231,0
7957,7850,1
16340,16243,1
12773,12830,1
24571,24559,1
29208,29151,1
4098,4345,1
5070,5077,1
19627,12755,0
26208,31777,0
19990,7032,0
24810,24537,1
31223,31022,1
28462,28118,1
3413,10082,0
15615,15917,1
23289,17389,0
19787,19830,1
11151,23661,0
7985,7934,1
4730,4527,1
26575,29136,0
20938,31156,0
19858,12594,0
68,114,1
17070,17055,1
5184,12979,0
21267,21348,1
24669,24715,1
18014,29294,0
5625,5759,1
2257,28275,0
17968,17545,1
23329,23300,1
21814,21576,1
11937,11511,1
19570,17939,0
16663,16603,1
12493,12144,1
12109,24481,0
98,130,1
649,711,1
5851,9476,0
21661,21745,1
20051,26708,0
30952,30791,1
11024,11190,1
21448,8890,0
922,22996,0
23454,23026,1
8569,18977,0
7025,7228,1
17475,17282,1
518,572,1
10817,10544,1
4511,4533,1
13977,13825,1
17763,17505,1
22150,22064,1
23282,23552,0
29728,10865,0
1993,5732,0
20777,12776,0
13497,28397,0
1632,11391,0
12386,16052,0
18816,18789,1
21766,16800,0
22711,10849,0
10436,26471,0
18232,18328,1
18802,20993,0
609,539,1
1438,1450,1
31595,29729,0
24327,24055,1
28207,31749,0
10144,10081,1
28009,15371,0
3643,3569,1
19476,19277,1
5289,5015,1
13170,29590,0
27002,27421,1
14882,3350,0
15470,15277,1
26627,13767,0
555,742,1
27757,27938,1
15128,15357,1
12801,7700,0
24078,24119,1
18151,18024,1
14498,14097,1
8980,8598,1
18796,19325,0
31079,22712,0
19119,19196,1
3612,3889,1
20158,20208,1
4778,4504,1
357,24699,0
823,684,1
7470,7084,1
15481,15412,1
149,30210,0
17745,25856,0
22534,22946,1
17640,17939,1
18755,4377,0
12591,12689,1
28648,31933,0
22270,29329,0
3201,3257,1
2330,2069,1
11647,7426,0
13750,23834,0
11764,29829,0
19922,19877,1
7249,23086,0
23235,11745,0
13465,10274,0
12138,12055,1
13202,13473,1
6880,6977,1
11830,5031,0
22951,20785,0
13117,13103,1
17790,26612,0
14525,14949,1
4303,26701,0
24346,24383,1
23169,16434,0
15647,17612,0
18841,18969,1
28028,28069,1
28534,27508,0
23993,14603,0
6955,6619,1
7303,7361,1
26956,10535,0
29852,29655,1
4092,4334,1
30534,30765,1
15965,27318,0
8077,27709,0
31007,2258,0
30451,8513,0
3573,3542,1
6402,6146,1
24905,24887,1
9030,18073,0
12808,19563,0
23354,23145,1
10482,10110,1
19635,19776,1
10267,9853,0
30685,30792,1
26160,5535,0
4288,4492,1
29921,26432,0
6977,9864,0
9934,9758,1
27776,27950,1
17638,17508,1
27806,27689,1
20881,20994,1
5964,5556,1
1094,1484,1
8492,8010,1
30280,30027,1
4398,4304,1
24933,24287,0
562,998,1
6072,27689,0
4325,4456,1
24996,24126,0
15165,384,0
23724,23960,1
6837,6911,1
26139,26385,1
25407,25408,1
31989,27077,0
1145,29489,0
23186,24565,0
16818,16664,1
28065,28320,1
23078,24065,0
13967,13959,1
23798,23670,1
7893,7970,1
13903,7751,0
30949,31305,0
6629,6683,1
6176,5561,0
29156,29271,1
2899,2565,1
5837,18421,0
24782,24761,1
7083,19551,0
3826,26439,0
9457,12002,0
14076,14315,1
10757,15978,0
27643,8214,0
1084,30407,0
4468,12866,0
2612,2888,1
26167,26206,1
22895,22572,1
19415,15090,0
30178,30209,1
24819,2555,0
23995,23782,1
22442,22259,1
60,8941,0
1315,1477,1
19724,19710,1
13568,30127,0
11183,18096,0
19443,3682,0
17965,3673,0
30213,7630,0
4154,4152,1
19730,16853,0
15172,15446,1
9587,31176,0
1095,1497,1
12852,12758,1
3831,24977,0
4903,31624,0
7730,7819,1
19845,19896,1
29605,6885,0
14716,14658,1
25371,25182,1
19595,18478,0
27726,27628,1
3587,16703,0
31997,16467,0
15514,7759,0
20560,20613,1
25264,25260,1
1804,11540,0
8236,8458,1
6961,6831,1
7917,14936,0
28139,26926,0
24337,24216,1
10576,15422,0
14453,19430,0
11687,16786,0
10335,10380,1
16590,16560,1
15897,6905,0
20404,4272,0
13551,13987,1
27102,6141,0
25192,2243,0
10176,10148,1
1551,8621,0
18945,8526,0
28981,31461,0
20474,20370,1
26181,26447,1
21641,10069,0
22873,22907,1
15010,15316,1
1922,11144,0
27104,25610,0
27908,27649,1
16622,18488,0
8612,8542,1
5219,5252,1
27011,12803,0
22664,21314,0
20508,20557,1
7792,12559,0
12915,28619,0
22816,22960,1
7217,25910,0
27735,8704,0
28724,28897,1
1838,1935,1
26996,26511,1
16919,16954,1
7623,7786,1
2269,16515,0
3004,4783,0
7612,16156,0
9280,9493,1
26469,7914,0
4697,22783,0
24839,24987,1
9523,1785,0
19740,19729,1
11778,18542,0
16598,1852,0
21697,21701,1
4220,4106,1
5862,5771,1
31990,31642,1
12683,12860,1
3317,14435,0
28459,28002,1
16655,16936,1
19322,14007,0
16546,28932,0
2882,5820,0
28081,28288,1
19619,25811,0
13297,13322,1
23897,23867,1
12583,21461,0
28839,28488,0
4048,2622,0
9848,20811,0
25144,25111,1
31381,23194,0
15534,29423,0
11214,31931,0
12379,9005,0
12027,12094,1
7204,545,0
4040,279,0
17678,17788,1
18541,22585,0
4306,4381,1
13109,13417,1
4485,25691,0
476,26987,0
1600,29220,0
3066,12188,0
24952,24974,1
28046,25413,0
953,546,1
30762,10051,0
10061,25556,0
20008,20492,1
2606,24623,0
7810,23588,0
20899,20289,0
12284,23137,0
26176,26237,1
23793,13840,0
12777,23963,0
12055,7584,0
26882,9634,0
30828,20169,0
26359,565,0
20318,20039,1
5650,5921,1
21823,21564,1
7468,18226,0
31177,31208,1
27248,27262,1
2122,26700,0
25817,28198,0
22888,22503,1
4529,10647,0
351,483,1
10137,9942,0
4257,10632,0
7488,1370,0
19234,19189,1
2031,2237,1
5269,21820,0
3860,3503,1
31139,28112,0
28194,4088,0
6754,6912,1
6846,23534,0
25563,11936,0
31982,31563,1
25722,25504,1
15370,15159,1
17533,17510,1
15331,15046,1
28931,2052,0
5550,3719,0
29486,29174,1
2060,2499,1
76,490,1
2628,26675,0
27383,27048,1
7872,29501,0
9405,4954,0
3064,3379,1
2847,2751,1
19876,6717,0
2716,2791,1
4717,1715,0
8079,8176,1
16417,16181,1
23939,23535,1
23427,2638,0
29078,22558,0
29456,29442,1
4845,102,0
5771,20048,0
10354,10430,1
4519,4910,1
11068,29835,0
21512,21701,1
29867,29984,1
15300,15407,1
16986,16603,1
23913,23886,1
18758,18644,1
31410,31221,1
10386,10084,1
26887,15941,0
11015,28829,0
604,853,1
16639,21060,0
16397,16228,1
26431,9710,0
11748,13728,0
5632,5633,1
17514,17943,1
14127,6023,0
14869,14526,1
1868,1803,1
31422,26694,0
22642,22883,1
7252,6901,0
19154,11720,0
28926,26643,0
1872,31595,0
14821,21699,0
271,117,1
7382,3730,0
25837,25853,1
30757,30970,1
27419,24114,0
13668,13719,1
7333,7402,1
9598,15194,0
31214,19485,0
4178,1813,0
12732,12828,1
27206,27348,1
21330,21164,1
11861,20511,0
7777,1659,0
31014,31316,1
5733,5579,1
1164,1099,1
1235,6159,0
11509,25152,0
8809,8722,1
31597,11349,0
5457,22020,0
2776,2864,1
17509,17919,1
25077,20529,0
20614,20989,1
20728,20941,1
26409,26232,1
29443,19152,0
4458,28904,0
13203,13468,1
19146,19787,0
20523,30310,0
16145,16297,1
17512,17935,1
961,9865,0
21489,7129,0
6487,6417,1
22467,17780,0
23576,18544,0
26380,6319,0
3966,3858,1
13915,28297,0
26102,26068,1
292,143,1
19602,26554,0
25505,25593,1
28446,28200,1
8518,10107,0
27359,26083,0
29725,22742,0
7698,7569,1
5772,7654,0
23961,7754,0
27944,24750,0
20410,17715,0
4682,4902,1
17705,12216,0
866,6560,0
26308,10328,0
7944,7771,1
8356,19212,0
19303,19091,1
29312,5009,0
3216,8846,0
11508,11656,1
9465,9227,1
25275,25351,1
23887,9960,0
5327,5267,1
22879,14524,0
20871,20595,1
191,351,1
27020,13376,0
15516,15733,1
21845,21651,1
3095,28768,0
11346,4102,0
14042,14227,1
22759,22653,1
24153,14018,0
2260,25038,0
7552,20251,0
14693,7515,0
11729,11957,1
11549,11659,1
11876,3178,0
3571,3604,1
5664,23772,0
5495,5052,1
13320,21743,0
26595,26840,1
11015,11145,1
19905,19892,1
24537,24878,1
18157,7967,0
4290,4299,1
16319,16331,1
7021,7162,1
29160,19049,0
4328,4473,1
1936,1875,1
4918,4854,1
21245,14234,0
876,2300,0
824,9917,0
21140,11449,0
3772,3610,1
29114,29152,1
19470,19314,1
9319,16864,0
7010,20765,0
11737,31330,0
20801,30803,0
11398,5133,0
3579,3567,1
13678,24421,0
27466,27469,1
20262,25356,0
27634,27997,1
4341,20086,0
24382,24378,1
21620,21954,1
31892,17298,0
16601,16750,1
15367,15073,1
21893,15054,0
7808,7906,1
31096,31164,1
18029,23117,0
27095,6329,0
19315,19263,1
5954,29584,0
29916,29954,1
850,964,1
28017,28073,1
16736,15078,0
4932,4681,1
25717,25957,1
28159,28476,1
30431,30214,1
24753,9523,0
13755,13980,1
17086,17045,1
22841,22792,1
10821,10629,1
25015,6166,0
21461,21392,1
8351,19779,0
2010,2576,0
22742,20912,0
26075,17793,0
21799,13097,0
14466,14492,1
12252,12280,1
25920,25796,1
16027,5344,0
6222,13176,0
31848,31733,1
16069,9687,0
12737,16808,0
26482,23974,0
30290,18211,0
12552,29763,0
26170,355,0
31895,31897,1
30752,30697,1
4476,11971,0
24162,14829,0
30596,30649,1
6723,20810,0
21456,21391,1
16687,16800,1
14901,14906,1
4277,23662,0
15281,15363,1
12933,12518,1
28642,26504,0
24082,7546,0
24939,24556,1
14838,14067,0
27713,27525,1
4922,4693,1
28668,10805,0
26018,26285,1
7705,15119,0
14102,14418,1
5209,19987,0
23921,3366,0
27575,7586,0
4336,4417,1
12241,15530,0
28547,28969,1
15265,22222,0
11008,14067,0
15444,15458,1
15206,15166,1
15841,15961,1
27293,28980,0
23016,23278,1
5845,5894,1
2501,5441,0
23229,23122,1
31682,31975,1
25969,28505,0
23964,23791,1
25212,25339,1
10705,10683,1
4016,11903,0
23329,23190,1
4545,4793,1
13836,13924,1
29079,29098,1
18022,18489,1
4989,4542,1
11512,31451,0
6834,6928,1
1748,12463,0
15604,15553,1
24382,19195,0
11274,4833,0
19090,25622,0
7463,14585,0
30872,5116,0
13668,21745,0
28900,28858,1
4906,4595,1
20724,12109,0
10320,10167,1
4262,4460,1
8650,8831,1
25803,25514,1
10635,10770,1
29525,29785,1
25476,25078,1
18074,30819,0
6923,25450,0
23497,23182,1
3981,30472,0
31166,14984,0
25436,17188,0
12661,12833,1
15736,5481,0
7023,15478,0
27601,22878,0
26791,24369,0
31881,31751,1
19477,16100,0
10691,20085,0
5982,15878,0
1238,1456,1
289,271,1
28682,28891,1
12148,12435,1
10135,5266,0
2404,2196,1
19411,19398,1
27329,23638,0
1594,1565,1
21343,22397,0
22119,18590,0
17355,17410,1
30972,30821,1
14536,15532,0
2283,2309,1
8538,8520,1
2347,20408,0
21119,30042,0
31664,31577,1
11726,11822,1
21335,21281,1
15140,5697,0
22930,22621,1
22311,22045,1
18136,18232,1
31160,31309,1
6323,23217,0
19996,15005,0
12004,21553,0
30780,22444,0
26062,26429,1
9538,9391,0
24819,13561,0
24140,24326,1
13470,13187,1
6663,6823,1
14063,14015,1
26901,15760,0
25826,25811,1
20115,20493,1
21198,2793,0
6163,31444,0
24525,24850,1
10512,10712,1
22545,22747,1
4301,22349,0
19846,19739,1
24678,24822,1
477,19,1
30889,30522,1
6403,29778,0
31601,7465,0
6000,6205,1
6016,6338,1
6437,6359,1
19959,19796,1
1837,1669,1
10458,4008,0
1607,11432,0
3106,13533,0
23142,8266,0
28355,28160,1
30035,30234,1
26930,8704,0
16672,16974,1
4415,6196,0
20293,20464,1
11447,11229,1
23176,23037,1
23612,23627,1
343,3225,0
21758,26329,0
4663,28417,0
21109,21238,1
19824,576,0
6590,984,0
9994,3798,0
7613,28619,0
12682,10212,0
3155,3217,1
22173,29385,0
9839,9786,1
1418,1298,1
24396,27469,0
9620,9568,1
8196,22333,0
17803,26473,0
18531,8854,0
18048,10946,0
17467,2475,0
26798,26683,1
10834,14690,0
19024,28191,0
1779,29930,0
30989,19584,0
718,3178,0
9564,31632,0
15372,15294,1
14399,28025,0
4255,21464,0
8313,8452,1
24813,24744,1
31717,31746,1
10875,10921,1
26473,23021,0
18136,18284,1
13057,13229,1
27931,6638,0
3161,23683,0
28514,24550,0
15859,4489,0
6998,17878,0
15694,15759,1
7650,22755,0
17315,17413,1
20069,18080,0
5791,6941,0
19025,28038,0
14897,14921,1
31865,9030,0
26075,19278,0
19407,27266,0
15938,15503,1
5614,8312,0
24234,8248,0
16638,16502,1
159,31,1
8499,8380,1
6443,17029,0
13970,13659,1
2801,2764,1
20962,20696,1
22743,22705,1
14220,14475,1
7855,26651,0
19197,2353,0
11069,11383,1
16408,26170,0
2186,2080,1
8849,8598,1
2206,2330,1
14516,14575,1
23483,15947,0
11649,10011,0
6326,7346,0
28961,28575,1
28095,28124,1
14157,14169,1
30828,28203,0
10368,19304,0
5577,5966,1
29577,7523,0
24680,24590,1
13025,30190,0
14536,11827,0
14914,4914,0
30601,20065,0
10582,1729,0
10466,24558,0
30178,2008,0
14639,16977,0
12379,28697,0
9526,9501,1
12804,3973,0
26966,8996,0
14494,17773,0
11259,7189,0
22796,22889,1
2341,2399,1
18890,24844,0
24606,10145,0
27947,27671,1
26386,26198,1
30582,26414,0
9588,3643,0
19047,19087,1
23317,23453,1
27471,27261,1
18882,15625,0
557,768,1
30897,299,0
29808,29656,1
8706,3426,0
9779,9689,1
12541,29960,0
12030,12413,1
14196,31021,0
19587,19848,1
29578,29575,1
13676,13824,1
5127,1928,0
5804,26021,0
3684,3869,1
11926,17746,0
6540,3207,0
8212,25457,0
31169,3681,0
6,343,1
29316,29181,1
7793,16805,0
18552,10873,0
20025,20165,1
24899,2566,0
10660,16298,0
28006,28342,1
143,20838,0
23161,23052,1
29086,29240,1
13643,27401,0
22957,22578,1
24284,24080,1
28252,9126,0
26731,31114,0
25604,25594,1
20208,20441,1
7141,13882,0
12091,5936,0
28885,26227,0
5145,10518,0
28676,23999,0
26320,26070,1
9387,6477,0
2794,29783,0
2817,10935,0
6968,6566,1
31660,31983,1
21430,21128,1
15758,8199,0
23380,23398,1
23723,23955,1
29765,29753,1
22551,22994,1
12970,12662,1
18280,18007,1
18761,1595,0
12100,12329,1
6375,6197,1
9864,5230,0
12948,7635,0
19432,5712,0
22863,22787,1
8718,2861,0
18887,18684,1
20023,20008,1
31985,31804,1
3660,3549,1
271,376,1
31812,21039,0
26654,8272,0
18142,14188,0
21980,21732,1
4703,4603,1
22018,22050,1
3458,18145,0
13793,30215,0
14499,27887,0
7523,10762,0
8107,8715,0
3517,12404,0
18611,18986,1
16553,16616,1
15946,15727,1
30287,30030,1
24103,16682,0
29879,29904,1
15067,6728,0
28203,18239,0
20146,20179,1
2987,2970,1
12355,12316,1
29566,1594,0
14011,14300,1
22022,22200,1
20101,20100,1
23549,25349,0
21541,21930,1
20279,25221,0
22847,27371,0
11680,16426,0
21756,21860,1
30422,30392,1
29571,29783,1
29837,5652,0
2816,14601,0
12668,12542,1
12823,30819,0
30138,30023,1
7134,13992,0
11021,11130,1
16649,9972,0
17246,27740,0
20783,20666,1
10306,10045,1
23649,23620,1
28753,7297,0
1407,25641,0
5382,15572,0
12165,574,0
15977,15886,1
15723,10074,0
6287,11034,0
7927,7954,1
558,16890,0
27095,11013,0
31334,31009,1
9549,27036,0
2970,15741,0
10742,8996,0
20395,20225,1
4601,4746,1
14469,14171,1
10442,10073,1
28292,28031,1
29562,29685,1
3685,16020,0
9035,9141,1
27236,16137,0
18137,18127,1
9174,28377,0
1680,8845,0
3076,3378,1
16523,4382,0
10692,21000,0
10421,10294,1
3905,3961,1
23272,23161,1
17564,17540,1
17850,17995,1
9677,188,0
4423,24762,0
27414,27035,1
18253,9286,0
1846,18983,0
1184,1438,1
24883,24620,1
11495,24144,0
18599,16930,0
15757,15973,1
28337,29874,0
29141,29101,1
29694,29530,1
3310,7125,0
31035,569,0
1724,1746,1
4905,4959,1
6496,14504,0
6539,21419,0
12298,12269,1
29501,17564,0
8622,8762,1
30980,12830,0
28980,2103,0
2406,18890,0
23779,9732,0
558,26642,0
21150,21142,1
19558,26584,0
18024,18263,1
21557,21650,1
15496,27140,0
742,902,1
30383,30447,1
19121,27143,0
29134,29174,1
5176,25672,0
25897,25601,1
14538,17696,0
9506,9994,1
20787,20174,0
30509,30792,1
23428,23123,1
28626,4928,0
16950,7430,0
265,62,1
9782,8003,0
7269,7111,1
30409,30200,1
31708,4858,0
16944,3688,0
3896,3890,1
30653,30618,1
20662,20731,1
104,13722,0
12539,12870,1
7907,7361,0
1724,1754,1
5620,16337,0
1458,20379,0
7049,7388,1
29624,10477,0
14324,14001,1
2460,15493,0
13299,2480,0
12444,21095,0
7889,1472,0
14263,14160,1
7510,7922,1
29006,29111,1
15603,20617,0
24187,24300,1
2965,7564,0
740,775,1
5355,5404,1
14923,14897,1
23480,23115,1
13619,13830,1
17972,24549,0
25747,25792,1
5044,5163,1
430,295,1
17546,17895,1
29664,7258,0
18164,18146,1
11680,23257,0
31383,31294,1
3130,16679,0
26654,26779,1
25521,25683,1
5723,5630,1
26530,26824,1
31826,31921,1
26994,26582,1
31503,15679,0
31236,28237,0
13696,3091,0
18939,17906,0
26146,26255,1
1460,6288,0
2007,301,0
15669,31858,0
29866,19934,0
22131,22747,0
2139,8802,0
10423,10449,1
31943,31904,1
30558,30920,1
19765,19681,1
14284,5790,0
23333,28719,0
1683,1883,1
443,480,1
8701,8711,1
15208,15002,1
11771,11938,1
13914,24023,0
21332,19178,0
20331,20018,1
12528,8091,0
29531,29722,1
31534,28410,0
12470,12062,1
18401,18279,1
7524,7622,1
27370,7725,0
24287,24292,1
1862,16022,0
13692,13714,1
29618,23108,0
27871,4947,0
4634,4844,1
24554,14914,0
21110,28075,0
21413,24575,0
10526,10832,1
10113,21629,0
7195,27147,0
2722,4328,0
29742,18578,0
15246,15258,1
1200,9457,0
3317,17459,0
5781,12477,0
3905,24275,0
25734,25737,1
20122,20400,1
7411,7262,1
25528,6919,0
6100,6278,1
4222,2496,0
23064,18033,0
6410,6287,1
15131,15464,1
19888,19669,1
14020,9207,0
8837,22807,0
9138,5914,0
15098,16245,0
19352,19203,1
16182,16201,1
3548,10554,0
10639,10997,1
24058,30140,0
1984,16332,0
31202,31333,1
28183,20796,0
20701,1294,0
18894,18641,1
19462,22985,0
13411,9184,0
12912,12566,1
19584,6133,0
12625,12973,1
6148,1536,0
22304,22345,1
10746,10784,1
1388,8139,0
31318,18482,0
30406,6487,0
28204,6947,0
4780,4733,1
29449,29039,1
13231,11999,0
20160,28709,0
17478,17138,1
29577,14912,0
2379,2019,1
25037,220,0
18490,2680,0
6368,23555,0
1433,1119,1
18511,6781,0
92,96,1
3851,3829,1
11112,19599,0
4294,18640,0
23614,24956,0
11838,11984,1
25032,21661,0
24773,24515,1
4604,15765,0
21324,21034,1
22512,21278,0
25618,25608,1
15615,15855,1
31115,14830,0
15100,8324,0
14764,14664,1
20094,20464,1
21302,21181,1
15054,15394,1
7286,7245,1
27458,27281,1
26581,22329,0
26284,31590,0
31332,5508,0
26588,26914,1
6747,6895,1
9953,9712,1
30356,14513,0
25160,25464,1
16100,16325,1
8593,8724,1
28314,17504,0
29191,29434,1
29520,303,0
18978,21672,0
7386,7038,1
3128,3040,1
69,251,1
26533,26700,1
14187,14702,0
18855,4636,0
4315,4365,1
25052,25048,1
29254,1826,0
24772,17846,0
31052,31126,1
16068,16409,1
21920,1832,0
10229,10050,1
7451,7325,1
7832,12430,0
6326,3526,0
28931,19791,0
7859,6023,0
28515,28898,1
8562,8506,1
29075,12879,0
8116,4372,0
17106,19640,0
25068,25035,1
28917,10515,0
10804,10923,1
16036,16323,1
25427,25320,1
10145,10278,1
14704,9710,0
30549,15918,0
29019,29279,1
24173,24235,1
24645,24605,1
10359,4320,0
8908,8930,1
29761,29562,1
16192,16119,1
19666,19953,1
2170,13458,0
28721,24294,0
19869,7887,0
30480,30347,1
13118,13201,1
16502,12515,0
21699,21868,1
3044,3316,1
5308,19544,0
26250,26284,1
3882,3660,1
14367,14128,1
19019,19374,1
30433,21683,0
4339,5249,0
10314,17120,0
2655,4258,0
4922,3696,0
25998,25802,1
25657,11816,0
11117,23188,0
985,582,1
23982,23537,1
31063,31232,1
21442,21058,1
3532,30612,0
17125,7562,0
22152,22271,1
30765,30717,1
5562,5629,1
23920,23657,1
23187,23089,1
3067,3399,1
10810,11588,0
5411,15238,0
5564,5515,1
11331,29069,0
5632,5566,1
5378,28887,0
15082,26271,0
30953,25282,0
29127,29027,1
8934,15369,0
21427,11950,0
26547,26836,1
2917,9239,0
27148,27207,1
26412,21501,0
1758,1516,1
13120,13086,1
21329,21129,1
31890,31879,1
14518,14738,1
1835,1597,1
21951,23242,0
22679,14325,0
6244,6252,1
5163,5131,1
5388,5329,1
20823,2202,0
31466,31251,1
26417,26816,0
12691,27425,0
31954,31519,1
9444,9408,1
31058,31303,1
15549,5870,0
26998,26658,1
11823,31329,0
25771,31291,0
971,941,1
23912,4534,0
27038,10249,0
31421,31336,1
2499,3214,0
7989,12122,0
14171,26528,0
3897,3784,1
31764,31717,1
25116,26000,0
7901,13897,0
26214,22739,0
23024,19676,0
27218,27416,1
28458,28185,1
1695,22296,0
30360,30244,1
10411,10145,1
8983,8554,1
21081,21291,1
16867,16731,1
28725,28772,1
30335,14594,0
11269,11174,1
5431,5422,1
30665,30959,1
26534,26738,1
20055,7205,0
27545,27532,1
8588,29978,0
17062,31605,0
16244,5832,0
17405,17084,1
5933,24994,0
20062,10031,0
19130,19114,1
22835,22646,1
15954,15870,1
19009,19238,1
2367,9403,0
25448,25005,1
8009,17300,0
29589,29804,1
10409,3718,0
12000,29379,0
8465,13965,0
506,845,1
15294,15367,1
18798,18791,1
3001,3295,1
22360,5623,0
12250,12144,1
21426,21190,1
2424,2325,1
8042,17666,0
13895,13853,1
31692,227,0
31294,3470,0
14284,17145,0
15832,24239,0
1032,1290,1
2142,2223,1
17105,17094,1
23203,23160,1
11992,11588,1
14195,4084,0
12358,12063,1
16693,24979,0
24825,30083,0
4811,25482,0
31642,31530,1
2002,2069,1
25225,25242,1
21148,28339,0
8615,29055,0
5508,5839,1
7573,7624,1
24680,24663,1
28318,28260,1
15705,15652,1
20728,20664,1
17979,24143,0
2229,25430,0
28055,28456,1
8664,8622,1
1012,17229,0
1788,4361,0
12759,10701,0
22074,13536,0
27994,27838,1
18458,8556,0
29000,29337,1
15769,9424,0
28410,15017,0
4199,4489,1
5664,5868,1
11363,11395,1
21593,21558,1
28772,28526,1
30411,10681,0
3234,27245,0
10028,19832,0
21299,29291,0
12270,28430,0
29598,9031,0
10847,10889,1
1876,14216,0
5216,11907,0
11723,11792,1
15779,15631,1
22824,22933,1
23456,8032,0
1526,1829,1
25249,25032,1
6204,6314,1
20545,20909,1
15729,1609,0
22058,9820,0
17954,24673,0
2151,4132,0
28724,28704,1
25573,15667,0
22209,22227,1
17983,17895,1
8728,31042,0
9130,9161,1
9907,31948,0
24392,24469,1
27367,15051,0
27717,26893,0
20920,21797,0
31197,31130,1
24430,14641,0
7465,24832,0
16956,15892,0
5966,5691,1
23485,23053,1
7782,15238,0
7019,7433,1
12357,12091,1
30389,30429,1
15200,15457,1
7933,21238,0
8964,30544,0
21855,21715,1
12035,12073,1
30540,30986,1
6466,6256,1
9634,28627,0
17162,17729,0
2158,5313,0
548,25853,0
25911,16194,0
1273,17263,0
4252,4176,1
6655,23080,0
6268,6131,1
755,539,1
4770,4955,1
17944,17925,1
29563,29526,1
11072,29173,0
26680,26621,1
5060,27497,0
7473,7088,1
15367,15338,1
10368,28247,0
25854,1367,0
4447,19362,0
17540,25249,0
5957,21442,0
24847,24973,1
29425,29353,1
6557,6878,1
30500,30840,1
26942,2145,0
21554,26997,0
1128,30807,0
11953,13375,0
30485,24480,0
10272,5270,0
22702,10730,0
11623,11880,1
11037,3342,0
23476,23225,1
17625,17614,1
31707,971,0
28203,28094,1
2336,2371,1
10504,21155,0
27132,18962,0
17254,17036,1
11911,21017,0
26193,26142,1
14119,21821,0
912,29360,0
13737,13528,1
13222,22164,0
756,715,1
15732,15925,1
5428,4449,0
2439,2240,1
26853,8868,0
7584,7530,1
10259,10211,1
23793,10746,0
9419,18246,0
20220,3811,0
29210,19314,0
11132,29619,0
27583,27921,1
22635,20687,0
23045,12292,0
594,20802,0
5289,26611,0
6875,31836,0
13855,14521,0
18418,18417,1
31990,22147,0
21223,8789,0
2669,13322,0
5998,5560,1
24664,24513,1
9653,7493,0
22086,22380,1
7795,15009,0
3634,3847,1
8738,8812,1
1157,23672,0
16802,16936,1
967,18518,0
20833,14891,0
20733,31273,0
10214,10420,1
30991,21544,0
3579,3875,1
19564,19607,1
21597,11103,0
28658,28775,1
13668,10164,0
30499,30427,1
7541,7709,1
3608,3506,1
31786,31509,1
30845,30610,1
22956,6097,0
21256,21072,1
940,786,1
10254,30848,0
6168,6373,1
18313,2836,0
9614,21437,0
11563,11811,1
7521,7645,1
19787,823,0
24307,24006,1
26035,26206,1
19479,19363,1
10505,10940,1
966,20806,0
15490,15174,1
23557,6003,0
3070,27445,0
25027,380,0
22402,22395,1
17711,16371,0
19983,8290,0
29820,20575,0
20123,24993,0
3053,16213,0
7857,7765,1
23850,9755,0
11617,11952,1
16242,16359,1
29162,29046,1
4676,234,0
28080,28241,1
13762,3767,0
17405,23888,0
26016,6413,0
28496,13048,0
20573,20621,1
17612,18872,0
20730,20512,1
15673,11798,0
21961,31192,0
21528,13346,0
5663,3737,0
1210,1109,1
17276,13517,0
16879,16824,1
29569,29822,1
14746,14840,1
20494,29392,0
6350,21907,0
29336,16713,0
6555,6961,1
5239,5410,1
20433,24713,0
22219,13680,0
14791,14528,1
1450,19685,0
25513,16238,0
3459,3437,1
26919,20526,0
27744,22182,0
9551,9847,1
345,19461,0
10066,25619,0
5770,4698,0
13336,4726,0
5358,5272,1
11755,11765,1
16888,22868,0
5065,5255,1
16538,16570,1
20867,20963,1
12463,8865,0
15470,25863,0
15681,18744,0
24349,24218,1
3364,3295,1
25980,26364,0
18861,13616,0
9284,9438,1
17869,397,0
166,119,1
27290,27263,1
23056,10650,0
26064,6877,0
559,19665,0
24419,24075,1
20128,20015,1
26905,26886,1
8103,17743,0
8487,18178,0
27527,27840,1
12393,12107,1
23666,23832,1
26982,24720,0
29053,27487,0
11409,3745,0
13324,13217,1
4844,404,0
2397,2164,1
30983,30864,1
10172,8029,0
16140,16533,0
16923,16549,1
8872,8597,1
13834,13630,1
1840,1920,1
17933,17729,1
25395,25325,1
25461,25295,1
28109,28232,1
18248,8248,0
21501,21620,1
3125,3379,1
23803,23792,1
5339,5307,1
31922,14300,0
22532,19981,0
22098,22146,1
5925,6429,0
5181,5220,1
11119,24612,0
6951,64,0
6539,6685,1
8347,6207,0
9082,9094,1
26336,26222,1
19305,19253,1
4499,22559,0
16091,16258,1
617,511,1
18437,18199,1
2601,12879,0
9395,14895,0
26484,21276,0
6195,6262,1
17929,17744,1
1727,1666,1
12925,17313,0
22386,1054,0
19841,19667,1
14762,14959,1
11144,18908,0
11013,11403,1
26269,26330,1
28784,28856,1
5134,20077,0
27253,4628,0
16906,7431,0
11986,2875,0
8614,3992,0
7625,7852,1
6750,25961,0
24899,5159,0
30409,30299,1
3859,17262,0
15264,17932,0
24898,28590,0
21875,6461,0
24381,3835,0
25180,4087,0
12790,12523,1
877,859,1
22401,20396,0
23926,23756,1
23999,23500,1
21155,25007,0
10129,10239,1
12206,12090,1
13423,13170,1
4840,4914,1
15846,17233,0
1299,22386,0
18051,18380,1
29126,2,0
646,556,1
3728,3501,1
21157,21347,1
14723,14756,1
30636,6121,0
1560,1862,1
29408,29144,1
27855,4520,0
9156,18897,0
17883,17970,1
23228,23345,1
1096,1325,1
16896,24894,0
23375,2383,0
21356,21201,1
21977,12950,0
1530,30800,0
115,23221,0
14743,14610,1
27161,27421,1
26512,26475,0
27913,27512,1
2066,2268,1
24077,24058,1
26405,30780,0
24017,23368,0
21176,21436,1
8971,8556,1
3068,2160,0
21781,21485,0
30535,3275,0
25912,25732,1
1917,24871,0
28158,28198,1
12241,12261,1
26786,26798,1
27681,27548,1
4944,4570,1
2929,2556,1
24562,1576,0
23082,19613,0
22369,22185,1
23740,23982,1
30389,30499,1
27228,13762,0
14343,14071,1
20051,20124,1
19600,12898,0
30045,8998,0
23168,6787,0
12666,28385,0
15348,15306,1
31663,31690,1
23398,23258,1
17922,17819,1
19869,19891,1
4854,4812,1
27790,27826,1
24131,24061,1
29186,29127,1
16291,16037,1
10094,10497,1
24839,24847,1
5472,5230,1
9914,84,0
11304,11005,1
10032,10419,1
4863,14135,0
28239,28295,1
4214,8376,0
7233,12823,0
1636,18460,0
10679,10876,1
24072,5601,0
3783,3700,1
10796,13726,0
20387,6070,0
6220,12065,0
21403,21491,1
28888,28650,1
785,10481,0
19808,9055,0
9667,9757,1
26405,26134,1
11074,13190,0
26564,26893,1
19013,9189,0
19827,28,0
29401,29007,1
9783,16798,0
11691,22435,0
30461,30062,1
9889,19941,0
10705,31975,0
23128,23042,1
25489,4635,0
15535,9314,0
24221,24145,1
29592,22989,0
19563,2405,0
2305,2092,1
18925,18520,1
23441,29763,0
6231,6253,1
21224,31758,0
10965,10502,1
9563,22748,0
10490,10083,1
2426,24350,0
20580,20811,1
30019,908,0
9616,15484,0
27362,9901,0
13561,13983,1
8667,8790,1
3573,3849,1
8516,8770,1
12125,7058,0
24555,24929,1
9112,31364,0
11449,22336,0
30285,30355,1
6973,6979,1
27292,27376,1
9711,9853,1
13759,9771,0
5761,8210,0
23468,21032,0
22644,5117,0
30101,30051,1
29050,7788,0
4115,4094,1
27666,27862,1
25185,25030,1
13806,13533,1
24309,24107,1
21975,21844,1
7407,7355,1
21788,15136,0
14725,30236,0
24425,6798,0
8075,8311,1
17518,17428,0
25735,25770,1
10067,7104,0
23740,15807,0
5853,5605,1
23871,10552,0
24663,24887,1
9840,25442,0
15454,15204,1
20166,9967,0
24172,22706,0
28645,28615,1
16681,6261,0
3847,3725,1
21611,21532,1
17225,17031,1
28424,4386,0
21624,21588,1
24590,24659,1
6745,6897,1
2943,2968,1
17358,17318,1
23176,23459,1
27240,2227,0
14656,17965,0
28335,28379,1
19694,20856,0
2711,2565,1
21761,21672,1
6293,6247,1
21152,21246,1
9399,16986,0
29001,29480,1
27364,5560,0
20508,20919,1
14504,24767,0
19710,27568,0
8658,16359,0
30159,5560,0
21400,21497,1
4708,4534,1
7659,25085,0
25515,25841,1
28957,26861,0
15781,15850,1
30494,16115,0
21178,21496,1
10819,2939,0
13870,31523,0
10120,21590,0
12698,10103,0
28059,27037,0
12662,12696,1
28521,5699,0
20917,22219,0
20471,7808,0
10813,9724,0
26822,5914,0
17659,17930,1
8210,22878,0
6408,31050,0
1251,5582,0
10106,10103,1
22364,7911,0
11130,17405,0
3830,3767,1
25823,20580,0
11155,11491,1
24377,4930,0
19718,19781,1
19993,19736,1
23359,24096,0
12367,12115,1
15496,15415,1
27648,27560,1
28668,28734,1
16425,16389,1
479,13714,0
20324,29843,0
12844,12945,1
13059,22450,0
26328,26280,1
12024,12971,0
9906,30617,0
949,888,1
30358,30143,1
28119,28388,1
16711,25680,0
31484,19084,0
28238,28134,1
7489,19160,0
25995,25885,1
5554,5848,1
27093,9417,0
16171,16426,1
27949,27864,1
28413,28358,1
4019,4288,1
4695,4574,1
28962,17056,0
7573,8039,0
26166,17386,0
19799,19824,1
16962,16949,1
5521,21335,0
5814,5924,1
13090,25965,0
29888,29769,1
19983,9993,0
30724,14156,0
9753,9993,1
5578,5657,1
9283,9089,1
27000,14024,0
31812,31866,1
19907,19853,1
21296,21092,1
12923,12607,1
2178,2736,0
21213,476,0
23369,7170,0
31042,31094,1
20994,20587,1
9266,9762,0
17651,909,0
10842,23454,0
20952,839,0
24448,30127,0
6787,2776,0
6696,5850,0
9304,9478,1
26947,26954,1
86,417,1
16010,16175,1
27307,27414,1
24079,24441,1
29591,29745,1
10810,10826,1
25702,25880,1
2488,2203,1
11514,5227,0
27133,27496,1
18546,18685,1
31704,28562,0
25668,5720,0
27117,10011,0
25601,15873,0
15436,15265,1
14107,17407,0
19381,19053,1
29168,2660,0
4334,4239,1
13044,13367,1
31270,31058,1
17012,17343,1
6736,6709,1
15391,15380,1
14410,14353,1
28819,28913,1
12014,5052,0
16289,29402,0
29987,17419,0
27713,27703,1
19290,19474,1
30588,16049,0
22698,263,0
18289,18242,1
14677,14705,1
25491,20643,0
15594,15875,1
26667,26887,1
20631,20887,1
23825,23778,1
25758,25672,1
17455,17021,1
16270,17015,0
27591,27884,1
20227,6397,0
528,18082,0
8795,842,0
17667,30246,0
22440,22107,1
25356,25263,1
18883,11038,0
11911,11985,1
15062,26872,0
13595,7103,0
5780,1180,0
18680,14140,0
26405,26074,1
14073,14140,1
17084,23423,0
23069,23358,1
19979,19665,1
24910,24923,1
10636,20145,0
15755,15793,1
25885,18849,0
24386,23001,0
9650,9501,1
428,437,1
30842,30523,1
8991,29926,0
2498,31450,0
14367,6916,0
3729,3538,1
17300,5259,0
23104,23314,1
22127,30035,0
4408,4149,1
2121,19940,0
8419,8288,1
24921,4767,0
19590,20957,0
10773,10873,1
11821,24838,0
25001,25228,1
22913,30527,0
19640,13889,0
942,10867,0
6263,1878,0
21327,21033,1
3199,27730,0
23061,16268,0
14751,14892,1
29406,13798,0
23491,23203,1
31720,8391,0
17840,17675,1
11433,20333,0
11543,22651,0
15744,8766,0
19208,19935,0
16666,20645,0
2265,20722,0
3564,90,0
9094,9148,1
9356,16727,0
15535,31589,0
2175,2043,1
6142,18968,0
6254,6310,1
30130,5896,0
25158,25153,1
28779,29833,0
2257,6847,0
6953,11026,0
15358,15156,1
2622,2763,1
24223,27702,0
447,21986,0
11665,11910,1
26397,11843,0
26819,27928,0
5091,5005,1
19032,19391,1
23860,9174,0
4348,5667,0
972,643,1
19723,13836,0
27598,20719,0
24021,24308,1
29270,29409,1
12717,18344,0
930,30526,0
3259,3114,1
21732,21770,1
18289,16937,0
14321,7504,0
9031,9204,1
20857,26843,0
13931,13559,1
13770,13652,1
31241,15564,0
1822,1911,1
20606,28304,0
3404,3201,1
15680,15601,1
340,342,1
10170,22397,0
13240,26867,0
7293,7188,1
24343,24001,1
29062,29216,1
8184,793,0
14783,14531,1
1037,30499,0
29188,25229,0
980,23295,0
2378,1415,0
8702,8610,1
13172,13254,1
25252,25004,1
1377,2841,0
4142,4055,1
23924,28010,0
20465,15918,0
967,914,1
11718,9928,0
23594,23605,1
937,816,1
1054,17545,0
12625,12717,1
9278,30614,0
28561,28626,1
30352,29557,0
10981,10585,1
16454,16192,1
21728,21454,0
15805,15829,1
7225,15657,0
29369,6598,0
7611,2777,0
845,588,1
15403,26457,0
17506,21610,0
827,14105,0
3572,3952,1
18286,18458,1
7309,7462,1
13838,13896,1
13768,31246,0
20580,20759,1
14745,3918,0
25748,25761,1
27337,27189,1
327,27855,0
25420,25153,1
5748,5766,1
10013,4581,0
8714,11318,0
16773,16940,1
8211,31120,0
17784,17854,1
18881,18613,1
12415,12280,1
23786,23793,1
10896,10925,1
16133,3056,0
13141,13027,1
210,130,1
16143,20906,0
26725,19664,0
6406,6303,1
8834,8940,1
1551,1883,1
5346,5489,1
3375,3110,1
20815,20713,1
3698,12092,0
30117,1942,0
12253,17378,0
14568,14653,1
20200,7396,0
30776,30616,1
27554,27505,1
30221,3172,0
11077,48,0
31608,19605,0
28455,28305,1
31555,31906,1
7971,343,0
2075,8007,0
17583,17591,1
18783,18565,1
17660,17928,1
9817,714,0
16309,10584,0
16819,12710,0
8010,18420,0
27464,18774,0
29660,29714,1
7951,16014,0
25545,25510,1
9423,19885,0
2196,31380,0
14195,14436,1
16835,16864,1
4143,15783,0
14037,18539,0
24441,4815,0
20567,13934,0
17270,17020,1
2527,11493,0
21751,25843,0
2077,26384,0
30987,19703,0
15290,15427,1
27481,27325,1
29043,29005,1
18281,18311,1
21692,21866,1
7835,5283,0
9101,10994,0
9267,18471,0
2397,15504,0
16031,28226,0
2234,20775,0
22770,1279,0
14617,5301,0
12041,12404,1
5148,5239,1
11795,19001,0
17992,17701,1
7619,30058,0
20872,5066,0
5130,598,0
13569,13627,1
1280,27652,0
5504,8046,0
12274,12229,1
12888,13176,0
23379,23189,1
29704,14598,0
10412,10158,1
17063,9971,0
28145,5722,0
31221,31390,1
10287,29234,0
700,6324,0
3492,3297,1
9974,16545,0
17589,17915,1
12301,18548,0
2231,4847,0
16109,16370,1
9272,13802,0
25816,11306,0
25112,29482,0
21830,3489,0
6549,28000,0
4915,24910,0
25239,21996,0
14491,13603,0
6554,19194,0
18947,21233,0
14921,14613,1
16230,29074,0
1807,1773,1
4951,4885,1
8049,8469,1
29004,29188,1
4949,4159,0
17655,8730,0
9063,9021,1
20417,20437,1
22678,27571,0
29424,29370,1
2796,2766,1
29157,29137,1
6094,6071,1
21282,21165,1
24009,24268,1
9234,9189,1
20371,9221,0
11141,9246,0
24811,4100,0
22649,25423,0
13702,6201,0
29037,29164,1
24042,24277,1
13526,27549,0
27848,27883,1
5861,11792,0
30181,17904,0
20592,20513,1
14931,6169,0
8676,8646,1
13160,23887,0
15070,10004,0
16240,16246,1
399,12240,0
16179,18723,0
5118,19480,0
12265,12185,1
6942,1082,0
21924,22242,0
13692,9102,0
21407,17674,0
27810,7614,0
29234,23097,0
5801,9250,0
16897,30855,0
21467,21259,1
17262,17496,1
646,19713,0
11505,23558,0
17291,17231,1
29478,29075,1
21407,21367,1
21056,17220,0
2542,2704,1
13791,13556,1
7740,7527,1
17082,17268,1
6230,6204,1
17179,17246,1
4495,7438,0
11930,11931,1
3512,22740,0
30722,30555,1
16022,16033,1
25189,25187,1
21876,21924,1
21516,21724,1
5414,5036,1
31443,31305,1
2106,29238,0
25710,12964,0
31602,31565,1
9130,9368,1
10663,10501,1
7489,10356,0
1024,10194,0
10032,23241,0
4644,4894,1
15818,19251,0
6112,6375,1
22423,30536,0
21635,24194,0
22883,22895,1
31955,31980,1
13641,23189,0
30245,30225,1
13055,13294,1
3164,27654,0
2903,23784,0
30572,30772,1
2862,22785,0
17072,706,0
19508,19649,1
3902,81,0
21331,11972,0
1693,1920,1
14606,14866,1
30654,18118,0
630,17155,0
26459,26333,1
19567,12108,0
21651,21802,1
10221,28748,0
3207,5321,0
24398,9225,0
5965,14117,0
6216,28906,0
11627,27254,0
14999,17958,0
3832,8109,0
535,685,1
29721,22417,0
25641,25800,1
8849,8772,1
18761,18648,1
15168,15431,1
19399,3059,0
14352,21779,0
15288,16304,0
19033,19219,1
7579,7702,1
14878,17991,0
5373,30334,0
27386,27322,1
5108,5072,1
6464,14999,0
15163,15276,1
15443,15230,1
18730,18840,1
14066,14116,1
11665,11785,1
11715,22292,0
26001,14436,0
1632,1695,1
23404,13671,0
31108,31491,1
8910,13140,0
14270,27692,0
20139,14306,0
23837,22896,0
29471,29039,1
27352,27098,1
27126,27072,1
5639,9107,0
13865,28010,0
28731,26430,0
4231,4365,1
1713,1533,1
4292,4184,1
12955,15247,0
24914,24946,1
18787,18996,1
27057,27181,1
21370,21125,1
30390,30249,1
4806,4793,1
19529,3985,0
23437,23238,1
29126,29090,1
24317,24349,1
8141,8039,1
6919,6557,1
14344,14100,1
1468,16004,0
19012,8330,0
30839,19404,0
5595,5601,1
30552,3502,0
8059,8165,1
23462,5897,0
16300,16000,1
8527,8765,1
16744,12278,0
4063,4400,1
22569,21248,0
14892,14647,1
31576,8524,0
20933,6797,0
12039,11281,0
11813,10768,0
9392,9097,1
2667,2709,1
19626,19906,1
22523,22521,1
29722,29640,1
22838,19757,0
24443,15897,0
30165,6494,0
23506,23645,1
26730,26717,1
5532,11099,0
27976,27943,1
13030,13318,1
21718,6167,0
19596,19782,1
6485,1589,0
27166,2843,0
13634,13976,1
11540,11922,1
4398,4394,1
28128,28476,1
6299,1480,0
7674,28194,0
21062,21021,1
14191,14009,1
10659,10960,1
5953,20892,0
31046,31407,1
21841,21918,1
28481,24223,0
29711,29527,1
27017,27172,1
16777,16675,1
14860,14576,1
30067,30016,1
22506,23150,0
18869,18634,1
6661,6538,1
16507,16726,1
8326,8134,1
13736,29509,0
1682,1605,1
18386,5442,0
10006,10059,1
6883,17306,0
3760,3901,1
31906,15548,0
22883,28702,0
21193,693,0
9801,9915,1
23751,9673,0
7449,7496,1
12238,6,0
23570,16338,0
12566,12718,1
15701,14053,0
5308,7813,0
6953,27807,0
18949,5400,0
3197,31740,0
11068,8026,0
2440,704,0
27640,27882,1
1102,1188,1
31239,31003,1
15619,15553,1
16047,16427,1
11518,10797,0
9916,4560,0
13990,13568,1
24429,31740,0
18706,18887,1
26870,8444,0
10981,26450,0
8354,8375,1
17541,17650,1
25506,426,0
15460,15029,1
2825,4045,0
31719,3164,0
31070,31095,1
27754,27976,1
2710,2686,1
25403,25145,1
16779,16819,1
12454,1537,0
9231,9048,1
27013,27136,1
26631,18188,0
16689,16619,1
17514,8237,0
29060,1131,0
6971,6557,1
17311,3233,0
3659,3671,1
11853,31464,0
23203,27709,0
28699,16979,0
13108,12463,0
2242,2477,1
18224,18063,1
27702,27514,1
23838,21004,0
1013,1143,1
10859,10702,1
5949,24499,0
5892,5563,1
6905,6510,1
155,9782,0
30354,30064,1
14481,14315,1
25140,25004,1
29903,11755,0
23231,23059,1
13712,17160,0
16489,14474,0
5939,4007,0
31908,13958,0
25895,21337,0
3683,7964,0
94,6606,0
17471,3002,0
29647,29801,1
19708,19652,1
4682,31386,0
19705,5731,0
2962,31081,0
15590,15749,1
26027,26445,1
10980,10853,1
18815,12842,0
8433,8304,1
29791,28141,0
30594,16252,0
6412,6114,1
2521,2903,1
9459,9327,1
27167,27225,1
3624,3743,1
12191,12530,0
401,118,1
22963,31431,0
16798,27771,0
30609,3042,0
21282,21016,1
4536,9791,0
29385,29150,1
5747,5909,1
6346,31664,0
15777,6759,0
9780,9981,1
31401,3935,0
25543,22067,0
29318,29134,1
23658,25908,0
10416,10322,1
28017,19240,0
8513,6423,0
20769,7077,0
7139,7017,1
10045,10033,1
29757,29646,1
19729,12137,0
18243,22537,0
903,5537,0
7317,7275,1
21856,21795,1
5409,13173,0
623,656,1
29525,29895,1
8653,8608,1
19664,11827,0
1450,11673,0
22246,6248,0
748,908,1
15167,15118,1
8603,26245,0
30149,30016,1
7355,7369,1
4036,8838,0
30781,24654,0
8649,8931,1
7205,7488,1
26583,5157,0
11306,30342,0
1305,1294,1
25247,7961,0
25402,25376,1
21911,21558,1
17629,22299,0
7138,25782,0
20788,20711,1
20633,20882,1
26254,20047,0
30034,30002,1
26847,20478,0
12209,12356,1
28282,28473,1
23127,1771,0
21930,29415,0
14869,14845,1
31884,1849,0
14580,14661,1
28111,28347,1
28556,28749,1
4146,20406,0
9780,24271,0
11952,11624,1
17384,17489,1
2517,10430,0
22750,22936,1
27862,27904,1
3813,3597,1
1198,3775,0
30697,1485,0
9865,5287,0
18449,18433,1
8794,8696,1
10068,29642,0
4995,4689,1
13861,30667,0
921,682,1
7911,22565,0
17131,21883,0
20408,20326,1
20652,20825,1
16610,13836,0
2468,7196,0
30811,30967,1
6903,6615,1
579,25045,0
11418,27836,0
11090,6224,0
31822,31858,1
22076,22455,1
15772,6797,0
5999,5762,1
6671,20209,0
4197,18325,0
15246,10250,0
17544,17680,1
31198,31118,1
10995,10598,1
26737,1190,0
28977,10730,0
2573,27828,0
9906,20173,0
28306,28047,1
3418,816,0
24033,27435,0
300,3889,0
1424,4337,0
1348,10694,0
22792,23896,0
23815,7558,0
31720,31957,1
11516,29800,0
11273,13177,0
1804,26220,0
31661,20981,0
4827,4855,1
3074,9874,0
18926,18803,1
13219,788,0
9127,9170,1
4383,2668,0
4135,5832,0
15490,23728,0
31941,27484,0
30234,14157,0
13300,13073,1
22781,22667,1
19328,11150,0
8371,8367,1
565,518,1
30896,6859,0
31091,8337,0
10323,27447,0
25585,25903,1
16799,16695,1
30275,30043,1
28233,28161,1
10403,18845,0
27885,9417,0
24946,9257,0
4860,11849,0
31037,11331,0
24144,24354,1
3387,27222,0
10586,15839,0
13488,13369,1
29707,3165,0
18914,18838,1
4345,28489,0
997,14755,0
12290,21999,0
7783,12290,0
10324,19621,0
1021,18028,0
17256,19479,0
19355,6947,0
2638,13687,0
11409,11115,1
1186,17255,0
17653,17549,1
14808,30051,0
9613,9558,1
918,16487,0
31379,31309,1
31549,31539,1
29977,27833,0
29150,18657,0
15928,21134,0
5165,5115,1
6381,6378,1
15602,15887,1
2298,2285,1
8331,17997,0
6568,18326,0
20778,7261,0
12627,27618,0
3377,477,0
1216,22032,0
1055,13203,0
12392,12381,1
31727,23536,0
17551,25575,0
9700,22230,0
10137,2938,0
22394,22281,1
14159,1130,0
31816,2167,0
20732,20749,1
10203,6414,0
16983,30414,0
1531,7796,0
2970,25037,0
27524,13683,0
10208,20326,0
289,2023,0
3443,3335,1
20781,6773,0
20414,15663,0
9898,23290,0
29461,18818,0
21605,21728,1
27389,16888,0
11906,15325,0
18190,18398,1
25482,27251,0
29157,29321,1
9317,14556,0
19399,19234,1
7974,7781,1
16493,25017,0
18131,18240,1
15733,9677,0
24258,22971,0
15755,15710,1
27929,22752,0
23070,18017,0
12381,12482,1
19003,19153,1
27520,27956,1
31949,31621,1
24924,18859,0
13070,13171,1
14496,13223,0
8484,8265,1
5645,5511,1
5342,17958,0
20544,20705,1
24385,10946,0
9672,20793,0
1340,451,0
25528,25995,1
7455,2714,0
5444,23431,0
16266,29682,0
20441,20075,1
2630,15680,0
2883,2977,1
8840,23529,0
19110,19268,1
18461,16138,0
416,28773,0
16985,16616,1
25954,15392,0
22795,22550,1
2236,24303,0
30479,3494,0
15576,15503,1
25144,8234,0
906,625,1
11532,26148,0
11650,11817,1
16326,39,0
31653,29657,0
9296,16539,0
3565,3659,1
31852,31991,1
24218,24437,1
24618,15526,0
6459,6024,1
14676,20647,0
13255,16812,0
6500,12690,0
27612,19184,0
29200,29308,1
18456,18060,1
4013,4321,1
15080,15775,0
22029,22111,1
3423,3072,1
629,630,1
6155,6171,1
5740,15042,0
13313,13378,1
28890,28813,1
13166,23321,0
597,528,1
30527,30654,1
7467,7246,1
31205,10957,0
8616,2656,0
23476,23018,1
13486,18909,0
18719,18852,1
421,7336,0
1651,1561,1
6706,30589,0
20254,9958,0
15980,4628,0
14367,15998,0
21494,21407,1
8037,6761,0
8366,8224,1
29419,3190,0
13108,13386,1
25006,25433,1
6193,6253,1
26836,26798,1
18709,4084,0
8947,8931,1
27303,17251,0
19656,4413,0
21463,21324,1
30341,30443,1
23530,23785,1
17840,13994,0
14149,9174,0
24344,10931,0
453,2433,0
13128,2501,0
19451,19310,1
20753,20952,1
31709,2393,0
20336,25384,0
14834,25199,0
19692,28097,0
17439,21833,0
29457,16821,0
24972,8122,0
155,227,1
2785,2802,1
23262,23476,1
13967,13982,1
4890,15769,0
1290,1348,1
13840,1682,0
13242,13199,1
2915,2517,1
7287,7264,1
30029,2977,0
9591,9870,1
4930,4935,1
1099,1316,1
1195,1400,1
23993,23716,1
681,18021,0
15548,13573,0
981,11997,0
996,547,1
23995,16249,0
15039,15240,1
26540,26688,1
31863,31947,1
29537,580,0
14787,14967,1
10966,10625,1
18152,18350,1
13340,18813,0
8697,10670,0
10519,13002,0
13881,23554,0
24833,24863,1
21473,21387,1
3425,3329,1
17330,17408,1
7843,7785,1
11623,11754,1
26075,31856,0
20487,28587,0
31939,31887,1
9129,26677,0
30401,30120,1
2651,2816,1
16589,16708,1
23432,23099,1
6243,12577,0
4913,4563,1
9892,26396,0
894,720,1
11467,2048,0
28416,28083,1
21009,21208,1
14999,13410,0
12029,28082,0
18187,29314,0
22845,292,0
9658,17500,0
22794,22924,1
5790,139,0
16287,2719,0
28225,9824,0
25605,25969,1
26219,23234,0
9997,9547,1
6294,6048,1
12245,6908,0
30747,30939,1
20006,20360,1
15870,15718,1
15393,30985,0
5404,15412,0
26259,26230,1
9029,6807,0
2397,3199,0
8071,22783,0
19432,28138,0
29577,12137,0
18347,18166,1
8819,29486,0
6839,6797,1
16329,16112,1
4005,5649,0
9074,12484,0
5571,5805,1
20427,1484,0
11551,11610,1
809,1244,0
18674,18984,1
1944,1536,1
996,521,1
3606,5720,0
22522,22532,1
9392,23791,0
22490,22117,1
31669,21519,0
17986,9531,0
24495,27301,0
25928,15985,0
21180,21101,1
1979,11786,0
16467,22322,0
208,93,1
13847,17138,0
4951,4674,1
25482,19624,0
5649,802,0
27716,24434,0
11212,23861,0
11950,11881,1
2166,2148,1
2508,6164,0
22218,22353,1
5348,5379,1
19880,12260,0
7379,2911,0
20705,12943,0
2547,26465,0
6994,8647,0
12303,19526,0
18659,18909,1
9060,9180,1
27956,14789,0
5966,10889,0
15433,18481,0
13802,25484,0
7002,7159,1
12368,31282,0
19433,19367,1
28924,28823,1
24832,10503,0
18774,2311,0
28893,857,0
29671,29925,1
4889,1853,0
29342,29467,1
1149,1096,1
11766,11534,1
23144,23219,1
13585,13955,1
21215,21180,1
8386,29730,0
8738,25825,0
5162,5222,1
18266,30165,0
23294,25476,0
20824,20740,1
16702,23073,0
19131,3604,0
28542,28442,0
23463,27999,0
24940,15214,0
28091,18824,0
5582,5950,1
5263,1290,0
8263,22772,0
23276,23117,1
27836,10693,0
5908,106,0
4028,4444,1
12143,12295,1
30971,30905,1
19491,1416,0
8576,26767,0
3351,3359,1
23694,23770,1
29756,18296,0
24536,24744,1
3462,21978,0
23558,10351,0
4478,19594,0
9986,28492,0
29607,20496,0
17718,15891,0
29408,29239,1
2736,2513,1
29129,29111,1
14981,12374,0
14530,14703,1
30854,30838,1
2428,2203,1
21377,18923,0
26347,26438,1
15782,15672,1
15560,15591,1
20297,20058,1
10428,10147,1
13120,29461,0
16452,30437,0
20779,30737,0
6813,6562,1
14086,14261,1
29220,8952,0
3044,3914,0
11355,11379,1
15675,6392,0
26474,26430,1
31495,28386,0
25297,13626,0
23325,23456,1
27139,27268,1
28046,3046,0
29799,639,0
131,432,1
25042,5706,0
8857,8949,1
27731,12945,0
31504,30563,0
12873,12529,1
22308,22457,1
12348,16048,0
31244,31223,1
30738,30577,1
11110,11324,1
9964,9777,1
24813,3991,0
14469,24997,0
7513,23626,0
15413,15162,1
10646,12478,0
27840,27596,1
8704,8895,1
11749,11608,1
2038,362,0
9296,9048,1
7575,7774,1
25243,17912,0
18934,18697,1
1802,1702,1
18572,18620,1
29485,9783,0
31024,14244,0
27069,27275,1
7896,9258,0
26365,26288,1
18379,7934,0
8650,8735,1
12573,12809,1
26216,26177,1
27512,27853,1
6915,6765,1
752,17836,0
1695,1732,1
23794,23737,1
16496,13448,0
4395,4809,0
27096,31118,0
16141,9521,0
19434,4140,0
4742,3660,0
2870,2857,1
31806,31573,1
19821,25753,0
29771,11201,0
19827,19956,1
21062,6462,0
31553,31691,1
29045,29455,1
24362,29667,0
14381,10875,0
20824,2777,0
3232,5684,0
3307,5421,0
8516,12499,0
22915,22631,1
16429,16015,1
24505,24797,1
8254,1573,0
9916,9667,1
8492,25772,0
5632,20552,0
23239,3461,0
4046,4452,1
2068,2406,1
17987,20457,0
31821,28558,0
2412,27354,0
5029,8144,0
25657,16355,0
3121,3332,1
3787,3711,1
6794,6771,1
29469,29363,1
11794,11860,1
28133,26294,0
31027,31340,1
9458,7749,0
5076,5182,1
5261,3733,0
21054,21281,1
26091,26334,1
31903,31775,1
18119,3504,0
13637,13842,1
29234,2841,0
2331,2140,1
20138,20113,1
27786,29285,0
3687,3707,1
1431,1304,1
8274,8207,1
23008,23251,1
8528,10484,0
2497,2080,1
8716,17160,0
29317,23924,0
28422,14539,0
4631,12507,0
6030,23891,0
25023,25118,1
31078,9434,0
7922,28016,0
14986,10587,0
17063,31348,0
4283,4496,1
18648,18585,1
11823,26225,0
3181,7310,0
24734,24954,1
26837,4239,0
11856,10235,0
16013,23973,0
14787,12488,0
24336,31500,0
30226,12633,0
15065,11576,0
16694,16667,1
20216,20154,1
19179,17618,0
5118,5182,1
15397,15238,1
27808,11696,0
17382,28771,0
30638,5042,0
20122,26278,0
31332,19637,0
24146,16713,0
23259,641,0
21215,13555,0
6569,6665,1
22689,14165,0
21445,21112,1
1753,23296,0
20126,20402,1
7313,7206,1
25374,29333,0
14503,14594,1
9513,9920,1
19661,19716,1
19936,14196,0
31106,26119,0
6044,6158,1
5769,28734,0
17862,18610,0
7888,28484,0
14806,14867,1
25967,26837,0
13361,577,0
8419,8181,1
4674,4594,1
12350,12450,1
521,654,1
20247,23054,0
9451,15410,0
21348,6042,0
27170,27013,1
21407,21453,1
18129,18414,1
28500,28567,1
5300,16087,0
25682,25743,1
22590,22862,1
3919,3788,1
16210,20853,0
17501,554,0
16943,16629,1
30757,30622,1
27561,17128,0
29042,29472,1
2666,2907,1
17374,145,0
25441,10952,0
12626,12726,1
9443,9007,1
27180,27157,1
18931,18921,1
4625,4944,1
1165,10461,0
29962,6989,0
16568,26735,0
23450,23404,1
20133,20487,1
19098,30716,0
1086,1150,1
8639,17056,0
24641,24789,1
30915,30824,1
15783,15730,1
7457,7153,1
10839,10827,1
24019,24144,1
1021,10304,0
21576,22941,0
23199,23312,1
23401,23180,1
27126,27342,1
23526,12143,0
10327,10047,1
654,780,1
12824,1383,0
8091,8311,1
18714,18802,1
5268,5499,1
19556,2024,0
3009,3734,0
5499,214,0
532,19500,0
571,5596,0
3216,5392,0
26588,26935,1
13380,13136,1
8113,8049,1
4267,19346,0
10070,10465,1
5200,4451,0
11408,27002,0
20710,20730,1
21092,31509,0
30915,30764,1
11245,11278,1
18560,31120,0
3926,20962,0
30444,12739,0
384,43,1
29254,14825,0
17203,17246,1
9574,9966,1
19280,1826,0
17482,13968,0
17723,29383,0
29812,29832,1
1114,29467,0
24393,29187,0
19432,17500,0
28419,21583,0
9381,1988,0
16694,3266,0
16103,13748,0
14533,31930,0
26825,26966,1
893,928,1
36,30984,0
20029,20079,1
9624,9984,1
17410,28352,0
27799,27526,1
11306,11162,1
4850,10932,0
11208,14726,0
18029,18145,1
3830,3849,1
30334,30396,1
27232,27215,1
15701,7803,0
28604,28849,1
22366,22184,1
15791,15645,1
27888,28698,0
31770,31632,1
28776,22135,0
2376,27172,0
28840,19615,0
22894,16830,0
27492,27328,1
28994,28906,1
28261,28438,1
12424,12378,1
10590,8580,0
21849,2773,0
17884,17654,1
20346,11120,0
20403,20364,1
6778,6500,1
22695,22729,1
30233,13709,0
21773,3481,0
30336,20184,0
23489,23314,1
24262,11385,0
4510,5731,0
31379,6808,0
28588,25455,0
16336,18396,0
30114,24876,0
16307,15722,0
27588,9209,0
24293,24788,0
19978,19649,1
6896,11051,0
29723,29559,1
357,15976,0
24488,24162,1
9237,9045,1
11502,11784,1
1122,16042,0
6994,11823,0
3538,3843,1
28236,28231,1
1325,16943,0
19919,7323,0
27834,27571,1
10089,10212,1
9825,27400,0
11429,11362,1
664,7582,0
10869,18758,0
12323,12183,1
22179,22157,1
9505,8738,0
3881,3894,1
5496,5408,1
30669,30919,1
30065,16922,0
1609,29246,0
1871,1706,1
23860,12746,0
27779,27608,1
17688,17507,1
21555,23264,0
27769,27177,0
147,21923,0
30840,8041,0
17444,18315,0
28301,31648,0
6934,30876,0
13026,11075,0
19042,28797,0
1397,5712,0
8670,8989,1
14948,23182,0
22639,7829,0
11408,11004,1
21923,21929,1
28781,28634,1
27896,27857,1
20067,20239,1
24596,24680,1
729,22015,0
27957,13189,0
27594,27661,1
5970,16695,0
466,236,1
11518,11740,1
532,829,1
10583,10960,1
19198,20238,0
18615,18533,1
3261,25539,0
29809,29564,1
14842,21644,0
27927,27603,1
19697,24852,0
19952,19873,1
27150,1898,0
7133,704,0
27162,27251,1
8849,8893,1
29544,26680,0
4580,8325,0
1149,1664,0
9613,17057,0
1383,8491,0
21109,17717,0
21842,30313,0
17216,28109,0
30488,3601,0
21021,18713,0
6310,10880,0
2609,2513,1
24806,8084,0
30167,30439,1
30192,30149,1
12557,27478,0
4103,25853,0
18032,18422,1
20175,19255,0
25063,26795,0
7338,7329,1
18568,18803,1
31110,31454,1
29069,13034,0
29551,254,0
19766,19674,1
21821,21846,1
28982,2260,0
5452,5075,1
907,29180,0
14922,6096,0
6146,21990,0
22736,1900,0
12325,7243,0
3374,3081,1
26639,26953,1
30302,30327,1
26406,12750,0
9118,9236,1
7680,30818,0
21256,1764,0
2504,2936,1
444,427,1
11560,11659,1
28517,5790,0
17282,17142,1
3032,27019,0
117,12265,0
4999,4771,1
25356,25316,1
7862,6261,0
21383,21224,1
7589,21799,0
24928,7668,0
4873,4622,1
15283,15281,1
19227,19000,1
5431,18924,0
19078,16069,0
16895,29381,0
13753,10607,0
20806,20538,1
20527,20876,1
2177,24613,0
30392,30059,1
10697,23566,0
9015,15080,0
15780,28551,0
18415,18228,1
13096,14716,0
22224,13683,0
17708,1361,0
20506,31230,0
4149,4296,1
11922,11503,1
29828,22517,0
15103,11219,0
3647,23384,0
4638,12888,0
8148,8001,1
28930,28501,1
15696,8899,0
24598,7957,0
16973,16668,1
4877,4878,1
3155,31125,0
1620,9593,0
698,454,0
20627,7874,0
9484,9106,1
17584,17735,1
1992,24703,0
27141,27027,1
30823,30924,1
14022,14115,1
11919,24008,0
7843,5401,0
2727,25119,0
22285,22492,1
29779,29595,1
14132,6485,0
5292,5341,1
9452,8590,0
12214,20066,0
11291,26299,0
10764,10501,1
11016,11423,1
30634,30522,1
7735,7836,1
12531,12856,1
11042,20176,0
21467,21180,1
24550,4553,0
27084,26323,0
572,13073,0
17363,13026,0
2435,17453,0
26525,21270,0
25741,25791,1
10019,10287,1
8850,8753,1
29269,29238,1
30313,19970,0
6299,16618,0
15262,4647,0
7038,7158,1
31835,26259,0
18392,9829,0
27280,27248,1
9163,9236,1
13854,6941,0
20526,2910,0
194,57,1
5148,5112,1
13774,1541,0
26649,26968,1
26320,26035,1
17782,17952,1
8928,8745,1
6420,6227,1
26090,26096,1
24608,24891,1
8478,17658,0
4882,4851,1
3447,3332,1
14438,14142,1
2653,16505,0
4022,18722,0
22799,22776,1
17213,17352,1
8853,8860,1
16756,13582,0
4364,4123,1
14782,24343,0
17817,17974,1
23956,23720,1
7104,7375,1
17479,17343,1
12111,12345,1
25867,25538,1
4361,4325,1
14576,17763,0
9891,2526,0
28836,617,0
19670,19573,1
19337,14838,0
19737,19748,1
13320,13108,1
2055,2022,1
2338,2172,1
28305,28329,1
25254,25015,1
5435,9065,0
23547,23774,1
25183,12996,0
25506,19703,0
7945,7894,1
6718,30398,0
16152,16140,1
25060,25023,1
26358,23449,0
28549,11131,0
15049,15203,1
26889,26631,1
16553,16577,1
8952,25518,0
22003,22480,1
23690,23574,1
21892,25743,0
25504,25805,1
2551,9505,0
23779,23618,1
23185,23434,1
10899,10746,1
19747,16789,0
5272,5497,1
29271,17927,0
16299,16035,1
17193,17158,1
31665,25825,0
3607,19261,0
26364,9862,0
232,173,1
17632,17944,1
7830,7740,1
148,5622,0
26372,26173,1
12367,13024,0
23980,6178,0
8341,22190,0
10355,29070,0
3925,3563,1
12978,12733,1
8777,19082,0
18666,18529,1
24737,12623,0
15764,14092,0
31905,31738,1
1583,9223,0
25391,6339,0
17904,28649,0
27167,27449,1
7407,7109,1
3610,13633,0
28213,9835,0
6939,6582,1
27996,14879,0
16057,16320,1
9575,9790,1
16481,16190,1
11625,11902,1
31722,31618,1
16353,23129,0
13797,13626,1
23561,2964,0
5205,5018,1
7049,7342,1
7702,7796,1
18894,21579,0
29925,29689,1
11848,11654,1
19321,19480,1
12699,12676,1
11890,22711,0
22304,22335,1
3111,13472,0
3385,17262,0
13657,13388,0
27841,16117,0
25894,2348,0
22057,22438,1
26557,18677,0
28036,28216,1
28697,688,0
27926,26532,0
31546,31943,1
3720,3732,1
29622,7225,0
20267,20191,1
4279,6924,0
5355,26429,0
15414,30373,0
24568,27076,0
17788,26512,0
12838,16078,0
15254,15452,1
7024,7272,1
23599,23620,1
8166,8384,1
13596,13839,1
17073,17072,1
2115,2437,1
8521,8548,1
8208,4674,0
24347,25714,0
29612,29928,1
21670,16859,0
10725,10549,1
25661,19619,0
24328,24194,1
4494,27270,0
4335,4025,1
30647,30751,1
25865,25906,1
3512,9266,0
20861,20735,1
31164,31123,1
21447,29151,0
12948,7852,0
6184,6369,1
6294,1982,0
995,14087,0
19368,19285,1
26851,20662,0
28771,28523,1
645,31572,0
5241,6072,0
24542,27997,0
26245,26018,1
13866,13841,1
27338,27189,1
15951,7771,0
24599,10594,0
7252,1024,0
11170,28003,0
6642,7308,0
24278,17762,0
28236,28393,1
15936,21391,0
21967,17177,0
25360,25335,1
10909,10944,1
25028,25246,1
10722,10855,1
29789,29667,1
29149,29093,1
26019,26050,1
12194,12026,1
8541,8862,1
4245,8072,0
29221,11228,0
20349,12413,0
18089,4541,0
16228,6970,0
4968,16592,0
2862,10581,0
2392,15840,0
9533,9727,1
18280,15891,0
26216,26186,1
28332,21018,0
7118,30979,0
6181,25980,0
13845,13899,1
30344,8053,0
21256,21383,1
5777,27215,0
25884,25964,1
7702,18761,0
22972,22600,1
28372,28104,1
7638,7501,1
2991,17922,0
14515,9889,0
27963,27984,1
13080,29453,0
4706,25935,0
19731,656,0
27815,27920,1
9521,1658,0
16759,24160,0
22598,28204,0
3841,3560,1
20280,12715,0
22774,22858,1
29249,13571,0
1496,1354,1
6351,1346,0
7666,8873,0
26783,3295,0
16003,23942,0
2727,2860,1
5259,7776,0
25797,25758,1
9561,9943,1
8640,9628,0
583,5776,0
11970,23576,0
11157,11489,1
14307,14223,1
4148,4199,1
10493,10256,1
31494,31370,1
15690,22411,0
24375,24094,1
2340,13986,0
517,27664,0
25695,25600,1
25172,25295,1
24366,24318,1
27707,27996,1
26445,26102,1
6070,9124,0
10276,22920,0
22331,30731,0
18660,2822,0
16965,523,0
31839,31977,1
18431,2007,0
13342,13133,1
16304,27991,0
6897,6975,1
4529,16845,0
7916,24814,0
4419,4132,1
4582,4967,1
8137,8005,1
18710,18882,1
3024,6427,0
16387,8015,0
11736,11877,1
4527,3119,0
8192,2202,0
27844,27889,1
20695,20805,1
29816,24191,0
9576,27649,0
1697,1578,1
30594,30763,1
29127,29299,1
1724,18256,0
15000,20163,0
9988,9544,1
10423,25976,0
5000,6655,0
25302,25347,1
14386,14407,1
4103,8643,0
9509,15154,0
3189,18031,0
11580,11685,1
23973,23706,1
24215,1034,0
6528,6980,1
1980,1625,1
15339,20675,0
14508,14822,1
30058,30351,1
30312,30166,1
2077,17190,0
26781,26589,1
9409,9439,1
9362,2149,0
10022,24395,0
14895,14913,1
26068,26432,1
24691,20375,0
29564,26173,0
30416,2146,0
1922,6827,0
29758,29703,1
5396,5193,1
8805,1545,0
18393,18178,1
8884,8526,1
16705,2048,0
18510,21787,0
16822,16639,1
24593,9084,0
9207,9302,1
16182,16139,1
954,20296,0
5842,5875,1
15207,15322,1
5491,7389,0
2053,2489,1
24040,24399,1
25086,22881,0
21214,21341,1
18840,6785,0
14140,14005,1
5234,5153,1
6099,6346,1
21355,14492,0
10165,8576,0
16398,9002,0
10983,10994,1
15928,4152,0
16833,16778,1
31531,31924,1
24152,13951,0
15554,4670,0
7489,7151,1
8791,21310,0
28135,13081,0
11075,26261,0
4633,4838,1
31891,31541,1
15066,15005,1
31982,31370,0
12124,21012,0
13908,13768,1
3399,3142,1
31385,13526,0
23207,23187,1
19486,17915,0
1921,22822,0
10973,10844,1
29714,29635,1
25035,25073,1
15198,15128,1
2788,2904,1
5985,5717,1
6032,20428,0
2988,20144,0
16221,6424,0
29708,5577,0
19173,27730,0
1770,1599,1
30272,30223,1
18837,18916,1
20878,20806,1
6811,17780,0
29995,12875,0
13831,13764,1
1937,7973,0
31538,31830,1
12870,12600,1
11098,30544,0
14651,15859,0
8350,8462,1
5765,21696,0
18356,18126,1
18711,18542,1
29244,21437,0
4643,4941,1
30477,30228,1
29000,29128,1
15102,15046,1
25642,25665,1
12897,5533,0
24850,24954,1
23522,23534,1
25698,6437,0
7822,31836,0
10983,31006,0
4843,4842,1
22983,5949,0
17129,17409,1
24866,12986,0
1271,1167,1
10178,10052,1
9167,16490,0
8121,8149,1
11619,11672,1
17625,3570,0
7766,7659,1
16728,16821,1
7795,23343,0
14791,10502,0
11868,23510,0
29447,17,0
22205,22083,1
19517,14078,0
3546,3611,1
2559,2623,1
29371,31078,0
28022,19982,0
5458,12168,0
29562,30097,0
14186,14473,1
17037,17420,1
29187,29405,1
19875,19539,1
1139,1359,1
11803,2653,0
26758,26575,1
20188,20176,1
29445,29352,1
24929,24926,1
6731,31572,0
18556,18602,1
7732,20493,0
8173,14837,0
30427,30124,1
8972,11234,0
4916,4507,1
17177,28388,0
17184,9822,0
1359,1005,1
13890,13703,1
16463,10579,0
7178,30591,0
6599,31055,0
24922,22523,0
16995,16818,1
25581,25698,1
23860,23982,1
4515,29910,0
6479,6489,1
10778,22877,0
8620,6602,0
30821,31907,0
8001,8432,1
14342,14346,1
4810,4579,1
16193,30612,0
10022,20318,0
24167,24253,1
2049,7250,0
22598,1485,0
1284,1458,1
9811,20001,0
30819,30760,1
15243,11740,0
6136,6120,1
24388,24243,1
6227,6085,1
4469,4429,1
31549,31569,1
3125,3485,1
24137,24392,1
13289,16936,0
1463,719,0
15788,23885,0
3051,3211,1
30569,30658,1
30434,30261,1
11016,14609,0
5379,5566,0
27405,27449,1
396,5293,0
18353,12179,0
3337,25502,0
31145,1547,0
21731,4220,0
20353,27260,0
5519,5988,1
31675,31683,1
18691,18858,1
2786,1201,0
15677,15841,1
22251,26472,0
20776,20649,1
634,11444,0
30566,30615,1
12170,25633,0
7328,19535,0
21648,21965,1
17375,17143,1
11982,3509,0
6122,6253,1
15555,15742,1
23231,24390,0
18116,21360,0
745,7334,0
19265,19134,1
28254,28302,1
12515,12502,1
5418,5151,1
12992,12824,1
9897,31304,0
19857,3504,0
25825,21799,0
24180,11291,0
23606,23789,1
1311,19183,0
24568,28947,0
11333,11479,1
9919,16324,0
11135,11297,1
23198,23157,1
31492,2910,0
15449,15290,1
31876,31565,1
8802,8990,1
23787,2065,0
11639,8097,0
20714,20747,1
9855,9528,1
12622,10248,0
442,18212,0
4612,4606,1
5362,25706,0
31807,21298,0
6432,6091,1
24049,24200,1
31643,21369,0
16792,20588,0
18285,18082,1
11451,11211,1
23788,23832,1
12736,22013,0
16922,8731,0
11234,11156,1
9782,24571,0
906,26239,0
19614,19957,1
27826,27533,1
19240,19386,1
25456,11123,0
1555,1730,1
25902,25640,1
30982,27779,0
16239,13606,0
31826,27641,0
6813,102,0
25429,26483,0
2546,15222,0
12406,1967,0
31422,31133,1
209,454,1
22499,5245,0
15053,15460,1
28909,28660,1
16318,30211,0
1852,1650,1
1781,1929,1
24591,24732,1
13693,20242,0
16753,22026,0
13813,5325,0
17205,13799,0
1649,1717,1
17403,10770,0
21559,21899,1
17847,17505,1
21851,6910,0
25331,25081,1
8957,8527,1
5401,12460,0
13401,6893,0
10075,10009,1
24072,6665,0
23635,9516,0
25334,26868,0
21043,18096,0
1759,409,0
25574,18559,0
12586,15046,0
3645,20241,0
29325,29343,1
26197,26078,1
10250,10313,1
22111,22052,1
1269,8460,0
31221,8031,0
27999,27581,1
28287,25286,0
6007,6251,1
17201,26855,0
14647,26933,0
8167,8049,1
29316,29088,1
25406,11717,0
26961,3660,0
29323,29383,1
9975,9970,1
8913,24231,0
8653,8929,1
23724,23878,1
21333,21488,1
130,478,1
796,12086,0
24734,13812,0
17414,17248,1
14268,10577,0
16197,16048,1
4525,4575,1
29580,24441,0
13912,29398,0
27006,27085,1
6815,6942,1
13210,13462,1
26054,16679,0
5500,24848,0
24666,11929,0
6113,6339,1
10997,10989,1
18699,18815,1
22009,16670,0
6263,13576,0
26712,26672,1
27640,26832,0
31311,24064,0
30274,9092,0
8842,8633,1
14872,20358,0
15701,15970,1
11163,27050,0
26014,26172,1
17914,14365,0
1174,1124,1
2810,20851,0
6869,25273,0
28694,28773,1
20418,20470,1
14868,17948,0
5852,5759,1
24892,28176,0
31842,31630,1
29534,16927,0
17826,16832,0
4460,4099,1
13851,16585,0
7471,7295,1
25165,25398,1
17210,25354,0
10822,24437,0
10756,10503,1
10305,6343,0
23179,22777,0
6998,6675,1
21916,21838,1
18488,18473,1
21141,3575,0
31419,1650,0
20114,20459,1
14254,30752,0
16550,249,0
12445,14033,0
19754,22536,0
26039,7969,0
29451,29377,1
22741,11386,0
7735,7979,1
15088,15370,1
27994,19206,0
5735,5525,1
14069,14097,1
28852,28571,1
11330,11251,1
31938,14369,0
9240,31963,0
17793,17606,1
19666,970,0
29262,120,0
4090,4474,1
6666,6680,1
21923,21880,1
1339,1080,1
21841,858,0
20686,23181,0
3277,3977,0
608,979,1
7212,7241,1
1813,25620,0
14832,5252,0
22920,22695,1
19930,19533,1
3236,3415,1
18554,20088,0
1582,29948,0
18710,8627,0
5065,5483,1
6462,23852,0
22482,17045,0
20634,20824,1
10320,31324,0
5610,5872,1
18210,12050,0
19400,19141,1
4566,4843,1
28681,26970,0
13852,19235,0
8939,6668,0
16889,15393,0
19695,19769,1
26385,3205,0
3806,925,0
18235,2024,0
9888,20407,0
12761,8422,0
22705,22554,1
31866,31783,1
22342,7235,0
28744,28994,1
26717,26551,1
7313,21631,0
26472,14804,0
2408,2387,1
30232,30209,1
16783,16977,1
31241,7767,0
19042,19247,1
1646,1748,1
13097,13484,1
7613,7565,1
927,824,1
29309,5070,0
4850,4824,1
27030,27064,1
5899,5761,1
23262,5439,0
7158,21069,0
14331,14351,1
12040,12225,1
31654,1172,0
30831,24839,0
8124,28614,0
22414,25877,0
18693,2159,0
562,31476,0
19809,19857,1
21803,21722,1
18830,18527,1
14618,14559,1
3969,3971,1
18585,29500,0
13775,11825,0
19017,19485,1
1459,1040,1
7401,548,0
25750,1055,0
21604,22111,0
1090,1431,1
29055,29062,1
26400,15465,0
4726,4913,1
29625,11828,0
8375,8279,1
25652,25957,1
10385,28432,0
12054,12067,1
16814,28909,0
3899,3650,1
2305,2057,1
16392,16188,1
20529,20576,1
4336,20233,0
7950,18602,0
9037,9122,1
10234,10188,1
21774,29840,0
23698,23079,0
24350,30670,0
19566,19870,1
31325,31353,1
9682,9930,1
7180,7496,1
23034,23488,1
30620,30528,1
13413,17245,0
13778,13559,1
8841,8716,1
10198,10432,1
3683,3620,1
24142,3939,0
30143,30043,1
26494,26071,1
28958,18021,0
8657,8930,1
15003,26795,0
20195,9606,0
21528,6119,0
21719,21999,1
18843,18631,1
24553,24605,1
22600,26632,0
25404,25125,1
8947,8560,1
15958,25273,0
1511,31092,0
14475,22699,0
27972,27862,1
28601,28831,1
198,204,1
19312,19226,1
22881,22770,1
12973,8547,0
2598,2744,1
3625,7966,0
25373,3648,0
28586,2257,0
13447,1987,0
26251,15913,0
17880,17708,1
2797,2591,1
20888,9571,0
5495,5412,1
23313,29653,0
24463,24093,1
19676,17788,0
20086,20280,1
27373,27458,1
19641,19556,1
23877,12038,0
18103,8239,0
31630,31786,1
30311,1506,0
28293,23070,0
15935,12868,0
18050,31416,0
29419,14200,0
19396,19423,1
1326,1205,1
9911,8864,0
5663,5801,1
15832,3663,0
3363,19145,0
2015,2344,1
24796,17661,0
31766,8529,0
624,15844,0
816,29514,0
21784,21623,1
12710,3278,0
25712,14716,0
19052,8275,0
18557,18926,1
25764,25554,1
5779,30001,0
26629,26927,1
5766,13949,0
24797,23606,0
31372,31152,1
27247,27095,1
20269,20112,1
12759,12875,1
15927,15906,1
5373,5377,1
11142,11071,1
28696,28681,1
28516,28827,1
18033,18344,1
3559,3634,1
27786,27638,1
27057,30487,0
637,21438,0
29592,26935,0
17774,17916,1
21361,6155,0
12616,29104,0
25903,25659,1
6816,6521,1
12531,9865,0
10295,10470,1
16823,16981,1
11032,20064,0
6814,16555,0
25156,25036,1
23909,10730,0
3720,7704,0
7172,7462,1
5400,15432,0
13678,13607,1
31731,16283,0
6928,28243,0
28877,28838,1
28492,26651,0
22531,13024,0
12632,18375,0
29031,29338,1
19462,19176,1
26572,26500,1
18683,18807,1
3290,7080,0
4033,24148,0
7630,24787,0
16734,20059,0
20552,7734,0
3429,3278,1
3518,3866,1
14786,6802,0
8626,7925,0
11181,30128,0
25424,25026,1
30618,30820,1
31355,31160,1
21004,30084,0
11627,170,0
29087,6231,0
9549,9975,1
5512,29497,0
26716,26859,1
17259,21006,0
16887,29340,0
3104,3136,1
18947,18806,1
27727,13930,0
23353,23344,1
5750,25644,0
9992,7178,0
13043,16595,0
25571,25968,1
9331,20886,0
3345,26428,0
5274,5080,1
31157,31842,0
17911,17715,1
3646,743,0
1906,1834,1
24045,24003,1
8080,7157,0
3616,3926,1
459,480,1
30986,30911,1
15186,15409,1
26731,8232,0
3898,11278,0
9623,9624,1
26591,26582,1
11288,20675,0
5510,17207,0
9720,5871,0
14537,14990,1
14172,14145,1
6031,6365,1
9730,9651,1
11828,11711,1
13939,13938,1
9504,9377,0
4566,4690,1
14695,14971,1
5563,10514,0
12942,12846,1
15912,26201,0
9994,28672,0
31245,31131,1
18148,18403,1
24672,13763,0
20630,20997,1
22541,22657,1
19077,31382,0
5942,27199,0
22951,26538,0
12300,17437,0
3054,3295,1
21788,13319,0
30648,30518,1
5005,5439,1
19484,19174,1
12351,12121,1
7296,18862,0
29976,29704,1
14175,14271,1
16591,9025,0
16707,16998,1
21271,21330,1
8203,19602,0
781,30156,0
611,582,1
21103,21411,1
21030,3901,0
20881,20891,1
18651,383,0
21002,29205,0
20116,25291,0
3821,12374,0
27193,31703,0
21637,3903,0
26293,17701,0
3457,27208,0
10623,9831,0
21924,29042,0
2857,26380,0
14242,14052,1
24483,24427,1
30814,21721,0
2119,746,0
14010,14491,1
31474,26838,0
26882,20969,0
14236,14077,1
3152,3499,1
11344,27391,0
31058,11333,0
27176,27182,1
21815,21872,1
13572,13885,1
9272,23244,0
24178,14175,0
11707,11916,1
4301,4142,1
18552,18788,1
159,243,1
12101,23756,0
14654,29885,0
11210,11261,1
21447,6503,0
11193,11157,1
27760,27781,1
29946,25301,0
7072,7148,1
24730,27864,0
3182,18286,0
26449,26498,1
7714,7634,1
22192,22103,1
5252,31106,0
21239,21010,1
27355,27067,1
26460,18690,0
3048,3146,1
23920,23528,1
10225,10212,1
28761,9512,0
18648,12915,0
20184,3944,0
3809,2054,0
7359,24549,0
2361,5757,0
30139,30225,1
14575,15810,0
4114,24593,0
31707,31514,1
25944,25836,1
16722,29085,0
26987,26718,1
955,12534,0
25101,16085,0
24752,24847,1
15982,15594,1
25106,25215,1
5207,5145,1
382,88,1
23657,19735,0
18681,25257,0
30149,18612,0
27998,23298,0
5659,13682,0
14161,2687,0
11676,25125,0
30308,30169,1
13050,13434,1
2004,15749,0
4169,26279,0
21301,6486,0
27412,27283,1
15858,15792,1
19421,30043,0
10226,10085,1
16807,2243,0
22417,22473,1
14112,14171,1
29468,29376,1
22007,24350,0
1021,28328,0
13336,13207,1
13281,13110,1
16784,16510,1
3485,3363,1
22944,22702,1
11101,956,0
16711,16883,1
23862,23898,1
12898,12754,1
22187,16969,0
377,137,1
6869,29532,0
25114,29545,0
6738,6912,1
5011,5394,1
1713,14826,0
21612,21953,1
22170,23354,0
12701,27181,0
21199,21371,1
12151,12046,1
28793,28981,1
16863,16917,1
10721,10533,1
8251,8462,1
21145,27546,0
17315,17165,1
3700,3694,1
9383,31903,0
23998,27216,0
16305,23721,0
23844,15786,0
3264,3435,1
12832,17044,0
4712,4953,1
14609,14692,1
31073,31239,1
28528,2073,0
29953,6945,0
23260,23461,1
31132,31566,0
26556,7623,0
16560,20467,0
24764,24891,1
19001,13688,0
23662,23806,1
16167,4446,0
9207,5222,0
9639,23617,0
16736,1648,0
10594,10698,1
26932,26828,1
29599,3191,0
31770,22609,0
22388,6240,0
1003,1272,1
16340,30810,0
30070,16015,0
18167,18094,1
15356,1501,0
12215,12340,1
31370,31002,1
18803,2214,0
29085,29448,1
16577,6748,0
8979,29175,0
10213,10310,1
3495,3147,1
29022,29145,1
22387,3414,0
10461,6667,0
26261,26129,1
776,588,1
19810,19930,1
22386,22266,1
28424,28401,1
8857,465,0
27455,11598,0
23183,23352,1
13814,13650,1
10884,18294,0
11161,11434,1
18381,18343,1
23993,23563,1
19725,30579,0
5596,5726,1
16539,2105,0
14681,10861,0
2935,18389,0
2839,2978,1
16430,21844,0
22810,22775,1
10933,7052,0
23042,23322,1
8,32,1
12129,21716,0
7637,19946,0
4857,15521,0
25158,5992,0
13493,13374,1
12808,12722,1
24138,24473,1
312,12437,0
15521,30548,0
30283,13569,0
17289,13033,0
5559,4329,0
10398,9297,0
26542,26947,1
4850,4973,1
1255,18753,0
10844,23730,0
13043,13046,1
19022,19025,1
7934,7857,1
19749,19782,1
5241,7704,0
1085,1306,1
5765,5690,1
21568,21907,1
19825,5919,0
12252,5404,0
1360,17356,0
3472,3443,1
26595,5906,0
16633,22863,0
7514,26922,0
13140,13387,1
1594,921,0
1969,1619,1
23650,16989,0
1492,15737,0
28029,8702,0
10425,10213,1
644,233,0
25796,17057,0
14284,14442,1
716,26614,0
29932,19028,0
4499,4296,1
15053,21755,0
12542,12587,1
30684,30626,1
3391,3003,1
23544,23741,1
19253,24425,0
14130,14162,1
10477,19014,0
13138,12596,0
5377,5389,1
21316,21453,1
11904,18244,0
9207,9182,1
27102,27002,1
3460,10484,0
24148,24283,1
1673,9897,0
28968,28869,1
7991,7670,1
21727,21900,1
28203,28452,1
28679,28619,1
7424,4531,0
24491,6442,0
29901,29847,1
17233,17499,1
25601,25900,1
19191,3069,0
29113,29015,1
23835,23924,1
28749,5729,0
20656,30765,0
15689,13010,0
7405,7300,1
20272,29801,0
24,395,1
21078,21423,1
31342,26358,0
21625,26022,0
28027,11558,0
26588,26589,1
27492,27436,1
6723,6718,1
10525,3422,0
24463,2052,0
23662,570,0
7175,7452,1
22814,22722,1
2909,2685,1
21668,5691,0
9617,9568,1
700,1652,0
26508,26728,1
3746,3992,1
23840,23962,1
448,446,1
694,17006,0
9100,9475,1
24289,24498,1
30009,30016,1
13546,16008,0
17966,17755,1
13698,31663,0
9689,18766,0
1599,31158,0
21020,28874,0
2746,2506,1
1886,1534,1
5972,24616,0
15217,30608,0
12543,15804,0
8084,10229,0
8962,162,0
25934,25964,1
10228,10863,0
1883,1646,1
12966,13203,0
5328,5279,1
15039,18276,0
14318,11673,0
6493,6033,1
370,5571,0
21232,21315,1
9645,20289,0
9190,23700,0
17918,17933,1
18819,18785,1
1516,1548,1
11312,11354,1
4997,2481,0
16530,11699,0
1089,23391,0
11961,11867,1
13942,13939,1
19488,31918,0
10669,18731,0
2679,2558,1
4117,4193,1
18373,25813,0
30723,30580,1
27357,7439,0
21438,21079,1
18288,18346,1
5159,5459,1
25688,5708,0
8096,8251,1
31676,17821,0
20315,20136,1
17835,22870,0
6498,31432,0
22320,22378,1
22224,2557,0
24596,24632,1
2184,2446,1
11977,15509,0
25197,25476,1
29086,2697,0
6070,6165,1
4987,18452,0
9498,8590,0
27726,27575,1
15693,22694,0
3857,3910,1
13669,13526,1
20348,20424,1
2376,2072,1
5027,4546,0
31272,18442,0
14542,14992,1
20045,20132,1
28001,28095,1
29616,29904,1
14176,14321,1
19507,11606,0
22443,10998,0
20551,3038,0
23921,7595,0
13799,13561,1
11592,11890,1
16583,16870,1
28983,28644,1
16360,24275,0
6442,18589,0
30455,30361,1
24872,24905,1
9806,17734,0
10528,10644,1
13302,13257,1
17773,17906,1
25454,21148,0
11370,15138,0
5929,28644,0
10568,20849,0
3503,12779,0
26059,26235,1
31004,16358,0
30439,24542,0
11650,11598,1
12650,20941,0
5140,13588,0
21592,21729,1
3050,24404,0
30737,30604,1
28734,18664,0
30920,17191,0
22143,5533,0
2288,2279,1
21471,21283,1
27540,27521,1
18991,4009,0
9395,9328,1
1328,1151,1
11211,28474,0
24751,24742,1
3225,3139,1
21,2464,0
4231,4010,1
14876,2357,0
6284,23319,0
22578,25629,0
11005,17258,0
18055,18276,1
8356,8448,1
15003,13698,0
23116,23419,1
27702,31320,0
5658,26420,0
108,4890,0
28005,28376,1
16186,25550,0
16640,16528,1
21484,21102,1
1677,1732,1
3684,3573,1
28114,28151,1
17672,17505,1
22233,9753,0
29730,29935,1
1379,1190,1
4535,4853,1
13811,30414,0
26337,26416,1
29145,9522,0
19893,19804,1
26802,29110,0
3971,29998,0
26280,29586,0
7757,7737,1
19033,28693,0
30171,22301,0
23369,23280,1
4976,3799,0
5918,5946,1
14371,14055,1
19037,19274,1
2291,10561,0
6121,6408,1
15085,15208,1
26525,446,0
3985,3904,1
15128,13406,0
2652,2985,1
18959,18574,1
24384,24353,1
22434,22029,1
8959,8752,1
31806,1623,0
18692,24801,0
27847,4168,0
31719,31504,1
24244,24300,1
4101,6016,0
27510,27862,1
25217,25068,1
21546,21782,1
11090,4984,0
23054,23091,1
27805,19030,0
16814,16694,1
6698,30945,0
14501,14873,1
12877,12951,1
19340,19493,1
15550,15839,1
10076,10097,1
625,852,1
20305,20198,1
11220,31252,0
22006,22368,1
28622,28703,1
28057,2767,0
6584,964,0
13879,13710,1
19335,26724,0
3918,3912,1
9336,9464,1
8690,31381,0
2464,18008,0
2467,2471,1
1877,1755,1
24541,24642,1
23582,7055,0
31232,31131,1
12286,9653,0
25914,2056,0
31919,1173,0
4168,4463,1
19297,19146,1
16140,29502,0
28785,28784,1
6247,6019,1
10085,10289,1
15944,15571,1
19675,19821,1
30517,30961,1
8006,16207,0
24112,25859,0
26929,26746,1
24595,24804,1
27566,27635,1
24497,24404,1
6861,6744,1
6192,5190,0
21993,31820,0
28505,11893,0
26181,26330,1
28971,3844,0
29671,1740,0
11118,26665,0
21047,21419,1
14347,14463,1
3298,2560,0
30402,19800,0
26630,26536,1
29811,28790,0
1791,15347,0
11821,11754,1
15690,16157,0
17294,17017,1
18093,16448,0
31392,287,0
8828,1147,0
29146,14047,0
9276,4967,0
13581,1319,0
10452,28151,0
1511,5420,0
2426,2057,1
21150,21070,1
24510,24648,1
29882,29758,1
13886,5562,0
12655,12583,1
5186,13051,0
4606,4573,1
13857,4579,0
2454,2109,1
21013,14141,0
5657,5956,1
6751,18207,0
536,22463,0
29606,29973,1
11835,15525,0
9641,30500,0
14152,14099,1
25310,12225,0
1133,1283,1
29782,1733,0
26971,26992,1
17766,17769,1
28590,28815,1
27824,27645,1
3150,3102,1
26859,8728,0
20017,15496,0
29110,29492,1
29107,29028,1
11377,11138,1
7358,11434,0
10108,30525,0
11423,11318,1
21835,21830,1
24760,13300,0
12861,30708,0
14927,14836,1
26366,26472,1
7505,7780,1
18589,25230,0
947,879,1
7519,7606,1
19295,19199,1
28267,28381,1
957,2496,0
10343,10472,1
5533,17557,0
715,863,1
17311,26457,0
28716,4770,0
4108,27904,0
30414,30231,1
17079,17431,1
22623,5914,0
3763,3984,1
12215,19706,0
9070,9019,1
29701,29706,1
24519,30607,0
10794,10726,1
11826,11708,1
5404,28504,0
7015,4550,0
5142,28354,0
30209,30040,1
10327,10093,1
9563,12593,0
226,69,1
26657,12320,0
28532,28935,1
2464,14471,0
30416,30237,1
22796,6251,0
11503,11945,1
1455,14704,0
24735,24793,1
611,545,1
1706,18707,0
17769,7043,0
8714,8510,1
4211,15208,0
19606,19972,1
9514,17916,0
29097,29222,1
13549,13756,1
20456,17501,0
8053,8421,1
9232,9370,1
29948,29869,1
18591,683,0
27088,27345,1
2795,2944,1
27939,15357,0
13644,11503,0
3232,3371,1
15579,15844,1
30881,18164,0
14651,3112,0
20726,11617,0
1457,1229,1
6971,25830,0
29532,20336,0
9165,9075,1
7442,7400,1
26828,3993,0
27404,27195,1
22494,22173,1
26032,28194,0
12654,30781,0
30319,30100,1
1371,8269,0
12919,5553,0
30134,30053,1
25762,8399,0
31139,12761,0
7013,7376,1
5768,5744,1
14669,14934,1
20909,20644,1
4880,4519,1
31601,10459,0
18398,739,0
17248,17372,1
18523,19548,0
19825,5812,0
13004,27421,0
13534,13780,1
14484,20825,0
24956,24503,1
627,791,1
5713,5746,1
7496,7395,1
20257,20110,1
2353,15280,0
21862,24052,0
11395,30001,0
23076,22174,0
25503,25898,1
4577,4589,1
18644,29857,0
6587,6851,1
24032,8117,0
25041,21173,0
23305,23400,1
22066,22443,1
2405,2035,1
21178,21450,1
11617,30612,0
2420,6747,0
10632,30487,0
22395,28308,0
1377,1352,1
13392,24510,0
1199,1292,1
19686,19954,1
8914,29596,0
15230,20780,0
7838,9046,0
4909,4933,1
1150,1213,1
6861,6770,1
5660,6874,0
27787,15293,0
17413,11922,0
12629,12834,1
26917,26701,1
18814,18791,1
8789,8924,1
25401,25310,1
18783,18808,1
7045,12151,0
15227,15140,1
18235,6045,0
13333,13397,1
6866,6698,1
5326,30299,0
17072,9756,0
7915,9355,0
5352,30637,0
11881,2800,0
13152,13224,1
4324,4104,1
295,255,1
11534,10943,0
17279,10523,0
31560,31614,1
16153,14387,0
22053,361,0
7503,7754,1
10393,10448,1
26999,22454,0
19309,14055,0
6378,1540,0
9775,834,0
15783,3793,0
14434,15182,0
3911,3604,1
30580,9652,0
5792,24714,0
25402,1837,0
3307,8748,0
12018,1047,0
15208,22896,0
6268,6076,1
30473,30105,1
7288,5761,0
18481,9100,0
27131,27126,1
22833,22795,1
8689,24776,0
4979,4975,1
11831,16345,0
20799,20697,1
12457,12321,1
21546,21997,1
5861,30036,0
22241,28449,0
5916,5612,1
7108,7317,1
8137,8136,1
14914,20800,0
2510,29428,0
4118,4165,1
12750,12507,1
1701,25431,0
23198,23240,1
1783,3210,0
10587,10982,1
11560,21063,0
12273,25102,0
20099,20163,1
22886,9352,0
11415,11467,1
25086,11289,0
2900,3753,0
29838,29868,1
13196,11017,0
26662,26988,1
9018,21382,0
14953,7365,0
2094,2350,1
21177,21099,1
9430,28267,0
8492,9265,0
16552,16517,1
26534,6989,0
29628,2573,0
12346,12441,1
23322,23195,1
20513,8241,0
11459,5763,0
28404,28085,1
30078,30449,1
27925,27581,1
25091,25167,1
7816,5285,0
27394,27474,1
21743,21541,1
31950,3586,0
2685,2663,1
9075,9370,1
457,14244,0
8202,8496,1
9907,27116,0
15728,15866,1
22453,22173,1
11845,11541,1
27124,27238,1
6045,6257,1
18978,22591,0
18901,22896,0
7869,16824,0
7115,7313,1
8347,8118,1
13629,31263,0
10144,17311,0
16490,7831,0
4448,4464,1
17408,26444,0
6460,12635,0
27817,10262,0
20035,20106,1
6097,31328,0
14324,9076,0
29278,857,0
3250,24983,0
25678,25777,1
463,18836,0
6746,6532,1
14622,25208,0
13270,30536,0
2293,18797,0
26217,26099,1
22560,27815,0
6369,708,0
1487,1391,1
9604,16773,0
16583,5789,0
29059,29270,1
3010,3123,1
553,890,1
14728,14689,1
16499,16011,1
31126,18196,0
9451,22161,0
21568,5144,0
26236,26203,1
14333,24115,0
8038,12949,0
12868,6745,0
17520,17642,1
5757,5524,1
5418,7107,0
29012,20162,0
10525,19282,0
21900,21693,1
12946,8847,0
16099,13652,0
30452,15179,0
15539,15815,1
31320,788,0
16839,1038,0
3817,3969,1
12673,12602,1
7082,7191,1
3886,3609,1
10563,10687,1
3063,3380,1
22877,22768,1
21982,5720,0
23300,31631,0
15861,15707,1
2867,26655,0
25,6494,0
1625,4395,0
9233,2009,0
18398,11389,0
16227,13891,0
2603,2508,1
7912,27716,0
16566,16857,1
9353,14853,0
1182,1233,1
20139,20195,1
23397,30997,0
25576,25770,1
29125,2346,0
8978,1838,0
28263,28096,1
1541,29628,0
10904,1410,0
14919,14827,1
6509,6654,1
867,912,1
2985,2930,1
28717,12153,0
28899,12599,0
26043,31799,0
5219,9380,0
20352,20005,1
20174,19447,0
20097,20430,1
19091,19221,1
17411,17120,1
22469,3872,0
18708,18996,1
12634,30734,0
6556,6883,1
28430,22423,0
18192,18287,1
16085,13991,0
895,20406,0
25948,2484,0
18972,17892,0
26025,26167,1
10792,16874,0
17615,17577,1
16212,15174,0
22872,29643,0
9003,9241,1
4259,4331,1
18006,16859,0
12844,14746,0
28010,28044,1
14493,26873,0
6181,10953,0
17286,13006,0
1140,1071,1
17574,17564,1
8685,7076,0
2658,30430,0
31621,24576,0
28650,29988,0
15486,1051,0
21625,19592,0
15576,19140,0
9687,769,0
30594,30919,1
5647,5531,1
31389,11948,0
972,994,1
305,5209,0
26124,3978,0
12435,12467,1
13109,13155,1
7472,16063,0
15111,31167,0
6235,20523,0
12506,12849,1
723,703,1
27248,27464,1
13351,13303,1
16650,16613,1
18508,15750,0
10948,10863,1
10819,10680,1
12446,12381,1
10897,10927,1
6622,8346,0
12726,12857,1
4901,4736,1
28661,25076,0
31098,31050,1
13917,13729,1
27399,27394,1
260,246,1
25608,5433,0
27609,27879,1
25365,14110,0
7689,21051,0
3003,4240,0
22752,22566,1
17502,17529,1
11586,30190,0
21541,21553,1
16284,7605,0
3832,3864,1
30186,30463,1
8826,8919,1
11427,11032,1
14528,13716,0
6300,6067,1
2859,28489,0
5798,13800,0
12651,12704,1
23357,23348,1
24977,19706,0
2054,25622,0
4590,4987,1
9746,9707,1
11192,20868,0
29905,21651,0
4102,11330,0
20099,20064,1
2791,20080,0
6926,16358,0
15536,16602,0
25607,25634,1
9588,9972,1
25906,25669,1
10969,31299,0
16667,16798,1
26311,31241,0
22431,22082,1
4337,4175,1
17182,17346,1
28271,28471,1
24681,24978,1
29832,29856,1
3611,31880,0
29785,29849,1
22970,22585,1
19486,19496,1
690,1666,0
16841,1458,0
22540,22607,1
11672,11986,1
7876,7793,1
29261,29220,1
2198,2212,1
15598,15630,1
17999,17987,1
31341,31239,1
14437,14299,1
10893,4373,0
25049,25067,1
18100,18198,1
4922,28095,0
31659,21773,0
3930,25127,0
28335,28131,1
31467,7141,0
12947,30060,0
12752,12610,1
17353,17107,1
31816,25387,0
16619,16730,1
7863,6091,0
2519,2570,1
15945,15535,1
31712,26034,0
7251,7086,1
2721,5673,0
6545,6914,1
19669,19745,1
27381,29668,0
28179,28087,1
11379,11203,1
20068,20412,1
10273,10307,1
22065,22398,1
24409,24099,1
31098,31115,1
3651,1942,0
31516,4828,0
23199,23356,1
11703,29404,0
4954,31370,0
24425,18294,0
10033,10031,1
23894,2061,0
21519,21648,1
20413,22353,0
12188,12347,1
21487,21228,1
23040,4184,0
1902,1516,1
12130,26000,0
19161,16573,0
23911,23754,1
20484,774,0
2793,28454,0
8335,8376,1
17902,17605,1
21488,17496,0
17690,17987,1
9514,9816,1
25099,6312,0
5220,5218,1
13123,13416,1
14061,21454,0
23717,25229,0
29035,29318,1
7254,7304,1
16284,17057,0
8188,4355,0
7290,16745,0
30926,29034,0
17800,17739,1
23161,25281,0
28083,22819,0
28761,28638,1
24943,24779,1
18496,18364,1
3609,3717,1
10223,31319,0
5530,5693,1
28072,28025,1
25284,8925,0
31324,5666,0
12117,6588,0
22192,1490,0
6224,6401,1
22754,22515,1
21829,13332,0
18633,18788,1
12955,5931,0
5273,5140,1
15533,15694,1
29837,11139,0
8384,8213,1
1757,1838,1
13488,13386,1
6788,19568,0
2150,31057,0
9400,24348,0
9902,23613,0
24638,24912,1
30028,30272,1
20455,16096,0
7431,7303,1
19251,19404,1
10864,5964,0
3024,18148,0
18246,10973,0
16946,16576,1
4882,4595,1
8156,8482,1
3115,7707,0
9281,9488,1
4043,1833,0
29783,29889,1
4555,4584,1
21877,23769,0
8149,8026,1
27553,4870,0
707,20102,0
3456,3454,1
20524,16562,0
11546,11623,1
26178,27573,0
31165,31300,1
21418,14105,0
18603,12163,0
20785,29108,0
29198,29052,1
2422,20117,0
12691,5455,0
27055,6444,0
17899,23181,0
14009,17502,0
16430,18173,0
15192,15028,1
11518,11799,1
21107,21194,1
22333,22142,1
11144,29656,0
8228,8088,1
4500,4675,1
17283,17492,1
25534,25523,1
13002,18858,0
19106,19430,1
5385,5005,1
15493,18385,0
20242,23166,0
18319,18048,1
12007,12002,1
18985,14675,0
13905,13671,1
8933,8544,1
29576,29762,1
7526,7872,1
9444,9490,1
12597,12619,1
770,611,1
7940,7929,1
25574,26731,0
18091,18257,1
8383,8397,1
3197,3224,1
22870,22815,1
8132,8004,1
20973,20942,1
13257,13245,1
23649,23644,1
6220,6141,1
11014,11287,1
23520,12882,0
16360,22765,0
12580,12555,1
29943,29996,1
22630,22645,1
14626,14811,1
28436,2365,0
2916,2983,1
26381,30881,0
16307,7883,0
2143,24326,0
15421,31,0
14077,26040,0
1594,20072,0
1098,1034,1
16351,4206,0
24897,30205,0
24594,24689,1
17006,17349,1
17486,28331,0
1135,31572,0
16569,31867,0
12492,12379,1
14125,11487,0
12105,12157,1
19070,19480,1
23915,25400,0
8260,6143,0
19965,19677,1
23842,10431,0
21262,21132,1
8966,6046,0
27196,26016,0
15624,15536,1
29234,29296,1
14503,14695,1
15209,27980,0
15635,11106,0
5150,26445,0
27046,30417,0
12224,5082,0
18614,19561,0
10675,10886,1
31734,5716,0
10588,12560,0
14525,14972,1
21040,13703,0
17044,17262,1
29014,29364,1
8430,5684,0
31717,31607,1
6527,17399,0
30217,30458,1
20849,20856,1
9354,8362,0
9291,9440,1
24105,24383,1
7113,7066,1
9386,24892,0
22054,3634,0
4011,4446,1
1972,1589,1
25721,5723,0
19184,19237,1
2877,2546,1
19717,25098,0
6120,30221,0
23179,19947,0
16544,27924,0
1503,13138,0
24699,24714,1
23702,14659,0
12317,12301,1
21668,21719,1
3375,19152,0
16303,9110,0
11916,11804,1
12951,12732,1
20911,24992,0
20209,20185,1
5005,5127,1
14064,8416,0
3159,24410,0
12457,12186,1
14269,25209,0
30816,19806,0
17637,29192,0
22861,10578,0
17132,28173,0
4318,20924,0
22962,22668,1
18038,18184,1
28464,28220,1
16797,14792,0
25731,7285,0
11723,9182,0
539,4759,0
21868,14792,0
9831,9966,1
7085,24147,0
19447,19152,1
12673,24211,0
15296,25785,0
17413,13309,0
2040,2030,1
10096,23724,0
2677,2772,1
8562,8855,1
15548,15708,1
8105,3457,0
27138,27129,1
21446,23906,0
19427,19299,1
23038,13901,0
8237,8304,1
15864,15367,0
2408,2322,1
17007,31950,0
17041,16566,0
26639,26727,1
3236,3283,1
18583,18747,1
18771,12497,0
10024,13162,0
23367,21206,0
12743,30330,0
21511,24202,0
14476,13847,0
25098,25176,1
3095,17331,0
29487,29436,1
11125,15545,0
19243,19382,1
5417,21622,0
22105,27580,0
23240,23288,1
2181,12465,0
7427,7112,1
4326,4189,1
8839,8578,1
16799,31215,0
15111,16445,0
16696,16835,1
67,28905,0
27049,14256,0
31890,5644,0
28227,28147,1
6319,10791,0
14049,10984,0
15787,22778,0
31439,31356,1
27081,27084,1
10578,10506,1
31717,31721,1
3767,28059,0
10344,13480,0
7527,7750,1
14218,14184,1
9026,4783,0
5294,5112,1
16300,16161,1
4082,14104,0
6181,6232,1
15607,15983,1
4936,721,0
6022,6038,1
20886,26151,0
28812,3801,0
15540,6028,0
1126,14423,0
21264,27673,0
18572,7435,0
18400,881,0
20544,20994,1
17654,17620,1
28704,17739,0
14434,14423,1
31229,31405,1
27233,12334,0
3928,13838,0
6753,6569,1
18159,18198,1
12247,21769,0
1453,1433,1
12528,4777,0
26601,26636,1
13752,22558,0
4428,4062,1
16074,16429,1
6666,6784,1
13201,13157,1
27955,27701,1
28776,28999,1
1218,1044,1
20461,17318,0
22703,22962,1
30933,30742,1
30464,30470,1
6458,8157,0
26666,10238,0
21567,21982,1
23650,12599,0
202,24643,0
7573,7126,0
13605,14023,0
15692,15539,1
21327,21117,1
14770,19634,0
15853,29506,0
3410,3264,1
19495,618,0
20765,20547,1
9078,12413,0
7227,7447,1
2196,2400,1
15093,3900,0
8879,8705,1
10640,11928,0
11916,11828,1
19639,13637,0
12746,12889,1
7814,28929,0
16394,16273,1
29996,28487,0
21935,19685,0
31884,19014,0
3514,27351,0
16843,29917,0
903,20603,0
27970,21766,0
24262,24366,1
956,1137,0
19091,19438,1
26745,2123,0
187,10404,0
5809,18679,0
8174,8340,1
15905,10856,0
16365,27868,0
14181,14114,1
28292,28415,1
27313,27438,1
13025,13092,1
21630,25960,0
28781,30134,0
26416,5446,0
6613,8008,0
22946,22992,1
19392,29616,0
14336,8222,0
11191,124,0
2064,10689,0
25109,27376,0
4074,31247,0
17580,25540,0
2155,2252,1
31544,31876,1
25023,25287,1
10812,28848,0
1477,1215,1
5864,5806,1
3375,20138,0
20548,20540,1
25634,22098,0
17150,460,0
7784,7888,1
2662,2296,0
6438,6257,1
22161,7760,0
29720,15729,0
19589,19774,1
3756,3678,1
10687,250,0
15670,15647,1
21033,21168,1
5770,5562,1
5670,5565,1
8390,16459,0
25486,30727,0
6776,6966,1
11843,11909,1
28585,788,0
21057,15779,0
6100,10869,0
14513,14502,1
27492,27466,1
24343,24410,1
8238,8053,1
23966,23536,1
30720,25267,0
1696,20128,0
27458,27100,1
17246,17304,1
25923,25694,1
11432,11255,1
18694,4107,0
5174,5455,1
21745,415,0
11530,11238,0
5302,3365,0
3177,3269,1
28449,28446,1
824,898,1
11096,11291,1
19688,19760,1
25974,9973,0
28103,12421,0
26157,18332,0
4439,13594,0
25889,11054,0
29830,29649,1
23374,23067,1
16952,16581,1
15329,25095,0
28960,28832,1
28382,28123,1
18676,18884,1
8828,24869,0
28189,24050,0
6240,12022,0
24422,24211,1
14678,8707,0
14400,14181,1
3955,9855,0
20007,20077,1
11147,11039,1
5239,6596,0
19001,765,0
10862,10945,1
8437,8104,1
6126,6390,1
16796,13827,0
30167,11273,0
25053,25331,1
15858,25992,0
5271,5075,1
11311,28525,0
29855,29628,1
8685,20094,0
25154,19996,0
2645,19502,0
3861,3570,1
27830,9544,0
20085,20325,1
25597,24870,0
7567,20702,0
17288,17456,1
715,838,1
18086,18127,1
15157,5640,0
7162,7063,1
1609,28018,0
14178,23057,0
29752,29671,1
28196,15870,0
17314,3312,0
14254,14239,1
5431,23754,0
2847,4037,0
28811,28596,1
27002,9579,0
29139,29427,1
21570,31837,0
14673,6805,0
5634,5949,1
25697,14321,0
3177,4143,0
23090,23019,1
28078,28103,1
8000,30719,0
26053,21671,0
19762,2568,0
29882,29794,1
1588,1598,1
3546,13545,0
14360,14438,1
22729,22901,1
10498,19273,0
1957,11045,0
22572,22511,1
7304,6802,0
31912,3727,0
6895,6821,1
16536,16552,1
25227,25275,1
22364,27598,0
7535,8488,0
2559,2675,1
27227,2281,0
25217,25172,1
30867,31947,0
30105,30465,1
1544,2416,0
3336,3149,1
30625,30925,1
25667,7338,0
29708,28482,0
29434,14953,0
28135,28464,1
26894,26951,1
3833,3701,1
15857,16449,0
22363,5433,0
21558,8957,0
3938,3933,1
26113,26123,1
10728,11504,0
13706,17731,0
10171,10167,1
29017,21826,0
30709,30722,1
14572,13316,0
18232,10010,0
14998,15461,0
28588,3102,0
21250,21059,1
17150,17245,1
21860,26863,0
18100,18354,1
4921,4816,1
1398,8344,0
8521,27055,0
20863,20559,1
19877,2994,0
16748,2217,0
27927,27772,1
30371,5248,0
7253,7318,1
6502,6679,1
29554,25779,0
5159,5105,1
10946,2208,0
16792,28310,0
23064,11840,0
14162,7865,0
10574,10804,1
17592,9219,0
460,465,1
8757,28420,0
15764,15599,1
27436,27288,1
21884,21820,1
45,6569,0
2317,2496,1
21543,21609,1
6169,6208,1
30457,30127,1
3443,15176,0
29091,26000,0
17873,17618,1
15399,26543,0
5248,9032,0
22558,22953,1
23420,23205,1
8473,8383,1
6810,19749,0
27477,2971,0
27245,5832,0
8425,8232,1
9901,21898,0
24298,28466,0
6181,4443,0
26866,3863,0
1909,1517,1
13512,13938,1
20049,20447,1
8972,8672,1
646,970,1
13058,2748,0
25816,25822,1
24669,24794,1
31416,31253,1
13247,13359,1
17221,4407,0
24231,24038,1
1717,1566,1
5861,5833,1
17414,17400,1
1435,1037,1
24243,24368,1
21875,21801,1
14873,14871,1
14905,23243,0
11924,17530,0
8974,20454,0
9424,9746,0
30138,10070,0
23145,13559,0
29138,29156,1
24203,10883,0
15239,15086,1
7571,7519,1
16106,16384,1
9236,9248,1
16821,13976,0
6870,6985,1
17425,17029,1
23897,326,0
19797,29905,0
27466,3274,0
7036,7458,1
21323,21340,1
29956,19783,0
25374,27995,0
23655,7062,0
9414,27258,0
14899,819,0
5377,5179,1
17477,17287,1
20221,479,0
19604,19638,1
22898,22828,1
16927,17890,0
4033,23672,0
3555,112,0
14150,14399,1
29228,10250,0
25938,25599,1
13138,13156,1
3742,3626,1
18925,21632,0
23439,24659,0
28179,28102,1
29900,21323,0
25286,881,0
29853,29998,1
24622,24606,1
10614,10523,1
16449,16198,1
4720,21174,0
24436,11647,0
26308,30462,0
19431,19359,1
11686,11852,1
27156,27291,1
30763,30784,1
11502,18182,0
24916,24794,1
2842,2605,1
4319,23363,0
27038,31171,0
1196,1284,1
30444,13553,0
3510,24059,0
9382,9340,1
26601,13756,0
9234,9044,1
10608,6778,0
9949,23156,0
557,712,1
28379,28212,1
30098,30478,1
3708,3818,1
30168,8740,0
22392,22149,1
11469,11351,1
6820,2785,0
3117,3327,1
18566,23457,0
14625,5459,0
12636,12961,1
18868,23656,0
28417,17120,0
9774,9667,1
19934,19920,1
7381,5930,0
14738,14571,1
1760,1930,1
3691,3875,1
3861,3802,1
10543,10636,1
1230,27856,0
15863,15932,1
4158,4095,1
9469,9179,1
10803,10617,1
5141,5459,1
1687,15142,0
28128,28373,1
7993,11663,0
1677,1788,1
15317,15016,1
29805,29635,1
5869,12464,0
20014,21427,0
30965,30503,1
10430,30481,0
6655,6833,1
13569,11576,0
18680,18991,1
7911,7680,1
23016,16145,0
16770,26959,0
6316,6185,1
15306,15308,1
10361,10158,1
3030,19153,0
29817,6810,0
16903,6872,0
7855,7608,1
19550,19988,1
15070,25376,0
810,639,1
14462,4366,0
29326,3075,0
202,113,1
2292,2493,1
27901,27722,1
18375,19600,0
2361,19326,0
6221,12305,0
16793,15533,0
21446,21471,1
11631,5814,0
8604,25105,0
2701,2866,1
29088,18611,0
25628,23,0
746,29328,0
6641,22410,0
21121,13403,0
12428,12414,1
24304,3435,0
31591,3143,0
23539,23814,1
27602,10165,0
10575,149,0
21290,11761,0
18326,18374,1
9818,10241,0
18959,18833,1
147,11434,0
22034,22445,1
31034,31093,1
288,21919,0
11758,26395,0
3870,3867,1
16367,23973,0
10417,10449,1
24142,24385,1
29966,29938,1
21617,21793,1
9244,9041,1
30309,29083,0
12118,13807,0
24098,1572,0
2689,2642,1
22640,24459,0
4359,4330,1
25285,25476,1
3273,23122,0
29228,30074,0
24157,20208,0
24580,9285,0
22065,22368,1
25173,29773,0
19198,23694,0
3182,4786,0
13537,13531,1
2749,26404,0
4442,4060,1
10495,10147,1
19901,19665,1
6647,28109,0
5605,29430,0
13798,13680,1
12448,12365,1
29464,4816,0
8565,25964,0
4619,5332,0
22999,9778,0
4526,4726,1
10550,10831,1
29725,29540,1
28845,28795,1
12651,8789,0
11338,6843,0
6921,6787,1
31136,10894,0
29170,17103,0
11327,11253,1
10116,30556,0
28664,8408,0
4587,15880,0
18902,18701,1
3457,3392,1
21511,22261,0
28200,28081,1
13564,12090,0
2949,2625,1
31217,3582,0
4889,3682,0
14427,2438,0
17545,17895,1
22845,22734,1
10619,525,0
721,539,1
138,24795,0
31119,31358,1
6626,6690,1
5057,5671,0
29808,29961,1
14662,14785,1
20834,22915,0
2015,2047,1
7051,7084,1
22217,22381,1
27696,27724,1
9050,9439,1
4793,4957,1
15495,20489,0
12472,2443,0
9344,9326,1
824,11495,0
13009,11891,0
16199,16090,1
4450,4216,1
14098,14492,1
28439,28336,1
12797,173,0
12976,17338,0
13591,19583,0
12010,8355,0
12404,12087,1
25147,25490,1
28903,28038,0
28117,792,0
19599,10903,0
2183,2065,1
4850,4972,1
14026,21513,0
21351,4840,0
20350,27769,0
13121,13056,1
29309,29226,1
18936,18658,1
17093,11061,0
1243,28834,0
18924,18821,1
25232,24958,0
21902,18323,0
1145,18301,0
26292,29199,0
20080,20314,1
28861,28504,1
21276,21416,1
3078,27775,0
12095,12369,1
20047,20312,1
12171,12041,1
2737,2604,1
15034,4504,0
30786,30601,1
23870,11467,0
24416,14326,0
27984,27833,1
18364,18374,1
140,30452,0
3997,3572,1
578,787,1
2762,2555,1
16283,1616,0
5427,5388,1
9484,9126,1
585,19799,0
254,355,1
2775,2946,1
10099,10698,0
29595,23355,0
16518,2301,0
22145,31538,0
371,5054,0
5673,10543,0
15654,22021,0
9973,9976,1
14705,14873,1
7626,7708,1
2015,2057,1
12862,8766,0
13519,13537,1
14251,29401,0
22807,22857,1
27747,24389,0
2805,27684,0
14862,14803,1
4107,14727,0
19709,19667,1
23615,23968,1
10084,10095,1
13362,13132,1
31226,31120,1
22951,22924,1
1999,1732,1
75,427,1
9882,9503,1
29004,29071,1
24566,30440,0
3380,17757,0
30679,244,0
28144,20596,0
25535,25572,1
23774,5296,0
22429,16568,0
8873,8966,1
6339,6266,1
22110,22421,1
18627,23310,0
3816,25151,0
18045,18095,1
21023,21127,1
23836,1595,0
20427,20487,1
17681,14647,0
19967,12288,0
22515,22784,1
9642,9542,1
3284,3279,1
8930,8508,1
21108,21048,1
31649,31784,1
4510,4832,1
28485,15055,0
23617,20806,0
16393,30952,0
17766,17734,1
28823,18278,0
10796,10791,1
11565,2866,0
936,7541,0
18116,18397,1
22825,21344,0
27308,27465,1
13449,8810,0
3737,3582,1
14544,4148,0
950,975,1
13416,28671,0
11655,22633,0
766,27514,0
21480,30438,0
24746,28945,0
22656,22583,1
21465,21356,1
23723,23502,1
12394,15211,0
18405,18917,0
18657,18983,1
31114,1652,0
6052,15624,0
9228,13258,0
6769,169,0
15243,15153,1
657,728,1
1956,1675,1
21167,21409,1
30883,10707,0
8623,10772,0
10739,10518,1
30054,11890,0
23660,23711,1
29513,24513,0
16240,1168,0
31277,31426,1
11401,355,0
1988,1596,1
20744,20780,1
9956,28390,0
4145,12709,0
6057,6072,1
17313,24251,0
420,267,1
5045,5259,1
22701,22990,1
678,959,1
6722,5151,0
20657,21682,0
24196,24010,1
9757,15344,0
23024,2652,0
29688,23219,0
6701,23427,0
26637,3888,0
30322,30046,1
21012,31433,0
14083,8631,0
3087,3472,1
24221,9603,0
11713,30823,0
22062,22013,1
13955,13692,1
21585,21633,1
29836,24492,0
22512,1741,0
31,237,1
27252,7538,0
20567,20689,1
29364,29050,1
9764,28602,0
16182,16042,1
21553,21826,1
13716,16051,0
455,491,1
14174,14490,1
29442,14435,0
20298,20463,1
25018,25464,1
24741,27419,0
28637,28849,1
17151,5172,0
21437,10882,0
23917,23962,1
26158,29232,0
13642,20843,0
5166,5047,1
7122,17814,0
611,601,1
28752,28536,1
10525,20775,0
16871,22495,0
19786,19540,1
8962,8748,1
2378,20852,0
5432,5265,1
16809,16933,1
17387,17404,1
9602,4535,0
2340,2162,1
3772,15726,0
31002,19811,0
7867,7667,1
23739,23911,1
2147,7911,0
18177,18231,1
13709,13529,1
28856,27606,0
30167,30154,1
4738,9893,0
15624,15855,1
3427,30531,0
13848,19152,0
28012,28355,1
13533,2008,0
7781,7985,1
14711,14673,1
13006,20726,0
27560,13883,0
4132,4251,1
7195,21414,0
15776,15501,1
20746,23988,0
20047,26415,0
29512,29571,1
24140,24323,1
21149,21302,1
7734,7891,1
17666,13158,0
27859,11635,0
27825,518,0
1410,1010,1
18188,20558,0
17235,31788,0
8282,8156,1
24376,16639,0
24310,24265,1
14657,14597,1
18229,18452,1
16365,16336,1
15673,5308,0
20703,19361,0
18859,18912,1
4004,13103,0
7340,18435,0
21542,26110,0
12227,12330,1
25050,20543,0
15666,15523,1
22810,22980,1
25051,27588,0
19890,15302,0
820,854,1
26857,26829,1
7232,6398,0
1554,1811,1
26378,7767,0
18254,8941,0
4100,18050,0
12774,9541,0
26798,19495,0
20784,20751,1
25206,27070,0
2911,27447,0
9943,25542,0
1808,1531,1
13062,13190,1
11606,11920,1
20858,20977,1
25729,21526,0
25515,4982,0
14823,14895,1
22480,355,0
21703,18566,0
21988,21592,1
3948,25902,0
4487,13686,0
793,31185,0
22462,22335,1
17241,30910,0
22235,6131,0
28405,26275,0
11543,11904,1
2394,2020,1
3438,21109,0
25239,31586,0
27231,27014,1
12009,27520,0
24799,30567,0
29020,29039,1
19257,19433,1
3201,3152,1
1581,1934,1
19106,19299,1
30432,30043,1
28074,29577,0
31500,31558,1
3854,3709,1
5463,1348,0
18236,18085,1
23810,23823,1
7497,1870,0
14672,25127,0
17630,19688,0
9717,2214,0
23681,5176,0
56,22,1
11216,11429,1
19426,19003,1
1610,1974,1
4660,4521,1
19723,11476,0
17139,23648,0
20832,8436,0
31668,31713,1
13927,1329,0
455,8472,0
19205,31018,0
26319,7010,0
27825,8813,0
14081,14485,1
2478,2275,1
3929,3858,1
30058,12648,0
9226,27367,0
5075,11270,0
29065,29122,1
12523,12904,1
17064,27823,0
3311,6864,0
11660,11789,1
12460,17435,0
10667,28383,0
23941,10258,0
18229,28322,0
31350,31290,1
18783,26255,0
10410,10213,1
2062,14161,0
19522,13649,0
4513,4829,1
3327,3216,1
28433,12679,0
1486,6304,0
17384,19584,0
31803,12064,0
17072,17482,1
6305,4447,0
19588,28826,0
8762,8907,1
2660,1931,0
14290,14027,1
29559,476,0
5460,16102,0
12914,12592,1
25182,10085,0
26958,12738,0
23414,23492,1
4045,28995,0
20141,1656,0
17486,30059,0
1804,14679,0
29080,29239,1
31980,5778,0
27759,27557,1
16590,12064,0
16165,5395,0
12026,12137,1
18029,17616,0
26403,13542,0
31041,23064,0
27369,25652,0
24806,5822,0
20125,20159,1
7829,7786,1
21903,1823,0
23340,23038,1
8919,1423,0
20117,20438,1
29743,29789,1
20603,20554,1
6339,30208,0
3282,3039,1
19632,3182,0
7527,13703,0
11782,24357,0
20839,28268,0
12204,24591,0
2897,22144,0
4709,27276,0
10335,12676,0
2655,10143,0
21351,27836,0
31021,31285,1
30113,11340,0
21529,3152,0
16062,13743,0
17417,17163,1
12828,12586,1
7034,7070,1
9477,9061,1
28711,15415,0
5805,5806,1
27889,27579,1
12573,19299,0
2741,23949,0
7024,7042,1
31150,31146,1
12948,10459,0
11789,14691,0
18963,18647,1
26722,26992,1
19813,19562,1
28011,6862,0
367,308,1
25644,25795,1
5516,5551,1
23612,12110,0
12297,25660,0
20882,20712,1
10768,11713,0
11037,30908,0
24756,24914,1
28766,19649,0
6997,9529,0
23508,29571,0
3815,3680,1
15887,22702,0
19771,19622,1
9096,9297,1
10805,20319,0
27020,23421,0
29051,29252,1
25472,25447,1
15040,15436,1
13999,13676,1
10024,21243,0
2158,21351,0
843,10927,0
507,2595,0
24291,9207,0
22899,9731,0
5350,3224,0
30677,9552,0
22947,28066,0
25302,25099,1
30950,10635,0
13642,13548,1
6718,31023,0
2262,21805,0
15742,25398,0
26486,26142,1
26953,26666,1
4351,4083,1
16171,16100,1
8144,23602,0
29298,29189,1
9659,9956,1
12233,12275,1
26397,26436,1
9476,30021,0
18521,18621,1
23804,3551,0
14991,24980,0
28522,26085,0
21363,7870,0
528,26539,0
14941,10727,0
8599,8677,1
2860,2597,1
19502,19538,1
29092,29393,1
21030,21132,1
11233,6147,0
29156,20047,0
630,25137,0
28827,27956,0
2746,2503,1
6785,1237,0
702,28683,0
19081,19447,1
13407,15912,0
12479,12448,1
5964,5788,1
7173,4547,0
6923,28952,0
28528,11741,0
23182,10597,0
20852,20619,1
7136,27014,0
2169,4032,0
12621,10807,0
16471,16089,1
6870,5478,0
31166,29426,0
13908,22112,0
9346,25754,0
19864,10175,0
26009,2424,0
30211,31231,0
4205,31821,0
125,14692,0
28887,28639,1
30886,30993,1
6691,31310,0
8638,8531,1
30969,30800,1
16172,26835,0
23020,22747,0
31049,8413,0
8415,457,0
25250,20184,0
73,228,1
10277,3167,0
21562,28644,0
18364,18192,1
8724,10451,0
399,138,1
12947,26747,0
4223,4349,1
897,8488,0
16273,16408,1
20648,18701,0
31290,3325,0
24716,24704,1
4957,4603,1
31071,23226,0
11220,11439,1
27734,30449,0
16568,377,0
27516,27823,1
19443,19032,1
10259,10386,1
16445,16409,1
19101,25828,0
5410,5087,1
12842,31661,0
22877,21993,0
24743,24637,1
23823,22726,0
12999,12602,1
4483,5458,0
22027,22078,1
27805,26431,0
12201,12128,1
21616,24911,0
31091,31043,1
3513,3469,0
4734,28961,0
24407,24004,1
5755,5548,1
2062,2472,1
5292,18649,0
11589,11784,1
17024,17016,1
20268,20345,1
28998,17853,0
17514,21134,0
24566,24811,1
26185,5092,0
16067,14083,0
6458,27382,0
25523,28859,0
25161,25449,1
22965,14759,0
26913,26970,1
19913,19708,1
12418,12302,1
1868,1514,1
21115,21263,1
22667,22772,1
26471,26276,1
27750,27612,1
1731,3983,0
21615,21681,1
28238,8225,0
13701,17816,0
26575,12884,0
5715,5981,1
7277,31998,0
14427,14414,1
10073,17156,0
31065,16960,0
3183,10330,0
20502,14605,0
30876,15930,0
10704,25589,0
7999,7712,1
4661,4496,0
26321,5338,0
31094,31469,1
30996,17478,0
31478,31356,1
16947,18689,0
23209,26729,0
24244,15031,0
23344,1027,0
12289,17170,0
31504,22501,0
25652,7095,0
11006,11190,1
30171,30075,1
9130,9110,1
5675,5963,1
19867,19525,1
637,737,1
2125,3696,0
21873,21946,1
9765,3329,0
13761,1340,0
18972,13421,0
15033,15272,1
17603,22141,0
7891,7758,1
17354,5968,0
8054,6071,0
12987,12997,1
31030,31401,1
15791,15885,1
13423,24411,0
28681,28830,1
349,209,1
28163,1067,0
27726,917,0
12565,27053,0
17649,31591,0
6786,24793,0
15042,22267,0
23199,23456,1
13800,13522,1
20713,20909,1
25652,25732,1
18449,18024,1
24315,24346,1
3672,3501,1
29080,29025,1
9591,9976,1
28949,17508,0
2424,2490,1
4850,4511,1
3451,30349,0
13077,11736,0
6628,2594,0
22412,22456,1
17022,8204,0
24300,24157,1
9306,9174,1
19781,4419,0
22521,26064,0
16534,8232,0
1676,19549,0
21902,30373,0
29298,29118,1
21355,31853,0
25438,25334,1
18561,14924,0
8473,8275,1
13466,13185,1
25191,1446,0
2644,10089,0
26576,26796,1
31157,12879,0
3823,3865,1
24574,24665,1
19597,29985,0
29036,30579,0
27014,26890,0
4557,4571,1
14631,16777,0
4422,4204,1
30427,30287,1
17636,17736,1
7238,14307,0
216,1775,0
10307,10071,1
27564,27894,1
29031,11322,0
25849,13900,0
12358,12433,1
15555,17313,0
450,13499,0
1858,4762,0
8,14438,0
24683,24860,1
31317,30933,0
16591,16861,1
29752,29759,1
16575,20491,0
28672,28766,1
23630,23781,1
17630,17959,1
14073,16403,0
23376,28854,0
24221,24254,1
21226,21229,1
18760,18861,1
3918,19788,0
8198,1090,0
22243,22391,1
26740,26542,1
7950,7889,1
12238,12358,1
14742,11587,0
18975,29304,0
8908,4470,0
1231,31342,0
31003,31468,1
6944,20841,0
15548,15736,1
23632,23909,1
23731,23853,1
1746,1559,1
23092,23015,1
3789,10148,0
11956,6810,0
29242,29016,1
23920,13589,0
8243,8109,1
15248,21264,0
23681,23878,1
21798,1811,0
9068,25610,0
24356,24242,1
19120,19256,1
30875,30759,1
31853,5079,0
8107,9373,0
19329,14701,0
21197,12954,0
14212,14238,1
13335,13251,1
23787,31372,0
12674,29810,0
19436,19055,1
21813,13607,0
20076,20348,1
1487,1081,1
15704,15789,1
30603,30910,1
8416,30279,0
12201,27460,0
6126,6336,1
4281,4277,1
28440,28483,1
9469,23172,0
28550,10023,0
2396,16517,0
24902,24824,1
21019,21044,1
24882,24633,1
20077,20121,1
14986,3292,0
26614,26664,1
19571,19944,1
20840,1964,0
23235,17664,0
16294,16328,1
26023,26478,1
20387,20340,1
28567,12501,0
24754,24827,1
21955,2743,0
733,6523,0
17766,19823,0
2748,2712,1
1010,27958,0
10578,26814,0
9735,30187,0
3994,3982,1
6274,11459,0
582,663,1
29456,27746,0
10103,10001,1
29816,29520,1
565,765,1
10212,10487,1
27119,30726,0
20253,20104,1
21829,29283,0
29343,27145,0
13447,24026,0
6350,6152,1
8819,20512,0
11758,11690,1
13099,30199,0
10924,22043,0
10793,18880,0
21846,21511,1
15494,15427,1
17595,17528,1
14657,14725,1
12088,12153,1
13496,13524,0
10602,27893,0
23026,20835,0
16371,16305,1
12000,12060,1
2705,2724,1
18324,18272,1
17025,16359,0
3280,3111,1
27146,27165,1
6031,6206,1
9588,17239,0
26150,28213,0
17879,9846,0
11644,15498,0
8380,31469,0
18698,21807,0
465,130,1
5655,5601,1
27780,5438,0
1598,1843,1
13342,14757,0
14639,7979,0
14071,21200,0
18597,18851,1
4432,17542,0
9810,9659,1
4663,12560,0
16698,14242,0
13444,13221,1
1692,1982,1
11198,31974,0
6409,20980,0
18224,20209,0
20606,26838,0
15539,19331,0
6025,6333,1
495,987,0
23472,23222,1
4547,12165,0
14103,13488,0
1761,30619,0
17389,17460,1
27964,27910,1
1992,1885,1
2835,2818,1
3930,21151,0
8012,7903,0
2959,23078,0
23058,18019,0
16703,25955,0
15152,15107,1
3894,3827,1
12854,15508,0
1271,1275,1
2106,13583,0
21228,21005,1
29506,26995,0
17777,17612,1
8589,1695,0
1129,1086,1
12605,12894,1
5754,5841,1
3082,3289,1
28296,4064,0
12625,12758,1
33,445,1
2606,2865,1
3172,887,0
4928,4927,1
26631,26986,1
12133,13676,0
10803,10982,1
19719,16754,0
2043,3434,0
14372,14370,1
25390,25194,1
27201,22540,0
24502,24650,1
21398,6841,0
14700,14833,1
17517,1752,0
11942,23448,0
18347,18425,1
1531,1745,1
2116,2361,1
16475,16064,1
31804,31815,1
27798,31414,0
12865,12888,1
25697,25710,1
17597,17717,1
30375,24563,0
26900,26512,1
20653,31857,0
6662,6563,1
29992,29831,1
14998,20566,0
18438,28621,0
29108,29478,1
31132,31486,1
31788,17990,0
19600,19596,1
18729,18579,1
25750,25527,1
17643,994,0
11360,17016,0
8671,24568,0
2983,2964,1
18906,20907,0
30822,30420,0
27025,30742,0
19812,19949,1
28336,15185,0
25036,25278,1
1031,9893,0
22350,22403,1
9977,24920,0
7774,7890,1
16747,16502,1
4479,4449,1
26233,26239,1
31353,25592,0
17596,5201,0
3569,3996,1
4971,4637,1
23915,19417,0
26144,26403,1
16335,16299,1
13467,5527,0
11349,12109,0
4418,4263,1
24268,24437,1
15175,685,0
28356,28247,1
27144,16433,0
21730,1326,0
7291,7345,1
1746,16528,0
24159,24429,1
18231,7715,0
20492,14131,0
31166,31174,1
23133,23134,1
26921,26583,1
6181,6184,1
30543,30550,1
2483,2222,1
2406,2337,1
840,866,1
14431,14476,1
22594,22621,1
15233,15445,1
8000,8257,1
24968,9612,0
1318,1078,1
22601,29050,0
27538,27645,1
17662,17526,1
24531,27729,0
8609,17493,0
21014,14658,0
262,24273,0
12966,11324,0
22612,28329,0
50,120,1
11943,11621,1
22465,22132,1
30773,30891,1
16692,16982,1
20677,20789,1
28416,12260,0
24728,18606,0
5384,1356,0
30987,392,0
13961,16162,0
14547,14202,0
1256,1258,1
27972,27739,1
21426,28859,0
24396,24452,1
25202,25371,1
9364,9217,1
21881,21622,1
31157,4765,0
6973,6618,1
8567,8879,1
6644,19173,0
19136,14936,0
31634,18827,0
5558,5550,1
242,24805,0
17537,17993,1
13057,8954,0
22177,22493,1
6421,29095,0
31515,31604,1
12025,6455,0
25442,25221,1
752,23108,0
14314,14233,1
31705,31601,1
12327,6074,0
28712,29573,0
2523,24787,0
20692,3293,0
5085,5065,1
18212,18185,1
27786,27987,1
28007,8698,0
8058,8151,1
10898,10974,1
30048,3252,0
27999,27591,1
30458,30430,1
19209,19424,1
1212,1436,1
4763,4621,1
31564,25637,0
19222,19047,1
19309,5422,0
23257,25336,0
12489,12161,1
7549,7702,1
16890,696,0
24725,24979,1
17372,25044,0
24942,9930,0
8748,20744,0
18597,18843,1
10537,10567,1
1941,19806,0
1286,1333,1
5273,5048,1
19388,24075,0
9397,9496,1
4672,21791,0
21254,1166,0
24948,24693,1
9318,12212,0
7555,5830,0
12935,12505,1
30536,30617,1
26503,17513,0
29890,7734,0
29031,29115,1
3750,21974,0
1306,26794,0
17672,31228,0
14173,25968,0
21385,14815,0
30628,4936,0
21449,4371,0
15301,15165,1
8533,25204,0
12013,12496,1
12644,12664,1
11931,11596,1
26216,26187,1
26824,26662,1
14933,14875,1
24263,17139,0
29492,29414,1
10809,27231,0
5103,26278,0
22149,26601,0
24160,24093,1
10246,24015,0
14602,14850,1
15447,25141,0
27591,28253,0
16674,16994,1
28419,2908,0
8830,8972,1
9058,30759,0
24641,18172,0
16447,18657,0
10090,3748,0
2172,3860,0
27767,27715,1
3606,9998,0
26926,26753,1
2715,2751,1
10921,22838,0
5170,5402,1
42,370,1
5886,11769,0
6454,6446,1
30481,11517,0
15483,15186,1
29202,25035,0
31806,31810,1
10922,10526,1
6845,6783,1
7538,23339,0
30018,30185,1
21977,18358,0
3104,3015,1
25221,25304,1
1320,1172,1
28755,28743,1
2663,2776,1
8977,20661,0
3740,3786,1
9026,9484,1
15514,15561,1
18252,18146,1
7612,5763,0
8363,8332,1
17011,10550,0
14870,19819,0
457,18244,0
1918,10368,0
9062,31157,0
17136,17410,1
11049,4353,0
3706,16152,0
1182,1403,1
14065,14236,1
30317,16181,0
6161,6216,1
29150,11471,0
23579,23887,1
4762,24697,0
7983,17711,0
11587,11911,1
7856,18608,0
12746,25063,0
25606,27745,0
6473,6054,1
1944,1589,1
28153,28227,1
19117,19359,1
24946,29008,0
5194,4859,0
15300,20512,0
24678,24641,1
3474,3090,1
23918,29034,0
25222,25368,1
24435,739,0
24373,24290,1
10102,31639,0
14535,18235,0
30154,6182,0
12904,12637,1
21572,21967,1
548,955,1
27128,27356,1
8643,8935,1
25875,30158,0
23571,28259,0
13156,13233,1
21189,21354,1
8991,8825,1
8149,8349,1
21032,14285,0
22823,29043,0
31400,31314,1
3586,5041,0
9655,9538,1
14009,14363,1
29702,29856,1
31478,31857,0
30688,30562,1
14878,7510,0
22924,3723,0
4273,9627,0
28226,16709,0
19625,3876,0
22329,22113,1
7924,25755,0
3681,3534,1
7975,15959,0
12701,24092,0
26357,21634,0
26179,26028,1
29265,26016,0
23820,23737,1
15962,28197,0
6909,26167,0
21129,21235,1
8433,29557,0
30524,19837,0
14342,14496,1
19074,19009,1
26231,24554,0
9145,13021,0
4425,30181,0
25653,31292,0
18052,18049,1
25377,11967,0
5210,15627,0
1165,1040,1
4659,25352,0
8916,13072,0
19192,23080,0
13305,13299,1
24783,1161,0
8030,10259,0
15577,15503,1
16857,29221,0
25681,25628,1
18603,18563,1
1970,1530,1
1428,1419,1
17059,17135,1
5472,5293,1
15362,15419,1
1276,23160,0
22453,22371,1
31224,31347,1
12609,16578,0
30996,30649,1
7001,7127,1
22299,6493,0
19852,19861,1
7568,7747,1
4449,4238,1
6437,6275,1
7544,7938,1
3240,26441,0
12045,12402,1
2437,2096,1
31445,27097,0
611,826,1
27595,27575,1
19185,19132,1
10914,12802,0
7698,7946,1
3960,30744,0
24896,16591,0
26674,26978,1
10052,10352,1
21154,411,0
21178,12864,0
18578,4360,0
20236,20350,1
21593,21954,1
20534,10079,0
26717,26851,1
4977,30278,0
14952,14610,1
3886,7780,0
19570,23516,0
7196,26588,0
14119,28845,0
26987,28122,0
17404,30848,0
18186,18024,1
4028,4076,1
11024,11059,1
18965,17067,0
18780,6338,0
1179,11028,0
8501,10155,0
21647,7318,0
12528,12630,1
29595,21700,0
27706,27788,1
27821,23718,0
27981,21759,0
27539,10570,0
12349,6104,0
23855,23572,1
10815,31573,0
7955,28333,0
15917,15635,1
3426,3190,1
2542,2667,1
22991,17378,0
16893,16906,1
33,6,1
672,920,1
31760,5113,0
20875,14918,0
12038,23562,0
27048,27490,1
8520,8657,1
19922,19507,1
7294,3553,0
15792,25391,0
24412,24349,1
3356,15865,0
23011,23188,1
12855,12736,1
3537,3779,1
15356,14934,0
2962,31401,0
8457,2987,0
5994,5722,1
27070,27205,1
29296,29422,1
12334,10964,0
11666,16296,0
19830,30165,0
11423,24308,0
87,29164,0
10935,10685,1
23453,23041,1
6478,3162,0
27018,6713,0
4012,4474,1
28369,21598,0
7929,7618,1
22671,29687,0
10487,10015,1
24335,24105,1
27094,3242,0
21276,21229,1
17362,17461,1
21595,21741,1
31027,3531,0
1024,1353,1
19851,19999,1
21758,21946,1
14553,14566,1
1393,1387,1
15750,15985,1
26888,26867,1
26502,26890,1
8805,25136,0
6368,27388,0
15048,19501,0
13451,13446,1
20937,12259,0
22401,22420,1
9406,27349,0
28979,18304,0
18575,18907,1
4974,16822,0
17597,17995,1
2678,23813,0
25287,25298,1
15221,27239,0
783,25536,0
16470,28717,0
19359,19157,1
16954,16579,1
11038,11551,0
17009,17345,1
31034,14158,0
29955,24559,0
8452,8074,1
13328,13397,1
9092,9987,0
461,13599,0
14276,19216,0
23821,29083,0
27675,3359,0
15212,15199,1
27324,11317,0
1961,25707,0
27759,22087,0
12063,30937,0
31456,31280,1
17189,19196,0
31153,506,0
25401,4772,0
29970,29853,1
12284,12196,1
887,14512,0
17544,20779,0
27169,27198,1
8804,8897,1
10193,10862,0
2402,3200,0
31909,31930,1
29783,29708,1
3187,3158,1
15329,15124,1
11011,22540,0
13573,10377,0
1601,1645,1
18003,4684,0
9615,27119,0
3386,3181,1
8579,8539,1
10240,10487,1
2263,22242,0
15125,15257,1
8812,8817,1
22279,22131,1
25180,12892,0
27894,31850,0
24141,4820,0
2672,2830,1
31271,31260,1
21910,21623,1
25489,15975,0
26608,19548,0
28215,28254,1
31220,31360,1
8825,5239,0
17875,31691,0
31832,180,0
6795,9028,0
30127,30221,1
29193,23573,0
2544,21306,0
15981,15702,1
31753,24135,0
4291,4134,1
23023,23028,1
27084,27315,1
10044,23005,0
27510,27582,1
9757,9534,1
13819,31461,0
696,24599,0
14838,11009,0
30994,7858,0
31692,18349,0
31807,1535,0
1059,1415,1
18390,14831,0
4905,4813,1
13199,13227,1
12133,11494,0
2231,24699,0
19308,23437,0
28046,28182,1
6329,14626,0
24934,18756,0
27802,14022,0
31346,31386,1
20519,20514,1
10343,4155,0
24989,24949,1
27894,27671,1
13726,13761,1
1094,1486,1
2298,2458,1
20743,3383,0
24308,24862,0
3391,3348,1
17949,17820,1
22662,25139,0
15245,11622,0
29719,29293,0
19178,19214,1
21755,16442,0
28635,5897,0
20886,1057,0
24641,24701,1
2713,2820,1
5397,11306,0
1877,1615,1
23574,20548,0
10258,10434,1
16319,16236,1
4612,7422,0
1671,16202,0
30521,30740,1
24854,4739,0
22014,22046,1
16672,17403,0
10327,10310,1
4863,4706,1
14828,14744,1
21244,25177,0
12497,28024,0
3160,27962,0
13913,4531,0
18721,25632,0
18872,18572,1
10473,10213,1
19235,19396,1
18312,18027,1
1337,13196,0
13604,13949,1
15905,29333,0
22786,8678,0
30030,4632,0
10203,8738,0
17876,26192,0
13317,1219,0
15973,690,0
5935,5993,1
11712,11512,1
22339,22479,1
9800,9709,1
6304,9774,0
11488,11073,1
30022,31579,0
24056,22035,0
16842,16510,1
24732,24551,1
26727,4321,0
18797,27823,0
28123,21797,0
27642,2671,0
14228,14191,1
19363,15878,0
11334,11381,1
10566,28738,0
522,14283,0
19158,18410,0
827,733,1
19576,19998,1
25704,25992,1
22586,25831,0
302,484,1
18537,5458,0
1272,8767,0
23155,20082,0
29424,29056,1
21411,21242,1
25820,25901,1
31326,31005,1
17014,15612,0
12365,12190,1
24131,24395,1
16899,16706,1
21520,21664,1
28566,28531,1
24067,31386,0
10718,10888,1
27038,27281,1
25911,25913,1
6184,6248,1
5201,17241,0
14259,14140,1
27791,21858,0
5874,5997,1
25133,21953,0
22640,14694,0
30945,16848,0
9526,9817,1
23937,21871,0
25846,16619,0
31866,31963,1
12179,12411,1
12812,8008,0
7525,17623,0
22735,22812,1
9690,9894,1
24364,24195,1
19901,9307,0
7385,7235,1
2671,5922,0
16348,16286,1
23516,23544,1
9922,19677,0
24233,24477,1
27016,22658,0
4636,19357,0
11323,16129,0
10166,8922,0
19706,19820,1
14890,14978,1
6520,14733,0
16458,16212,1
977,612,1
18776,18842,1
21175,21032,1
17205,17237,1
12511,1338,0
3016,3402,1
4011,27438,0
10955,3248,0
24621,16914,0
15809,15712,1
29654,9198,0
13654,13828,1
17449,17209,1
15948,15558,1
11713,11510,1
8137,7405,0
30971,14100,0
6539,6916,1
11763,11726,1
21885,7613,0
2638,24576,0
2381,17287,0
31143,31040,1
11805,30423,0
4823,15983,0
4054,4277,1
28387,10280,0
3136,3022,1
30121,30472,1
11288,11223,1
19857,22924,0
176,31490,0
29714,1221,0
25098,7117,0
23411,23410,1
15671,15877,1
1675,13699,0
2633,2855,1
27875,24867,0
14557,31592,0
2265,2327,1
24705,24940,1
25153,25417,1
13938,13613,1
24532,24660,1
9387,14431,0
24038,24312,1
17963,26511,0
21509,21852,1
7169,1870,0
10149,3240,0
16109,22966,0
30060,30428,1
13890,13626,1
10960,10551,1
29954,29597,1
13622,13746,1
3130,3378,1
17499,843,0
11776,11940,1
17090,17202,1
6424,20658,0
11315,11209,1
30890,25394,0
23420,23174,1
4758,4845,1
11724,11681,1
19004,26670,0
11641,5199,0
29052,29200,1
28169,18192,0
16465,10589,0
9861,9609,1
23969,23899,1
16554,29685,0
5222,6081,0
20042,8874,0
30342,30192,1
12545,12890,1
8695,8829,1
14114,17055,0
17468,2171,0
18439,18480,1
15466,31957,0
13218,16246,0
25906,25957,1
28635,28632,1
23335,17319,0
5733,18964,0
29739,28277,0
23335,23315,1
10429,10212,1
12219,15588,0
4735,4678,1
6789,6958,1
22518,22767,1
23629,23761,1
18447,18169,1
16670,221,0
10622,11691,0
12321,13531,0
11248,21189,0
31468,18486,0
9111,10463,0
25953,24053,0
27158,28434,0
16441,16301,1
24919,24767,1
4224,23967,0
13083,13198,1
6157,11705,0
5618,12819,0
30789,14582,0
11997,11820,1
19010,19204,1
10249,10301,1
10235,3702,0
4710,19220,0
12544,12512,1
11033,8074,0
30905,30794,1
27071,27132,1
18837,21791,0
1234,1427,1
5880,24663,0
27075,27014,1
18170,18373,1
31875,31945,1
10188,10378,1
6588,6519,1
20173,445,0
16886,16919,1
10140,10058,1
18926,18788,1
22494,22221,1
30151,30014,1
21810,21590,1
12632,24737,0
5002,5209,1
19690,19827,1
7359,20040,0
22738,22858,1
31300,31316,1
29478,17247,0
3913,20636,0
25644,25954,1
31932,29850,0
13315,25334,0
30237,30212,1
9002,9228,1
23990,23986,1
4460,11278,0
30529,12261,0
15385,15305,1
1786,8110,0
3561,21635,0
27737,27691,1
826,4766,0
29944,29991,1
6343,6416,1
29352,29316,1
24251,23432,0
23337,21830,0
3744,31531,0
6244,30860,0
18996,18983,1
23061,8980,0
8336,8271,1
9142,26982,0
7633,4007,0
14014,14439,1
709,5723,0
9386,9494,1
374,28465,0
25336,25225,1
5060,11131,0
4460,4136,1
31633,20096,0
3721,1083,0
22990,29896,0
9605,9727,1
9293,29751,0
5401,5490,1
5300,18781,0
20435,10329,0
16163,16378,1
26062,15950,0
21299,21014,1
27411,22018,0
4047,15813,0
9757,9613,1
4948,4817,1
31158,31456,1
29191,29030,1
22546,15473,0
13153,13149,1
9308,20294,0
21633,20761,0
21549,21599,1
2665,2968,1
16393,16234,1
11798,11711,1
31776,31691,1
30358,22320,0
8255,26959,0
26880,2506,0
286,371,1
5841,16488,0
12307,29061,0
7197,7460,1
235,50,1
10111,10172,1
20249,20276,1
19166,7624,0
23580,30872,0
6743,7516,0
14151,26471,0
21484,12287,0
27222,27384,1
28972,28658,1
26140,26062,1
24798,24556,1
1664,1787,1
24794,1681,0
19901,19893,1
21818,21907,1
22119,1429,0
14379,14074,1
29151,29135,1
27072,25855,0
11322,7688,0
31179,31231,1
3174,1975,0
3950,2956,0
8309,4419,0
27311,27416,1
2125,17931,0
31081,31104,1
7346,24055,0
20291,20205,1
23730,10807,0
8848,17332,0
11879,11857,1
19311,855,0
21720,21550,1
19272,21957,0
22029,22277,1
19725,4676,0
11369,6903,0
7798,25419,0
27039,7294,0
18521,18743,1
12933,26788,0
18314,13323,0
4440,4427,1
17203,17350,1
6028,21733,0
6446,2699,0
503,857,1
18008,18360,1
29202,29280,1
11883,11795,1
29111,29391,1
24954,24666,1
3074,341,0
11817,28483,0
6095,6147,1
23116,13680,0
7559,7713,1
18135,17435,0
2362,2458,1
4665,22946,0
5407,3566,0
18464,1851,0
26201,10444,0
9624,9528,1
14800,14831,1
433,447,1
6627,6745,1
9841,9855,1
11010,26307,0
17593,27180,0
14097,14380,1
19762,14284,0
25008,995,0
21605,9231,0
25643,22162,0
15508,15936,1
4476,13845,0
11561,9325,0
7361,7492,1
25304,8575,0
19590,19815,1
18644,18748,1
31657,31534,1
17478,17382,1
4977,9859,0
9111,27532,0
27320,27122,1
11411,11143,1
27731,27812,1
1733,23059,0
18156,30784,0
17174,23733,0
18846,18701,1
6953,18598,0
955,10819,0
29305,3206,0
7785,5772,0
336,98,1
14446,8782,0
22677,22889,1
30288,22862,0
29848,29769,1
15278,15286,1
23409,23366,1
5639,5868,1
3795,7475,0
9164,9376,1
14900,10933,0
12115,29293,0
28695,28847,1
4287,4171,1
1554,19621,0
28010,20433,0
18925,18782,1
15709,28427,0
17763,17843,1
26394,26196,1
24020,4494,0
12155,30711,0
10262,10085,1
24925,24584,1
24911,24631,1
23466,6719,0
14932,15471,0
23355,23233,1
28432,4436,0
7293,19360,0
9283,14574,0
4128,4117,1
29521,30720,0
16846,16638,1
1626,2260,0
19584,19906,1
10493,10197,1
25048,1997,0
5379,5384,1
13422,13442,1
11604,11645,1
6027,24629,0
5013,13743,0
12569,12899,1
28965,28717,1
6967,16545,0
21402,4419,0
9854,7039,0
6983,6909,1
26656,16795,0
26621,26959,1
25713,25928,1
21998,21737,1
19043,19018,1
30299,4990,0
518,939,1
29330,9652,0
5330,5377,1
7307,11758,0
18182,10032,0
10756,10666,1
26669,26742,1
26191,26321,1
27476,28876,0
13312,13432,1
16682,22238,0
6671,4893,0
22468,22252,1
7179,1609,0
4251,4285,1
26490,29989,0
11165,8787,0
27472,27047,1
2361,26282,0
6683,4876,0
992,985,1
23851,651,0
30310,30437,1
28151,28105,1
2254,2175,1
31230,16297,0
5669,5786,1
6196,6297,1
14748,14675,1
11737,11770,1
27453,27118,1
3883,3593,1
12680,12909,1
29524,22153,0
12473,24813,0
28737,28952,1
30673,30503,1
4747,23349,0
17063,14422,0
12886,4952,0
4895,4536,1
29090,16822,0
21352,21422,1
1844,1616,1
21561,21970,1
21101,21308,1
15071,15002,1
31839,25603,0
23397,23266,1
3995,7327,0
7521,7347,0
21386,21401,1
6964,6907,1
1430,1421,1
4400,4390,1
28706,28725,1
28741,23218,0
5567,16194,0
16607,7376,0
28324,29469,0
10563,1553,0
11610,11710,1
7872,25769,0
6585,8106,0
19348,17402,0
553,27470,0
13960,14272,0
24976,24705,1
27774,27741,1
10399,7005,0
28447,17241,0
13011,1036,0
27549,27570,1
14715,27580,0
21645,1388,0
19555,19749,1
17300,2793,0
25946,26432,0
25759,6568,0
9376,9374,1
10792,10810,1
2143,16088,0
930,3248,0
1190,25561,0
187,30395,0
31546,31594,1
7873,21281,0
27368,27403,1
7893,372,0
26032,26031,1
24791,21918,0
27174,8522,0
17878,17958,1
26111,26021,1
9014,9414,1
23787,11426,0
20452,28216,0
15231,8450,0
22441,17953,0
17930,17572,1
22531,8716,0
27708,27622,1
26001,22075,0
4030,4402,1
8491,8103,1
2406,1584,0
20798,291,0
28063,28427,1
18868,30989,0
11956,20627,0
23340,13077,0
21900,21764,1
5468,5061,1
19623,19555,1
24183,1085,0
22227,6702,0
23711,23891,1
13600,20888,0
29254,14856,0
20225,24751,0
16177,19494,0
25993,25960,1
26986,26600,1
11584,14573,0
8887,8708,1
11964,20677,0
8738,26566,0
2626,2649,1
21624,21746,1
31154,20660,0
23307,23137,1
2829,30548,0
24909,23443,0
29505,29924,1
16115,16240,1
6950,11776,0
50,25953,0
14237,22511,0
8760,8752,1
14589,14955,1
5505,543,0
18912,28247,0
21266,3405,0
18949,30917,0
26581,29215,0
17893,17718,1
8402,8390,1
8517,8939,1
2511,6528,0
22393,26662,0
25038,15224,0
8523,4548,0
12231,12293,1
9755,9977,1
24058,24023,1
17458,17077,1
21850,21596,1
20539,20958,1
26251,26470,1
8536,17460,0
9393,9367,1
31364,31491,1
2168,2078,1
27936,15360,0
5047,5221,1
3404,6278,0
8037,17996,0
30042,17625,0
26149,2805,0
17600,17511,1
8223,11051,0
15492,15336,1
24610,21058,0
9148,9021,1
879,18483,0
7507,7867,1
19455,19260,1
7057,24028,0
9676,20821,0
1906,8780,0
15657,27895,0
11472,11499,1
5891,5831,1
952,6650,0
28919,28719,1
7527,7552,1
11033,21645,0
29968,3390,0
26024,13988,0
7753,7981,1
2940,2983,1
22610,22547,1
3679,3982,1
27303,13926,0
27332,16560,0
933,784,1
17242,17077,1
7711,21168,0
15544,27484,0
19896,30328,0
13536,13544,1
1877,10416,0
21353,10798,0
19456,19333,1
31154,31352,1
22239,26391,0
12331,15927,0
30846,23998,0
31224,31455,1
8734,8743,1
12028,5308,0
6545,3992,0
7748,26060,0
30328,30325,1
27445,27369,1
23700,23730,1
12322,1688,0
10571,25056,0
13331,17631,0
6201,6191,1
6808,30836,0
24891,18261,0
15771,3167,0
7178,7979,0
31554,13716,0
15350,31721,0
16906,16800,1
23536,22441,0
10176,10051,1
9621,4975,0
16472,28292,0
7039,7416,1
11262,27683,0
28346,8079,0
29977,16410,0
22752,22634,1
5701,9350,0
16021,22442,0
18045,19235,0
27920,27870,1
6399,2922,0
13018,13170,1
26953,3620,0
25641,23695,0
26396,5272,0
6138,6383,1
22202,1903,0
26470,21532,0
9482,27982,0
7297,465,0
7171,2302,0
17152,22385,0
13857,13518,1
12074,14739,0
23009,17786,0
12996,4869,0
12297,12158,1
8520,7989,0
24887,24878,1
21893,13293,0
29868,1131,0
24720,24803,1
31744,31795,1
26363,26257,1
8674,12837,0
23942,23512,1
27687,26012,0
19622,16948,0
1546,1590,1
2110,30549,0
11186,11092,1
16571,2796,0
27691,5663,0
27580,27527,1
5207,1526,0
22270,12810,0
14012,8111,0
22144,18923,0
24636,24577,1
26837,8193,0
4818,4851,1
28967,28742,1
5177,5351,1
13024,28411,0
23211,23101,1
11617,11709,1
15596,4468,0
15887,15673,1
5116,13285,0
2138,2142,1
16591,16537,1
6727,3009,0
2946,2924,1
16286,16415,1
25903,57,0
12800,24316,0
27688,27575,1
30283,29419,0
25191,25153,1
20167,26533,0
25050,5476,0
19493,22999,0
24135,13683,0
31073,31255,1
8313,9342,0
24288,12508,0
8214,8376,1
11919,11593,1
3730,14321,0
23242,23259,1
17022,17396,1
7363,12600,0
17397,12659,0
13604,13690,1
30111,17068,0
12975,12606,1
1313,30093,0
7314,7274,1
29108,4375,0
10591,10658,1
13102,19704,0
28904,28817,1
29620,31511,0
25100,25071,1
5974,28438,0
8424,28161,0
2436,13153,0
2594,2965,1
21474,21307,1
27516,8260,0
29575,29742,1
25351,25108,1
6960,23321,0
23259,23085,1
18839,23672,0
19186,19494,1
4084,4363,1
10011,10014,1
23495,23179,1
26413,26027,1
816,27957,0
10538,10635,1
24108,24324,1
29378,29366,1
26951,26636,1
1983,1816,1
4612,4904,1
15115,15125,1
31399,20309,0
31291,31481,1
23231,3968,0
23705,23622,1
24509,24504,1
8970,8827,1
29917,31295,0
29824,29794,1
27705,5414,0
6457,6133,1
5340,5154,1
2341,2295,1
3454,2111,0
7553,7574,1
1810,1953,1
21603,20547,0
27784,7416,0
17749,19628,0
10004,11508,0
2788,2830,1
29050,25234,0
21836,6834,0
9303,9359,1
9419,9324,1
18606,18536,1
19314,3967,0
29325,29427,1
22861,22799,1
2814,2500,1
11855,25658,0
30801,30884,1
520,513,1
16688,16983,1
1275,1166,1
21046,8401,0
20601,14353,0
7345,16058,0
26659,26773,1
27252,27459,1
25184,25229,1
23877,31867,0
5676,26115,0
10806,10546,1
850,11235,0
2157,2257,1
20623,20844,1
6950,23366,0
31639,31690,1
30057,30411,1
2565,2928,1
16191,26841,0
19031,9453,0
7882,7657,1
27238,30685,0
26360,14143,0
2401,20552,0
30155,17508,0
30439,10086,0
1100,1360,1
15021,8152,0
25581,25683,1
4975,8917,0
25849,25665,1
12117,9277,0
5580,20440,0
15980,15952,1
26986,12285,0
31397,25259,0
25640,14912,0
28186,21984,0
11172,15896,0
27825,20851,0
24394,8441,0
12401,6518,0
3166,3234,1
27615,5537,0
7267,31411,0
10044,10292,1
3388,3177,1
30931,30533,1
21035,19035,0
23719,3652,0
9685,13223,0
25841,18769,0
3827,3675,1
7767,7840,1
12007,5202,0
13594,13664,1
21115,21487,1
6045,20616,0
27328,27344,1
1629,1813,1
1259,31824,0
27681,27716,1
7850,16206,0
19918,16370,0
19255,19498,1
25119,25292,1
3215,3262,1
27200,14675,0
2910,8441,0
18070,18220,1
7215,23514,0
31848,3644,0
7250,7372,1
27898,27839,1
16468,23245,0
21556,1855,0
23674,25007,0
22660,22886,1
30325,30350,1
29863,9203,0
25603,28463,0
15077,15382,1
17821,12953,0
21654,21665,1
6852,6700,1
4472,17686,0
30547,24660,0
12628,13146,0
28711,28585,1
7092,7414,1
7297,7246,1
6594,9689,0
5696,5790,1
24037,24025,1
9244,9346,1
25657,25967,1
28768,24449,0
8499,6789,0
19211,14850,0
4430,26926,0
25499,3833,0
21508,21897,1
17321,17278,1
15637,23108,0
16670,16949,1
10527,16969,0
11976,11756,1
17171,17138,1
9167,9229,1
14922,14614,1
23024,961,0
31329,8110,0
19872,27861,0
15769,15957,1
30476,4199,0
8943,18548,0
11372,11456,1
2817,29010,0
21535,25072,0
23841,21812,0
20052,20023,1
24966,24821,1
22946,22544,1
5589,31271,0
6950,985,0
3357,24027,0
8155,8205,1
19572,3107,0
3168,23074,0
1466,1424,1
1580,1854,1
15819,11024,0
27625,28435,0
26753,26823,1
22636,24368,0
23581,23881,1
28026,28688,0
17993,7918,0
24439,24168,1
23909,23854,1
20344,2565,0
10017,12915,0
30026,2323,0
17076,17491,1
6224,22628,0
21215,21292,1
25978,25630,1
31593,31774,1
27017,27301,1
22989,18584,0
27343,8540,0
1819,1744,1
25444,25302,1
9373,21769,0
11181,16119,0
23827,181,0
6207,11497,0
10716,10759,1
24822,8300,0
4852,4530,1
7451,7399,1
14738,14819,1
24150,527,0
22003,22092,1
19803,9140,0
16993,14363,0
20290,20016,1
8464,8257,1
22904,22903,1
12054,13725,0
13419,13303,1
12967,12547,1
7507,7912,1
13016,8733,0
22953,22952,1
12281,9809,0
10909,10741,1
9843,12780,0
11394,18269,0
6160,6218,1
19962,23628,0
27268,16841,0
31310,19151,0
2928,17286,0
21508,8147,0
4683,4961,1
26289,26142,1
24693,11091,0
445,2183,0
14154,3056,0
10490,530,0
22556,3066,0
2237,31416,0
766,936,1
9064,9432,1
9383,9296,1
13282,13429,1
20012,17392,0
9244,17251,0
18734,841,0
633,15515,0
2966,2973,1
9282,9075,1
21925,21971,1
4677,4750,1
17366,20671,0
28607,28537,1
12433,12198,1
23512,23586,1
9748,25628,0
25097,25169,1
5584,25914,0
7957,3915,0
7007,7094,1
20729,20701,1
29236,3242,0
2412,2161,1
2025,29878,0
19234,31406,0
2114,4788,0
23188,23412,1
8739,11556,0
25465,15160,0
23319,23438,1
19325,19302,1
24272,24360,1
3611,3760,1
23192,23306,1
3489,8472,0
3191,3293,1
4825,7567,0
24122,24299,1
3710,3844,1
4743,5972,0
21374,7717,0
29790,9276,0
18399,18059,1
9564,8017,0
25482,25223,1
6246,6906,0
29525,29586,1
31587,29948,0
8504,28895,0
31306,15685,0
6980,12938,0
409,152,1
9360,23406,0
8728,8581,1
13817,10410,0
19402,22840,0
25027,25329,1
1591,1877,1
23277,20280,0
26984,26935,1
3593,1620,0
8851,5834,0
31623,31638,1
7634,11195,0
2793,2530,1
30231,7198,0
5789,5556,1
1847,18626,0
13581,13638,1
4774,4581,1
13194,13297,1
28151,12464,0
5378,28954,0
10691,10581,1
2154,5737,0
4537,4758,1
9713,27858,0
6824,2375,0
14741,14512,1
399,341,1
16133,16471,1
10090,10375,1
26157,26140,1
30012,30426,1
27706,27627,1
20253,10461,0
2266,2055,1
12138,12209,1
24870,31712,0
17960,17778,1
4993,4853,1
16969,16916,1
8698,8624,1
22301,7223,0
22282,22403,1
7335,7041,1
22394,13451,0
2881,6188,0
31168,31490,1
6511,6714,1
31037,2912,0
3579,3561,1
17542,17910,1
24456,24130,1
21869,21977,1
7938,7614,1
7634,7581,1
15769,9189,0
12946,12798,1
30885,13949,0
13187,5882,0
30785,30610,1
27136,27354,1
12977,21228,0
4230,4085,1
515,602,1
8582,846,0
9348,24542,0
14236,12298,0
25358,25425,1
5560,5842,1
15777,15921,1
31613,14561,0
21484,3184,0
10224,10367,1
31744,15007,0
24199,18928,0
31788,25263,0
28307,28547,0
13373,30407,0
28377,28302,1
11191,2822,0
31759,31550,1
29491,29257,1
23466,23133,1
25300,25051,1
27202,13122,0
919,904,1
17907,17571,1
21871,27631,0
28144,28224,1
7438,21100,0
2114,2904,0
2769,2510,1
28402,27997,0
31893,7770,0
8450,8002,1
29204,29212,1
664,967,1
13796,11126,0
13902,2300,0
30589,30747,1
28659,17064,0
19507,22074,0
712,921,1
16661,18989,0
13630,13824,1
21875,16225,0
21626,17967,0
5925,5878,1
27863,24498,0
17439,5601,0
12352,12036,1
19694,9661,0
13137,9642,0
27608,7580,0
17247,17069,1
18733,30192,0
18568,18737,1
13466,13070,1
16179,26733,0
30642,22231,0
14383,3173,0
13769,13936,1
27787,53,0
10526,10702,1
28021,28077,1
5583,5957,1
1180,26165,0
31478,28063,0
5829,5864,1
27844,27851,1
27022,27253,1
3949,30989,0
10904,992,0
10456,4925,0
17685,17637,1
2824,2640,1
2827,2898,1
22343,22483,1
16442,16321,1
5332,12010,0
25531,27034,0
12045,12334,1
12177,5379,0
15715,15833,1
23222,4014,0
28638,1347,0
31337,28278,0
18938,24126,0
11302,11475,1
16585,16537,1
22173,7690,0
1040,13240,0
25245,25077,1
13670,13725,1
24399,24163,1
30240,30233,1
20449,20071,1
18622,18527,1
27753,27980,1
10286,9757,0
5367,5490,1
6825,6694,1
24745,4269,0
768,639,1
8369,27121,0
13829,18662,0
20650,19354,0
29952,29812,1
17386,17042,1
28653,28963,1
26547,26749,1
23345,16884,0
25481,15948,0
4357,4297,1
10767,25790,0
27574,27610,1
2152,2029,1
6628,6705,1
17130,14565,0
17682,21767,0
24919,28935,0
31595,31984,1
24953,22927,0
20311,8292,0
10239,9215,0
20148,14429,0
6670,6919,1
12528,12755,1
23490,18028,0
1707,3879,0
22893,22853,1
24563,9325,0
7042,7464,1
12380,12054,1
4243,20138,0
4311,20843,0
12103,12006,1
2571,5874,0
12844,12898,1
4533,31244,0
3861,26756,0
17631,18478,0
6522,10111,0
14753,24718,0
23166,23272,1
17397,17369,1
21113,14795,0
4908,4590,1
11995,931,0
3078,914,0
6520,15690,0
7009,11350,0
9111,5686,0
14237,14394,1
30331,14902,0
20714,20601,1
20218,29944,0
7123,7255,1
17837,17902,1
721,23432,0
11480,11174,1
20694,9514,0
28820,10858,0
21445,21051,1
10346,26891,0
27,453,1
13291,13289,1
27812,27970,1
14137,8807,0
7392,7081,1
10807,28912,0
809,6477,0
16233,16452,1
17596,30076,0
13939,31487,0
20292,20174,1
6259,2765,0
27786,21879,0
5708,5737,1
28084,13927,0
5811,12233,0
30152,26881,0
3636,3706,1
6439,24608,0
26876,19638,0
22553,22661,1
30096,3764,0
29950,29621,1
29481,29347,1
25463,25111,1
6261,7657,0
20210,20200,1
20646,20835,1
31785,31894,1
22316,17151,0
1391,1344,1
18371,18424,1
19411,26859,0
25085,25057,1
27395,27138,1
15250,15199,1
17148,30807,0
802,8821,0
7952,7724,1
4192,4103,1
1934,20957,0
9624,18811,0
2179,2499,1
3896,22418,0
5198,5164,1
2044,4803,0
355,23,1
18595,18826,1
21190,21011,1
18155,18145,1
16956,16820,1
127,153,1
16476,9465,0
478,462,1
27878,25775,0
1587,9463,0
31105,15335,0
20403,9572,0
21461,21016,1
13218,13153,1
5690,5547,1
16861,31401,0
22636,25571,0
22396,22076,1
23145,23016,1
3337,4267,0
15727,15812,1
1813,1957,1
5181,5308,1
25267,25336,1
3351,3016,1
2616,30786,0
31842,31802,1
20152,1723,0
7392,6524,0
24160,24130,1
15674,16681,0
20509,504,0
6181,6150,1
9821,9869,1
11370,11033,1
3914,10884,0
31816,31682,1
11681,25998,0
14561,14787,1
30652,24893,0
9486,4688,0
20713,21882,0
4787,20355,0
16436,24517,0
8337,8299,1
20571,26204,0
3371,3492,1
5055,12521,0
11318,10707,0
22599,22924,1
15373,15279,1
4158,4114,1
3400,3484,1
2717,18996,0
6719,11392,0
13197,13290,1
490,219,1
25809,17441,0
24037,24229,1
26996,26585,1
11341,6114,0
24857,16051,0
15471,30540,0
6307,26810,0
6513,6735,1
28880,28856,1
22946,22816,1
9731,9743,1
2258,21858,0
12007,5855,0
18732,17903,0
12450,25566,0
24392,24103,1
31102,31039,1
21818,21802,1
23348,10021,0
21449,10847,0
25575,25957,1
6789,6721,1
22433,11681,0
5916,27942,0
3790,6625,0
21940,15239,0
19544,10980,0
31331,27050,0
19686,4977,0
25556,27631,0
6540,17540,0
15184,15297,1
13662,29166,0
16166,16392,1
14904,5441,0
28639,28837,1
3404,3323,1
2283,2411,1
4180,4406,1
2124,18038,0
14260,25877,0
16509,14336,0
1172,1418,1
4478,4241,1
4725,4881,1
4579,4798,1
11709,30259,0
28066,9437,0
29914,31023,0
4612,31921,0
29849,20037,0
31051,3167,0
17819,17644,1
14446,14454,1
23077,23082,1
26874,30905,0
4797,8865,0
29535,18048,0
9413,24858,0
3487,29656,0
22804,5700,0
8838,13381,0
10698,10931,1
28988,15971,0
27669,11818,0
16176,16087,1
27447,27162,1
5449,11749,0
29649,29595,1
25536,25657,1
27987,27539,1
13716,13934,1
27808,27547,1
23292,24608,0
826,23244,0
19634,25493,0
19909,19533,1
16276,16414,1
24980,24624,1
13719,31366,0
30594,2398,0
18481,22602,0
18127,424,0
4003,4383,1
8718,18907,0
7880,24361,0
19531,9987,0
19505,23002,0
6233,6031,1
29800,29665,1
18473,18418,1
22214,21289,0
10523,7668,0
9719,9648,1
7109,7491,1
25206,5368,0
16951,16972,1
5856,5694,1
4539,4789,1
4637,2279,0
14903,14890,1
7165,1760,0
13234,13143,1
6881,6556,1
654,715,1
8613,19128,0
3617,3920,1
21276,25099,0
9169,9381,1
14988,17940,0
16494,6621,0
25155,29535,0
30108,3575,0
6137,15697,0
4543,15869,0
31748,31810,1
8642,8519,1
10790,10773,1
23628,15560,0
2621,10148,0
7293,7058,1
13327,30628,0
11721,11869,1
23751,23707,1
19769,13440,0
1380,31651,0
5590,5908,1
6573,13580,0
23654,15633,0
14832,19593,0
17887,23529,0
29490,7108,0
17297,4056,0
16488,16356,1
3105,3197,1
31136,9147,0
28554,9894,0
2670,14338,0
692,9919,0
21528,13824,0
9427,9304,1
318,21774,0
17560,23688,0
12062,24631,0
22800,18681,0
12923,9919,0
3013,15213,0
13420,13060,1
9550,9844,1
4652,13401,0
6406,6036,1
22374,14626,0
4342,27519,0
14253,13275,0
20036,20091,1
25203,25488,1
28210,28105,1
10280,17389,0
10929,15560,0
3577,16787,0
10213,17682,0
22015,22174,1
3148,7995,0
14700,2,0
26287,26142,1
8878,9947,0
29694,29587,1
21713,21640,1
6528,6808,1
30366,3613,0
21184,21152,1
31913,31947,1
11837,11835,1
15986,15861,1
27108,27324,1
2729,15490,0
23731,23924,1
24597,16367,0
22607,22843,1
4682,4629,1
30134,30426,1
10823,26329,0
8516,6042,0
16540,16541,1
23536,30589,0
27748,27938,1
5467,5028,1
21313,31454,0
20005,20405,1
11257,11277,1
8938,14501,0
16345,16736,0
8457,8090,1
5400,5315,1
26598,26548,1
14601,10148,0
20515,20824,1
29499,29002,1
20857,4884,0
27752,20260,0
155,11572,0
20865,28283,0
29922,29680,1
31728,31661,1
29154,29306,1
28145,134,0
2894,2949,1
14250,14309,1
14132,14222,1
28191,28428,1
5640,9462,0
29129,29266,1
15602,15929,1
16354,4065,0
6425,6351,1
28181,2244,0
7211,7303,1
9283,2322,0
8436,8160,1
19591,29835,0
4053,4925,0
10750,10586,1
11729,14538,0
23308,1080,0
17214,2565,0
21903,21869,1
20570,20879,1
30056,29430,0
17736,17625,1
14021,614,0
22465,26416,0
29894,24893,0
2167,21715,0
14215,20568,0
614,31511,0
21236,27357,0
27025,27318,1
12325,4501,0
16397,16617,0
16177,16139,1
13025,13141,1
20635,20785,1
22666,22844,1
756,769,1
10286,30640,0
30666,22577,0
24536,24651,1
11193,11165,1
2685,8547,0
18681,18920,1
4869,4951,1
14812,14697,1
4059,24101,0
15866,6349,0
21211,21257,1
20857,20650,1
12716,12988,1
25757,30356,0
1136,8344,0
25316,17552,0
31756,21480,0
4267,4136,1
343,5497,0
14612,17618,0
22145,26949,0
1529,1908,1
22314,9855,0
27337,27161,1
14230,14102,1
3251,21256,0
12176,12440,1
21794,21885,1
457,11885,0
17523,31612,0
24337,24138,1
11408,3325,0
23156,27332,0
31364,31234,1
12384,12243,1
27624,27755,1
16267,5974,0
4390,5821,0
7080,3110,0
23442,709,0
12832,27646,0
31557,20633,0
27445,11122,0
11169,11221,1
4636,29975,0
19880,4864,0
30538,21605,0
29222,29398,1
24651,24682,1
2182,2012,1
12953,12521,1
23359,23458,1
18233,18489,1
27467,5789,0
26588,26595,1
14527,14804,1
11097,5462,0
24812,3295,0
1379,17296,0
29639,29598,1
26919,26854,1
21588,21863,1
25064,25206,1
29846,29755,1
23608,24467,0
22331,26126,0
28847,28714,1
8225,8133,1
5174,5457,1
27833,27678,1
23440,23027,1
12074,6405,0
5242,5223,1
18563,18895,1
14319,14176,1
26706,17692,0
7240,30138,0
22198,12874,0
22859,19928,0
13552,27485,0
12809,12729,1
31000,4147,0
26577,27059,0
29536,13113,0
16873,2732,0
25993,15416,0
4584,4724,1
26098,8835,0
23330,23155,1
27036,27106,1
10311,19282,0
31194,24163,0
14227,14365,1
23132,20599,0
29269,29264,1
12586,28941,0
13868,8647,0
24896,22515,0
28109,6587,0
11513,11890,1
7731,18638,0
25561,729,0
23147,20711,0
11086,16247,0
10395,10484,1
27811,1651,0
29015,29212,1
16180,9194,0
30600,30776,1
24845,24891,1
31401,31374,1
14204,13743,0
9714,9859,1
30382,30029,1
20069,29795,0
2523,30613,0
31575,31521,1
27861,27711,1
3584,3663,1
28931,28778,1
7257,7223,1
20501,6495,0
23137,28506,0
17027,17198,1
9026,22433,0
844,504,1
16576,16782,1
12310,12078,1
30822,30639,1
31585,25303,0
7090,24909,0
7618,3504,0
6253,6124,1
17501,14050,0
27663,19744,0
4241,10526,0
10992,10674,1
2828,14700,0
23795,7986,0
7562,31933,0
4716,31184,0
22654,22863,1
25662,12643,0
23995,29959,0
1374,16163,0
21112,21435,1
12543,12712,1
6023,12365,0
24380,24413,1
2584,2873,1
22482,22214,1
7521,7800,1
24713,24989,1
31702,31952,1
11042,11072,1
24410,13468,0
9393,946,0
758,888,1
6106,6452,1
11283,11388,1
10860,8792,0
21026,18930,0
23060,23453,1
17168,13341,0
16410,497,0
29332,29019,1
20216,4963,0
1635,1648,1
8635,8559,1
23572,23661,1
22975,18063,0
15352,15284,1
15839,3271,0
28707,28931,1
11073,21031,0
12462,18975,0
14651,20261,0
8988,4156,0
7752,7846,1
25923,25718,1
2680,1123,0
17179,27127,0
11720,11727,1
24774,24977,1
14797,14782,1
4767,12701,0
31020,31186,1
4569,4953,1
15,1033,0
1453,1252,1
9388,9328,1
4669,4510,1
8390,8069,1
25419,25478,1
10407,10227,1
23974,23672,1
16142,16489,1
3425,3034,1
8872,8884,1
13353,13372,1
4401,30917,0
939,18291,0
15526,27128,0
490,393,1
2604,2739,1
14616,14589,1
21016,31402,0
9018,9120,1
26457,26165,1
29585,17282,0
10892,10639,1
18848,27421,0
607,713,1
31262,31113,1
14240,6385,0
13269,13179,1
17863,19818,0
27300,14563,0
19603,19559,1
25606,25687,1
13046,8142,0
30870,30978,1
15555,1584,0
31329,22467,0
430,9145,0
19820,19725,1
26975,26737,1
5077,5458,1
19211,22592,0
20396,20054,1
18818,1726,0
21979,26398,0
29943,31073,0
12146,12141,1
699,6204,0
13656,27082,0
23518,29881,0
19738,28956,0
25535,31582,0
16897,16889,1
29364,29473,1
3011,3471,1
20507,20585,1
3051,3262,1
11356,11006,1
28832,28673,1
31370,12452,0
16463,16464,1
29345,29088,1
3208,28575,0
28350,19912,0
17157,19374,0
22314,15608,0
8714,22637,0
15140,8657,0
23422,23215,1
22103,4866,0
5355,5190,1
30751,24044,0
24914,10854,0
26072,26456,1
17794,1457,0
26052,26013,1
25841,25693,1
23326,23038,1
18507,18732,1
12727,12826,1
22125,22378,1
27339,17721,0
30928,10428,0
26886,4564,0
24079,30146,0
28357,28176,1
7503,7809,1
9774,2440,0
10970,10688,1
19021,19228,1
14425,14137,1
12012,28386,0
27405,31591,0
2007,2353,1
10853,25176,0
10416,10167,1
27467,31475,0
29532,29596,1
19505,6712,0
20566,20756,1
29221,3073,0
9528,9765,1
21034,26336,0
12374,7283,0
22358,22032,1
27400,5078,0
17568,8968,0
23793,23900,1
1188,1169,1
23971,17278,0
12675,20177,0
7589,31074,0
1725,29267,0
12640,12688,1
14029,14015,1
9562,21143,0
1342,7540,0
22918,9106,0
20710,20693,1
3223,3290,1
21966,23600,0
20030,20606,0
19362,19370,1
18871,18587,1
31517,12052,0
21075,21238,1
21681,21853,1
2090,2285,1
13930,13346,0
30342,22610,0
22869,25522,0
27583,27927,1
29400,29237,1
797,31235,0
2922,2942,1
14249,14132,1
31184,31152,1
9634,9804,1
2225,2494,1
12035,12142,1
3355,20619,0
17611,31243,0
26047,26229,1
28200,28385,1
26037,26249,1
31496,31046,1
6668,6815,1
3887,4753,0
23153,23379,1
9691,9702,1
14812,22797,0
1613,26019,0
11213,5070,0
11585,11596,1
10471,11363,0
15879,15739,1
15841,14424,0
8729,8890,1
3275,21913,0
1636,22402,0
18602,24428,0
2272,2089,1
15099,30391,0
17554,17501,1
21978,11975,0
14843,30204,0
29866,10622,0
14957,18601,0
11512,2215,0
19021,19468,1
15683,15943,1
10514,11213,0
19892,31078,0
30255,12090,0
9790,9541,1
14839,14730,1
22449,22212,1
27258,27312,1
3453,11233,0
21454,21061,1
10423,18516,0
30719,30612,1
19234,19335,1
23211,23336,1
24659,15038,0
399,65,1
10629,10606,1
10969,10869,1
1423,13575,0
15281,29624,0
22626,22939,1
25403,31857,0
21838,21880,1
2292,2020,1
16648,16883,1
2152,17564,0
20951,391,0
23378,23364,1
4450,26196,0
4173,4126,1
25148,3389,0
1212,30301,0
21090,21279,1
14161,14033,1
21585,21814,1
24536,24934,1
26793,8562,0
8155,12636,0
12660,16946,0
15693,15676,1
16299,16253,1
31667,31771,1
19210,15173,0
8709,10668,0
6978,11077,0
2251,2413,1
20291,20383,1
19535,25546,0
14998,14581,1
2953,852,0
21517,15313,0
16915,16964,1
8728,2841,0
12373,12076,1
27910,773,0
27457,6470,0
19910,18661,0
5599,5575,1
3283,3478,1
18516,18579,1
19801,19690,1
22899,9031,0
8562,8934,1
3989,21179,0
19551,19968,1
3744,3877,1
24416,24026,1
17645,17878,1
10472,10257,1
31534,25031,0
28899,17737,0
288,29,1
17900,22901,0
10568,10640,1
23075,23335,1
4079,9585,0
25446,25135,1
11151,11206,1
4822,4875,1
9448,7876,0
24775,29899,0
28981,28840,1
10140,21091,0
8698,8732,1
22172,20939,0
23567,23995,1
20578,20655,1
1800,20747,0
14852,19336,0
11037,11856,0
18157,30468,0
10362,26820,0
30431,30356,1
2602,2801,1
11041,11047,1
6894,6613,1
28755,28627,1
25029,25659,0
20154,12545,0
488,122,1
26026,26102,1
17259,17110,1
6344,27378,0
6797,27452,0
13000,30323,0
13122,13053,1
2611,2644,1
12867,30002,0
7309,7251,1
11000,30589,0
407,288,1
88,5874,0
26065,8009,0
31308,12917,0
27154,27426,1
30383,30323,1
11297,11418,1
28117,27950,0
7026,7085,1
4112,4008,1
17837,26593,0
707,25956,0
9667,137,0
18307,18191,1
4453,22629,0
12839,16107,0
29268,4013,0
19940,19908,1
14284,14336,1
16849,16971,1
12898,11683,0
22351,22053,1
3226,556,0
29792,6950,0
13788,13858,1
21633,6402,0
19433,31568,0
2783,2867,1
8112,8246,1
27162,27332,1
23014,23371,1
2532,8087,0
3286,3479,1
13499,2881,0
9512,9720,1
4247,4214,1
17684,17559,1
20149,20376,1
4039,17027,0
3909,31333,0
14364,14378,1
16172,12908,0
21223,21332,1
4334,13762,0
13210,13236,1
1891,1956,1
30281,30111,1
5380,5027,1
25049,25159,1
26006,26008,1
26819,2707,0
24884,24951,1
30947,23029,0
29514,29836,1
28493,16294,0
20485,20297,1
6084,6164,1
13458,21255,0
15527,15736,1
29099,29374,1
13189,6293,0
1632,14206,0
8513,8609,1
8527,8558,1
11560,11514,1
31118,31032,1
7451,7147,1
14773,14878,1
11897,15655,0
1778,1626,1
26360,2060,0
22175,15001,0
10721,10726,1
6453,27856,0
15278,20756,0
24447,24036,1
3816,3575,1
31364,1581,0
19862,19732,1
24481,20852,0
14136,28887,0
21225,21171,1
24822,24580,1
13853,13578,1
29061,27339,0
16508,29568,0
10878,10616,1
12392,12350,1
9881,3117,0
31143,3049,0
6183,6437,1
8716,10759,0
285,120,1
20766,20889,1
9140,9465,1
8917,3895,0
14308,14331,1
15336,3133,0
9061,26,0
16865,11983,0
27281,27319,1
30077,30381,1
22924,22824,1
23675,27496,0
28962,28979,1
10450,10198,1
15795,15879,1
25631,20144,0
29592,29618,1
5474,25645,0
4661,13711,0
13942,13850,1
1716,14926,0
4815,23500,0
21390,21237,1
11750,11607,1
30648,27583,0
8667,8843,1
19288,28980,0
8171,29697,0
9611,15275,0
8308,2813,0
24643,24701,1
25022,26188,0
8707,8829,1
21935,21710,1
23098,23205,1
6805,13949,0
28009,6518,0
29378,12074,0
2792,2935,1
2356,28886,0
3186,3892,0
427,214,1
5030,5070,1
5726,5657,1
13106,30627,0
30892,30672,1
22908,22632,1
25770,25833,1
17675,22138,0
22959,22968,1
24927,25287,0
2506,4871,0
2192,6965,0
28319,28137,1
4463,4175,1
3534,17249,0
1072,1168,1
15836,15947,1
13293,6105,0
22394,22303,1
25548,22541,0
12362,11488,0
22454,22169,1
6489,18328,0
18575,18815,1
19475,25095,0
18178,18448,1
14134,11629,0
11463,11061,1
29209,14176,0
8860,8997,1
14721,26414,0
17961,17512,1
24642,16136,0
2235,2336,1
22025,22249,1
17700,10333,0
927,13238,0
7375,10209,0
1707,1867,1
14517,14753,1
19259,19382,1
4197,4145,1
8372,8120,1
6694,18444,0
31768,23545,0
29326,279,0
12463,12293,1
2184,2122,1
1140,1389,1
27229,27435,1
14472,14066,1
14603,13780,0
9695,11956,0
9354,13249,0
15599,1669,0
7672,7959,1
17160,29117,0
19583,4781,0
12313,22255,0
11903,31391,0
11039,24373,0
16229,16044,1
11389,11390,1
5786,2294,0
17597,25307,0
3877,3742,1
18338,15192,0
29947,8022,0
26910,29524,0
24177,24217,1
10850,10966,1
7745,15320,0
25849,26315,0
19578,12569,0
16513,12308,0
4827,4655,1
12056,27601,0
25437,19378,0
30620,30825,1
15876,12376,0
30148,16813,0
9313,31341,0
10427,14911,0
6426,6188,1
2809,2704,1
27756,11305,0
11079,11295,1
22193,19118,0
27405,31784,0
31734,2013,0
30897,31996,0
20773,20673,1
23726,23802,1
1132,14469,0
18774,4917,0
8537,31961,0
26676,26504,1
28606,12145,0
21779,21681,1
17925,17970,1
14161,30006,0
25955,25768,1
7487,27579,0
24663,24714,1
26185,26316,1
20662,20633,1
18120,18139,1
30195,15456,0
30697,6688,0
29806,30619,0
27018,27457,1
10607,10795,1
14037,10645,0
8509,10503,0
29442,25046,0
23559,12696,0
31180,20598,0
10658,10543,1
12554,12971,1
9078,12889,0
30733,3798,0
12303,13541,0
4457,8259,0
30873,17256,0
663,529,1
2964,31190,0
25863,25827,1
27318,27362,1
26108,23456,0
31916,12294,0
24455,24423,1
24185,24243,1
19380,18476,0
11915,15018,0
13156,1756,0
3836,24632,0
5859,5602,1
17645,3469,0
19734,7863,0
15303,15204,1
28930,11401,0
16226,15478,0
16242,16119,1
9352,9116,1
10229,676,0
8537,16195,0
30320,30463,1
30081,19605,0
22326,21757,0
24931,18048,0
5264,5473,1
28360,25200,0
23181,23317,1
22505,22662,1
19177,19318,1
24862,24919,1
30103,30265,1
12966,29448,0
7236,7484,1
18059,25482,0
18710,2231,0
8560,8992,1
60,61,1
24942,14690,0
9469,9420,1
31464,31352,1
11559,29354,0
6731,6614,1
21260,21211,1
21795,21505,1
1104,28311,0
11305,11483,1
12795,12625,1
8103,13830,0
23051,9827,0
24409,30246,0
22703,22515,1
7031,7424,1
23315,23251,1
24168,24133,1
11011,23304,0
8866,8740,1
18061,8656,0
10749,10628,1
5457,3802,0
1918,10570,0
3479,3306,1
30226,1267,0
12776,3365,0
26073,26125,1
1196,1086,1
16672,14843,0
30917,30534,1
28060,28381,1
17719,23157,0
17666,5125,0
21121,21204,1
30562,19816,0
1983,1784,1
6900,6612,1
14028,14382,1
9608,9535,1
6997,14048,0
21066,21309,1
387,75,1
18709,2145,0
28140,31418,0
6343,6299,1
29429,149,0
25296,25482,1
8773,30632,0
18798,18601,1
22171,8713,0
15706,21947,0
21309,21079,1
24315,24011,1
144,2342,0
30088,17392,0
7065,7399,1
30107,16878,0
27652,28072,0
18894,12382,0
24485,24199,1
14234,2140,0
27553,27913,1
15472,15371,1
23487,23383,1
831,918,1
8090,22820,0
30866,30989,1
15972,15535,1
13416,13202,1
28898,12507,0
4899,24924,0
6862,6617,1
4541,29605,0
20437,20043,1
22083,11537,0
11580,28310,0
6127,25418,0
3371,1499,0
10449,19955,0
15773,24176,0
30581,20252,0
20698,29579,0
31853,24445,0
3220,11105,0
6696,6757,1
13921,13644,1
8342,8274,1
28234,28155,1
28633,28638,1
30680,31649,0
21510,3315,0
7411,24242,0
6829,23942,0
24548,17943,0
440,321,1
20650,9195,0
13395,13406,1
11693,23098,0
29765,29757,1
12687,21275,0
8305,8192,1
12397,12447,1
13823,3515,0
7228,7096,1
13330,24415,0
20430,29619,0
14059,9873,0
19873,26747,0
3502,3731,1
10436,24049,0
24048,24001,1
22986,25110,0
12943,4481,0
25707,25632,1
12232,19422,0
16797,16898,1
14170,14613,0
14664,12282,0
23242,23035,1
9041,3573,0
7618,7609,1
13545,19138,0
28152,19539,0
5025,13873,0
8910,8452,0
27305,24458,0
25615,7884,0
15812,4010,0
30910,30791,1
26860,26985,1
11577,11518,1
143,12117,0
4203,4141,1
3673,3895,1
19202,2553,0
14810,14748,1
5306,21908,0
185,22683,0
19893,19807,1
31241,31377,1
15878,15687,1
16910,2228,0
23660,23561,1
1776,1110,0
12105,5601,0
6074,6250,1
2645,7822,0
26341,26213,1
13605,25439,0
3487,3131,1
21777,7466,0
18707,25723,0
7025,29604,0
16106,16241,1
10666,10834,1
13463,3645,0
22815,19489,0
1547,1811,1
11342,7367,0
372,375,1
28587,14422,0
5707,14577,0
6259,6394,1
12261,12494,1
223,11159,0
823,630,1
5133,5198,1
12970,12881,1
10481,10212,1
13427,24061,0
15280,19011,0
19828,23495,0
8619,22776,0
2739,4792,0
29335,29300,1
21560,19118,0
11310,18906,0
24216,24358,1
28691,17710,0
225,10927,0
10954,10993,1
19264,19045,1
18145,18438,1
23958,28996,0
25650,10478,0
927,15606,0
844,24453,0
2534,518,0
11421,31113,0
23410,23106,1
158,126,1
8910,8880,1
7795,7531,1
24192,24041,1
19248,19368,1
18373,18470,1
1718,18233,0
1235,29842,0
18584,18778,1
17774,17646,1
6530,410,0
28688,28716,1
2591,3081,0
2191,15091,0
16291,27006,0
11684,11524,1
29898,29507,1
9532,9643,1
2442,24032,0
19882,19706,1
3466,13093,0
19697,2947,0
3620,3752,1
28968,223,0
6200,31171,0
374,799,0
3387,15180,0
20952,21156,0
10539,10761,1
28270,28472,1
3441,14104,0
8885,8563,1
6867,6812,1
3187,14596,0
25792,25877,1
24891,24818,1
4056,4367,1
22350,13213,0
7154,7397,1
22077,3420,0
755,914,1
5262,21236,0
18831,18566,1
8138,5043,0
22571,22556,1
5099,5115,1
23237,4134,0
1993,1934,1
21863,27174,0
21923,15933,0
29478,29281,1
21359,21353,1
1695,1581,1
53,1758,0
14381,1257,0
23026,23243,1
14093,12237,0
5196,8418,0
11887,11695,1
17430,7710,0
3115,3239,1
16433,16427,1
15903,8094,0
17566,10853,0
5434,25047,0
7752,15914,0
18407,18341,1
16224,6334,0
16596,16519,1
15245,15278,1
13996,201,0
1765,23590,0
22291,8557,0
27345,13540,0
2333,14677,0
9568,26186,0
13608,13556,1
11441,21928,0
17601,17733,1
24943,5823,0
18571,1598,0
16331,27486,0
21053,21215,1
839,596,1
19878,19653,1
12030,12047,1
10055,5829,0
13765,13935,1
26387,15201,0
13171,13125,1
14482,14387,1
28450,23770,0
27615,7612,0
22660,29583,0
29291,30994,0
23170,24009,0
2569,2622,1
4366,4397,1
1389,1010,1
12684,16137,0
1408,3076,0
13678,13507,1
28706,28792,1
7071,7264,1
4232,4081,1
26971,26849,1
21372,15770,0
30226,14782,0
21058,25759,0
20822,16287,0
7565,22491,0
3249,26178,0
18235,21056,0
4853,4929,1
27260,27185,1
30234,11502,0
30121,19094,0
8996,8985,1
5599,5971,1
3004,3355,1
3109,9384,0
30096,30110,1
27751,20071,0
6341,6063,1
16648,19492,0
17386,17086,1
13499,13439,1
1080,2917,0
6268,18153,0
12271,6505,0
6144,6023,1
5606,5773,1
21913,23669,0
18975,18838,1
6432,6627,0
29605,29634,1
29189,29427,1
16970,5183,0
10895,10941,1
16823,8128,0
30675,8465,0
267,13720,0
16339,7280,0
18005,7467,0
25454,22222,0
16018,23206,0
29850,3427,0
28877,28750,1
9224,9373,1
1824,10499,0
18735,20546,0
14614,14512,1
9546,300,0
12590,12651,1
8519,8646,1
19474,19312,1
18909,5992,0
11758,17099,0
22339,22012,1
24083,10145,0
9097,27595,0
5949,5758,1
11773,11966,1
8774,5050,0
7808,7936,1
7346,7462,1
26475,26380,1
12887,12993,1
27794,28387,0
14317,19773,0
15428,6892,0
7805,7722,1
1818,24329,0
23262,26240,0
21772,21764,1
3307,31777,0
18674,18944,1
13349,13127,1
22032,22187,1
22564,22621,1
19561,19643,1
12798,26328,0
5491,26845,0
564,16913,0
7771,7611,1
24196,21233,0
24454,17685,0
5822,5901,1
12708,12822,1
19869,19577,1
18928,18612,1
18377,18300,1
13842,13957,1
4643,8499,0
1554,4351,0
21657,16029,0
9443,19083,0
31614,26899,0
29567,29545,1
29742,26200,0
12488,25768,0
8309,9582,0
21988,21541,1
28246,28460,1
29162,28119,0
23044,26963,0
22881,11953,0
5981,22667,0
22902,22810,1
8994,22618,0
31686,31970,1
2016,31728,0
2516,2525,1
24486,23328,0
8563,11895,0
24573,24948,1
15979,15827,1
18408,9986,0
16758,16750,1
19583,19580,1
3792,19835,0
23724,23977,1
4732,4937,1
27633,27654,1
3593,22891,0
18346,12257,0
31872,17494,0
13254,5095,0
13245,13316,1
14438,14046,1
20384,14766,0
8931,916,0
15248,8493,0
21412,13479,0
25449,15604,0
5488,20494,0
17395,17166,1
16342,16444,1
28883,19138,0
24953,1702,0
26090,19017,0
25619,25723,1
18816,18818,1
16067,16307,1
9837,9728,1
17957,17581,1
24295,24377,1
27305,27201,1
18175,22058,0
26478,26152,1
1349,825,0
7957,7977,1
19334,16143,0
20201,10001,0
11802,11765,1
14819,26488,0
27651,27610,1
16972,28914,0
5481,28792,0
31808,24282,0
8389,8189,1
30745,30607,1
15186,15210,1
17500,17718,1
27036,31819,0
23861,23677,1
17285,9769,0
22940,22968,1
18858,18651,1
25945,25736,1
14520,14729,1
11592,10257,0
4337,2762,0
6763,17132,0
31019,31344,1
19601,14352,0
30097,30238,1
31831,27072,0
22184,22195,1
28138,7247,0
10208,10988,0
7662,31884,0
27859,27684,1
6552,6660,1
9948,25782,0
27041,27382,1
8123,24364,0
5070,28396,0
5420,27475,0
5355,20084,0
15388,15473,1
7838,7775,1
26986,17029,0
9933,9567,1
16181,16215,1
30293,30087,1
30640,24326,0
7515,12398,0
128,360,1
27898,27759,1
24057,12990,0
20588,3096,0
4556,4681,1
17704,17556,1
23444,26422,0
6665,19598,0
25854,25810,1
22439,8078,0
18019,3757,0
29344,85,0
25813,25939,1
15003,15399,1
24050,17691,0
18538,23901,0
13352,13050,1
16163,5477,0
21391,11932,0
19319,19293,1
4683,30426,0
19432,8949,0
16964,16705,1
30489,22854,0
10791,10677,1
12078,12001,1
25015,25040,1
10662,10667,1
16616,16747,1
4391,30526,0
31213,3841,0
9420,9369,1
15328,15113,1
9032,13633,0
12289,12071,1
23021,31527,0
16970,16792,1
26327,26120,1
28021,28464,1
6172,29602,0
3425,3259,1
2236,2036,1
29511,30520,0
7472,12855,0
10494,23980,0
1940,1601,1
11936,11699,1
6371,8873,0
24071,9782,0
15089,15241,1
21610,21947,1
4255,14159,0
12578,27337,0
11832,30671,0
576,776,1
8288,8156,1
18606,16666,0
22747,22616,1
7506,15332,0
2642,2596,1
29163,16408,0
19508,10068,0
11410,4233,0
18943,19445,0
27459,27298,1
10158,18012,0
21145,21206,1
4347,13249,0
28068,28051,1
23596,13471,0
1103,19544,0
19863,670,0
16637,9157,0
3417,3213,1
339,28679,0
10251,10061,1
27104,27373,1
14358,14376,1
9753,17333,0
2880,2685,1
791,858,1
2372,12972,0
21729,21902,1
13869,20509,0
18868,18972,1
26450,8624,0
29915,17174,0
21578,23067,0
2560,2716,1
25683,8542,0
11505,30466,0
31994,31952,1
3947,15936,0
22951,19995,0
15261,2487,0
24424,24294,1
22671,12591,0
10118,10026,1
12409,12455,1
28145,6309,0
9234,31866,0
2974,2824,1
24491,199,0
18111,18218,1
8354,8483,1
3438,3219,1
24849,24795,1
22680,31909,0
6694,6850,1
26385,15563,0
8413,8465,1
23620,15795,0
12808,12760,1
26254,26158,1
5013,5493,1
28213,28217,1
10773,4954,0
30923,131,0
14202,14019,1
12110,12321,1
3917,3916,1
2640,2876,1
16707,16828,1
26695,26680,1
23549,23761,1
26087,26323,1
29544,16339,0
16469,16418,1
12067,1516,0
25182,18253,0
15818,14455,0
28216,14111,0
20325,151,0
12,78,1
17459,5093,0
17617,7209,0
20959,20644,1
18662,31944,0
13676,23604,0
30272,30228,1
20680,20669,1
19438,19792,0
19052,669,0
16326,24523,0
14143,11956,0
12891,22408,0
20021,16527,0
3563,3508,1
3492,7203,0
12876,22387,0
14900,17975,0
1865,1806,1
26534,16738,0
24407,3233,0
24050,24425,1
19697,19969,1
1744,2802,0
22724,22753,1
22983,22723,1
6244,31043,0
6847,6902,1
24135,16363,0
12807,14240,0
10343,15644,0
17595,17794,1
8964,8821,1
13377,9428,0
1141,19976,0
5408,5087,1
6997,20159,0
4200,17238,0
16398,22575,0
9370,21292,0
7450,411,0
29276,27418,0
11755,1337,0
18461,31239,0
6526,27079,0
30372,30433,1
8307,1406,0
3634,3509,1
17788,17926,1
28177,0,0
4006,4210,1
13951,11942,0
9108,24245,0
10831,10746,1
8276,25451,0
16300,16180,1
28768,3274,0
4507,31980,0
9779,9518,1
1048,29278,0
24084,23193,0
11339,26353,0
2709,12726,0
15295,15010,1
30834,30758,1
16370,16191,1
23843,17139,0
1431,9523,0
27478,27061,1
3912,3976,1
19273,19070,1
29517,1259,0
14346,14105,1
28375,16867,0
20492,20304,1
6365,18028,0
28012,28185,1
18185,21556,0
20495,27954,0
15518,15973,1
6569,24871,0
22497,22252,1
31413,31016,1
23944,23646,1
3700,26583,0
6166,6149,1
31751,10566,0
7303,23469,0
10444,24681,0
30486,30063,1
3483,3351,1
2726,2557,1
27089,27468,1
9625,28323,0
6371,18643,0
12145,22907,0
29732,16652,0
30252,30250,1
29366,29051,1
27369,15302,0
11941,5875,0
10071,10122,1
1665,19555,0
30230,30132,1
19663,19892,1
20669,20925,1
24367,24391,1
31622,31648,1
14125,14471,1
18204,26481,0
17817,5889,0
7962,16116,0
15904,15795,1
23022,23134,1
17029,13968,0
13662,13962,1
26063,17064,0
17276,1213,0
29010,29066,1
1190,24756,0
29224,29305,1
21762,10444,0
938,29258,0
26687,26757,1
24233,22971,0
31836,31717,1
15835,11256,0
25433,25253,1
15703,10275,0
14581,18240,0
21558,12043,0
9048,9322,1
9460,4284,0
6916,2961,0
5041,5405,1
4270,4475,1
8726,8899,1
13211,15097,0
18218,18311,1
18723,30805,0
31437,31066,1
24078,24143,1
11682,5206,0
29798,29777,1
23055,12280,0
31466,27769,0
10299,10514,0
2622,2953,1
29620,15933,0
25637,25533,1
31867,22606,0
31788,31914,1
7518,1539,0
7195,7093,1
6243,6066,1
31394,26470,0
19485,20711,0
4034,4449,1
13501,13722,1
17536,14964,0
20323,30649,0
25189,25639,0
4177,4183,1
12425,15722,0
16568,16714,1
973,641,1
20230,20183,1
18161,12483,0
8800,8809,1
15241,26811,0
9321,9011,1
426,302,1
4647,24815,0
286,609,0
27604,16125,0
19720,1330,0
27593,27678,1
27266,17853,0
7045,18906,0
22457,1819,0
28099,948,0
24881,30710,0
21592,21985,1
19605,19881,1
14758,14540,1
9374,13416,0
30558,215,0
17126,20246,0
2313,1106,0
5920,5648,1
8583,8603,1
7099,11954,0
290,4044,0
8108,11564,0
847,4874,0
994,17483,0
19390,19218,1
3921,3815,1
25572,5763,0
22751,22732,1
20937,6595,0
26463,5186,0
9262,29756,0
31484,31386,1
748,10984,0
25968,25593,1
15496,15227,1
17001,6521,0
16639,21009,0
28984,17956,0
18572,6115,0
9999,9794,1
23737,31500,0
28142,28161,1
4518,31664,0
7767,7770,1
17540,20462,0
28266,17432,0
7694,17354,0
31526,31586,1
12962,12830,1
18684,18910,1
24063,15136,0
12356,3698,0
14032,14173,1
17137,18516,0
16012,16278,1
1870,1735,1
9350,9348,1
27271,27202,1
23762,19490,0
7994,7891,1
9791,2144,0
29110,28551,0
8167,8216,1
4232,4029,1
13341,15391,0
27783,27115,0
2592,2423,0
17616,17597,1
11041,5548,0
29587,8780,0
5985,14796,0
10374,4369,0
4211,4433,1
20153,20291,1
8348,12466,0
23890,23943,1
6617,21298,0
28310,28312,1
9367,24725,0
15449,24573,0
31907,16714,0
9010,9279,1
15242,10540,0
24803,24925,1
24524,24625,1
24819,31868,0
14986,14578,1
26172,26426,1
25829,25670,1
26011,26124,1
28590,28991,1
26860,26990,1
401,174,1
18897,24701,0
11478,31666,0
24175,10750,0
31163,852,0
4138,3956,0
5130,14032,0
15583,15819,1
4659,4873,1
8608,12271,0
30445,30021,1
18167,18247,1
8004,8447,1
17240,7796,0
11863,11788,1
30334,23936,0
11794,11871,1
12219,12251,1
11715,11710,1
31434,8252,0
3902,20732,0
7168,3596,0
15508,15930,1
7550,4442,0
9062,9488,1
25414,25227,1
8134,8325,1
15856,24237,0
13600,12886,0
12072,12430,1
21101,21343,1
24876,29644,0
246,99,1
27712,27891,1
13053,13497,1
2887,27154,0
21749,762,0
21448,21188,1
19253,3549,0
30233,14534,0
5650,18418,0
25729,14261,0
8640,13942,0
28406,23298,0
11232,11410,1
14841,14884,1
4905,4654,1
24797,18164,0
17939,9730,0
20741,27525,0
13769,19243,0
453,309,1
9734,9667,1
14563,30447,0
31740,2597,0
18830,26545,0
3167,26458,0
16246,10042,0
20512,8168,0
18670,25128,0
23197,21070,0
24548,24807,1
22797,20332,0
13151,17602,0
5507,1407,0
21805,21887,1
3343,16243,0
4731,26787,0
9898,9922,1
8128,5746,0
12362,12017,1
17295,17020,1
24227,1991,0
26617,26954,1
17649,17540,1
28563,28653,1
10529,15294,0
5740,29033,0
569,17649,0
14922,14663,1
24723,24676,1
20266,20128,1
22121,29229,0
8272,6,0
30596,2445,0
23400,6853,0
9045,9164,1
21511,24429,0
23503,23870,1
1158,1083,1
18371,18098,1
9863,4818,0
804,517,1
16350,11277,0
22908,25947,0
17993,17673,1
10096,10051,1
5053,11937,0
27256,18276,0
26394,26160,1
24553,24932,1
28056,28079,1
30677,20109,0
30287,30421,1
20985,19534,0
30413,30208,1
17509,11494,0
21397,21081,1
17565,17873,1
16595,24213,0
6400,6063,1
19949,24764,0
29221,6260,0
12411,8552,0
30771,5528,0
26168,26053,1
27443,27423,1
5670,5739,1
10580,10551,1
28826,20669,0
17858,16595,0
8307,20538,0
1432,9774,0
8135,15987,0
27277,27227,1
11352,11235,1
22431,10752,0
8823,16476,0
6160,16575,0
13242,15929,0
9828,15625,0
26007,14006,0
26736,16750,0
19656,11790,0
9311,9370,1
23959,6482,0
27620,27714,1
13284,4497,0
23040,25380,0
3129,31115,0
20621,20654,1
30536,2662,0
1295,1441,1
9459,1877,0
9725,9683,1
26595,28447,0
19965,19809,1
14501,14836,1
10865,11260,0
544,783,1
8518,8598,1
7882,7617,1
3273,3014,1
14713,14623,1
31937,31755,1
20670,10630,0
14153,14439,1
19861,10375,0
3650,3683,1
23200,12268,0
23913,1242,0
19288,27080,0
12810,12706,1
19415,19236,1
24007,24342,1
14515,23223,0
30853,25620,0
12526,29696,0
3785,9894,0
18099,22293,0
11493,30265,0
2863,2777,1
15083,21568,0
20974,20594,1
12600,12629,1
5600,14853,0
30764,22893,0
4646,8365,0
14054,14202,1
6167,2910,0
5729,5523,1
28685,28648,1
16193,23983,0
24391,17366,0
7511,7657,1
18397,18409,1
13741,13309,0
19372,3512,0
4237,4334,1
31281,7499,0
696,593,1
20102,20212,1
6592,6927,1
19594,19542,1
4893,4681,1
2086,2370,1
21918,21926,1
11293,11433,1
7702,7921,1
20235,25682,0
6751,6864,1
3956,19201,0
9355,9170,1
28071,12231,0
7636,7868,1
3661,3666,1
18106,18175,1
9453,2364,0
20377,4647,0
15718,24706,0
30487,12760,0
30109,11241,0
4793,4570,1
27353,27128,1
18619,18917,1
31572,31961,1
5595,25191,0
16981,23394,0
12179,15847,0
26827,26906,1
2292,18968,0
9195,31745,0
7048,26032,0
23521,13621,0
24851,24952,1
12800,23718,0
12668,12617,1
24736,24797,1
30860,26776,0
12416,8840,0
21068,21142,1
7000,10692,0
27540,27964,1
16440,16067,1
11253,1414,0
24246,11393,0
28198,7572,0
12992,12606,1
14868,26872,0
10870,10585,1
12247,22092,0
27313,27197,1
23453,8275,0
10141,25327,0
26085,6173,0
19643,19892,1
31337,31283,1
4104,4263,1
22718,22699,1
21286,21392,1
1683,1570,1
31959,31951,1
687,18037,0
31568,2277,0
5367,27646,0
2228,2069,1
2652,31672,0
25579,29932,0
18551,18541,1
26653,10413,0
14515,14791,1
4749,4801,1
3282,3499,1
31432,31222,1
30854,785,0
25098,23465,0
30874,30959,1
13090,13081,1
12077,12065,1
3117,2495,0
2395,2495,1
13363,18882,0
18404,18194,1
19477,19339,1
25942,25763,1
25677,4540,0
4305,31088,0
5179,487,0
20011,2377,0
26607,26724,1
31871,31747,1
30557,23502,0
13620,13839,1
31956,31636,1
2158,11240,0
25783,6260,0
16005,15582,0
366,426,1
13383,247,0
10912,21664,0
14196,14413,1
28471,22999,0
4129,4473,1
1672,1514,1
19714,19818,1
3694,3748,1
10742,10992,1
7800,7737,1
1623,23436,0
18404,21582,0
14291,16293,0
21558,25229,0
1252,25006,0
15444,15051,1
21213,26648,0
13404,13128,1
22284,22347,1
27,29164,0
9048,9409,1
27459,27224,1
24570,26651,0
9327,21871,0
10606,10942,1
1016,29098,0
1508,23837,0
14052,10498,0
20942,20514,1
25466,9729,0
13710,13654,1
11452,11294,1
2615,2982,1
18424,14937,0
29895,29570,1
28207,28031,1
9314,30480,0
12229,12073,1
5685,5965,1
7842,12010,0
24540,24825,1
31691,24358,0
22923,22576,1
4328,22732,0
5147,9374,0
11560,11589,1
23467,9778,0
9392,5488,0
2089,20338,0
19814,19830,1
6737,6713,1
14138,21926,0
16888,16922,1
26500,26862,1
12128,2373,0
18437,18008,1
5908,1623,0
16861,16684,1
3654,3770,1
7300,28379,0
9767,9994,1
29825,3464,0
4055,1138,0
9560,9678,1
11473,16443,0
20922,20744,1
6200,13243,0
27611,6350,0
25113,25409,1
2549,2608,1
24348,26693,0
16204,8512,0
2255,2163,1
4508,11431,0
29969,29501,1
16424,16028,1
26171,20204,0
9783,9872,1
31558,8248,0
26795,636,0
1613,1599,1
27895,27971,1
994,24007,0
11023,642,0
17922,6655,0
19965,8983,0
13401,13143,1
2796,2984,1
30982,14711,0
21882,21627,1
19270,19276,1
11936,17862,0
3456,3110,1
19354,12927,0
13278,1752,0
30484,30281,1
4743,16988,0
22203,22081,1
14044,14491,1
10595,10781,1
11125,1942,0
1199,4925,0
22691,21361,0
18332,18122,1
23002,23494,1
24525,24583,1
4072,4356,1
20873,20790,1
8724,27664,0
18591,18856,1
27011,27059,1
9949,9698,1
13705,12908,0
19186,19323,1
20517,20505,1
649,6515,0
7412,7008,1
8826,772,0
26216,26302,1
20478,31978,0
14553,14562,1
19338,17692,0
10688,10580,1
5706,2511,0
18718,18885,1
29880,11948,0
12312,12119,1
28344,28150,1
1684,25960,0
11829,31318,0
20354,20496,1
22115,22049,1
2011,28034,0
24427,24316,1
13886,7781,0
18135,18358,1
20092,20420,1
21257,21115,1
14969,14530,1
23659,8536,0
6579,6554,1
5523,4401,0
25703,24184,0
507,3503,0
5475,5280,1
14422,14443,1
11645,11764,1
15796,15804,1
11692,21505,0
19605,19614,1
20858,20723,1
10603,10676,1
479,131,1
11620,11866,1
16607,16169,0
5612,5557,1
9946,7304,0
9141,9396,1
984,640,1
13756,23353,0
24947,20420,0
17299,1505,0
23055,22957,0
21209,9071,0
11374,20259,0
13804,5042,0
3182,3272,1
27035,27179,1
19961,4713,0
13580,11264,0
5487,5237,1
30001,18278,0
21965,26885,0
3918,27365,0
1280,1264,1
28985,28689,1
11678,25565,0
14377,21151,0
555,16355,0
22192,22062,1
1816,1614,1
14374,14119,1
20356,20348,1
8046,8088,1
7920,27159,0
9253,11252,0
11086,14711,0
18060,27310,0
1533,1743,1
15563,19527,0
17145,17332,1
27513,27743,1
19605,9914,0
12281,9234,0
29572,29518,1
9100,15402,0
12742,21816,0
16997,16726,1
30102,30482,1
7879,13944,0
18385,18383,1
27965,28585,0
8498,20959,0
11632,11584,1
18451,29053,0
24034,18451,0
19551,19648,1
17107,17486,1
27142,24428,0
20658,31315,0
30594,30537,1
31595,13064,0
31400,21212,0
4171,4346,1
687,783,1
13220,13402,1
13268,4441,0
836,11106,0
11086,11324,1
22916,22782,1
12752,12883,1
6196,6384,1
20739,19079,0
16174,14786,0
12547,12815,1
10594,10832,1
1679,1664,1
12643,14692,0
15530,12524,0
11733,11514,1
6068,6119,1
18491,14776,0
6411,1044,0
17399,17331,1
10291,10204,1
15463,20495,0
31294,31421,1
2330,9480,0
20580,6339,0
8179,5330,0
20386,20241,1
29542,3493,0
11349,28902,0
22609,22228,0
30476,22337,0
8758,26486,0
23191,7982,0
683,18575,0
17684,17523,1
25235,25303,1
24686,12798,0
11935,11354,0
5902,5586,1
10049,13659,0
15415,28472,0
6445,9542,0
4445,15159,0
31541,31938,1
22108,21360,0
23460,23237,1
15731,795,0
29681,9687,0
8041,8485,1
8911,8603,1
21933,21876,1
17628,4387,0
7434,7071,1
10982,24273,0
26567,26602,1
1495,9636,0
28688,9008,0
7263,7433,1
14516,14857,1
19432,20627,0
8832,10082,0
4096,4065,1
25042,12781,0
11818,3004,0
19054,22415,0
25594,25904,1
4420,4366,1
12337,12111,1
554,948,1
10446,2678,0
13700,13935,1
20954,20869,1
14716,7566,0
28053,28454,1
9028,27080,0
17703,17613,1
148,26142,0
163,236,1
25027,25281,1
2910,2507,1
23593,680,0
19994,19669,1
7021,21959,0
26932,26824,1
31542,3955,0
30722,30724,1
1812,3163,0
18904,18576,1
24541,18774,0
27305,27129,1
7043,23243,0
2590,20109,0
9158,9201,1
15659,14307,0
655,950,1
7895,7913,1
9106,21247,0
16267,24222,0
27473,27216,1
456,403,1
27743,27597,1
14512,25702,0
19061,19400,1
23511,23880,1
25452,13528,0
5334,14180,0
20263,11110,0
14002,14419,1
50,338,1
2106,21781,0
31825,31716,1
6755,6740,1
18354,5214,0
22037,10767,0
4829,4975,1
8736,6763,0
20902,20799,1
21393,29848,0
17889,17992,1
14749,14752,1
9863,9628,1
24375,15656,0
14978,14884,1
26053,25857,0
9151,9289,1
7177,7356,1
3804,20841,0
6979,6640,1
15276,15058,1
28682,28766,1
7801,2051,0
6387,6288,1
22106,11002,0
11014,19243,0
10885,10983,1
20933,7566,0
1880,12821,0
20500,20834,1
9835,9900,1
23672,23501,1
11283,11020,1
19080,19072,1
15786,3349,0
25700,25567,1
16786,16963,1
11383,11110,1
5942,5632,1
9753,9786,1
24893,11617,0
15354,15124,1
31120,3009,0
26704,26504,1
31235,31236,1
22019,16434,0
570,883,1
30673,19605,0
12371,12055,1
11200,21763,0
14952,2031,0
20124,16778,0
19304,19206,1
4460,4390,1
385,1377,0
13178,18029,0
2766,2553,1
7769,26636,0
31400,28520,0
17920,17965,1
16056,30256,0
17703,17728,1
26925,8711,0
9172,24695,0
14451,28347,0
21918,21561,1
8367,14909,0
30659,30673,1
5724,5943,1
22548,3738,0
4008,4153,1
30968,22085,0
13124,26944,0
11120,11458,1
18085,18391,1
19195,26670,0
9874,28984,0
16133,16195,1
6640,6642,1
29389,29230,1
11284,11085,1
19007,19486,1
28657,18789,0
9385,25308,0
4427,4268,1
15364,15256,1
30580,28441,0
17928,24501,0
12496,12343,1
12091,27233,0
12028,13830,0
316,79,1
5586,11958,0
9210,904,0
28853,28722,1
15393,28295,0
4585,13576,0
31621,31611,1
1247,1385,1
18698,18521,1
28443,28368,1
14073,14055,1
11011,5405,0
15921,9469,0
14822,14658,1
1203,29209,0
18840,18891,1
31240,24040,0
29981,9643,0
6340,9876,0
30111,30031,1
18037,18197,1
9621,18709,0
15458,25204,0
19328,2839,0
13358,13455,1
21421,21496,1
21052,17576,0
17552,29604,0
19304,11393,0
30254,30090,1
2156,27223,0
31007,14981,0
18196,18413,1
25045,25283,1
7241,435,0
10175,10166,1
9669,9538,1
8992,8774,1
27722,27727,1
427,9346,0
3732,3529,1
13232,13431,1
4466,4247,1
718,12027,0
18750,18949,1
7386,26302,0
15207,15122,1
27603,27921,1
26197,22114,0
30496,30445,1
26040,11872,0
12392,12120,1
4605,4990,1
14670,26830,0
15970,16236,0
23717,25616,0
6138,6107,1
3534,29794,0
17718,31321,0
24189,24095,1
13706,12074,0
28288,13381,0
4376,27059,0
7263,13285,0
21902,21624,1
31306,24800,0
13034,13440,1
16655,7377,0
22206,22373,1
5847,22345,0
1625,1899,1
23560,23547,1
20040,1807,0
25368,25071,1
8742,8700,1
20986,20810,1
4968,12862,0
31086,6423,0
5621,5807,1
1234,1075,1
4345,4240,1
31349,22372,0
3686,3772,1
24408,2317,0
19400,11903,0
17606,11462,0
30651,30549,1
19914,6806,0
24508,24614,1
17860,17525,1
13358,13426,1
12339,2494,0
15353,15032,1
16048,8042,0
15082,15498,1
28494,22494,0
10997,10608,1
10814,6800,0
5005,15638,0
30969,30687,1
4141,11866,0
18278,5681,0
1762,1589,1
450,93,1
11021,11224,1
1041,1291,1
7398,8203,0
11052,24905,0
21606,21828,1
10316,10269,1
7962,28651,0
11740,11647,1
13847,8516,0
29926,27844,0
14069,11236,0
13592,4097,0
30172,30477,1
31287,31310,1
5635,9904,0
17882,17684,1
26050,26457,1
6054,31767,0
28330,28231,1
21670,18139,0
1246,1301,1
17515,17026,0
11390,11241,1
7721,7574,1
14334,14242,1
8599,8714,1
7677,5838,0
8366,8455,1
388,412,1
9639,9759,1
21865,21543,1
10008,10346,1
9210,19149,0
19629,25280,0
14907,14615,1
9752,12102,0
6327,6087,1
8933,8675,1
21055,7438,0
28410,18436,0
14504,14569,1
9324,9496,1
31011,22492,0
25029,1041,0
3950,1242,0
16162,21425,0
13988,4198,0
5757,5945,1
14142,30424,0
30002,30473,1
13694,20225,0
24942,24815,1
9499,27054,0
29781,29840,1
29192,13112,0
10692,13662,0
899,513,1
13757,13520,1
29157,21250,0
21905,7586,0
15111,2568,0
15930,20561,0
23476,23081,1
12301,9656,0
26204,26343,1
1499,14066,0
31043,31309,1
6679,3054,0
26579,26720,1
28531,28532,1
8157,8392,1
11797,24286,0
1020,1126,1
19686,613,0
4217,4011,1
11591,11875,1
1554,1818,1
15290,26684,0
22973,16948,0
15737,15715,1
8456,8470,1
30105,30360,1
27021,27344,1
25629,27589,0
24796,24786,1
10143,10148,1
21319,21160,1
23279,6015,0
9789,23985,0
18358,29644,0
23380,13443,0
18213,18083,1
17362,17276,1
9676,27477,0
14952,30761,0
2875,2591,1
21307,21321,1
18542,14792,0
13945,13817,1
16557,16689,1
28856,12865,0
18544,18557,1
6348,6084,1
18106,18297,1
5240,29857,0
14418,28974,0
23812,20910,0
26102,28055,0
21488,5717,0
6133,20820,0
2603,2687,1
15162,13777,0
15476,15212,1
19780,19944,1
20381,20258,1
23026,23121,1
503,272,0
3218,3321,1
29756,22400,0
29590,16011,0
24041,255,0
574,581,1
4641,20842,0
25969,7764,0
4357,4371,1
28251,17560,0
7654,20218,0
14833,6171,0
9213,9042,1
8218,8399,1
16983,2446,0
26724,26997,1
16493,21641,0
11652,11505,1
12338,30411,0
28319,28074,1
2150,20873,0
26692,20079,0
16257,16114,1
27927,27592,1
29213,16326,0
15417,15206,1
2155,2035,1
6636,6803,1
15164,15399,1
16947,1053,0
20328,3522,0
14468,13255,0
14281,18087,0
24539,31831,0
29721,31487,0
27026,27127,1
18674,5420,0
16087,16141,1
12896,25732,0
27128,28426,0
25383,4966,0
18551,18868,1
3910,30531,0
27084,27292,1
29883,29761,1
24114,24164,1
19319,7939,0
3269,3420,1
7116,7379,1
29576,18332,0
16165,15956,0
25874,26562,0
9323,1941,0
24361,11724,0
9769,9598,1
15836,15604,1
26617,4561,0
7192,3729,0
2599,31097,0
17146,16336,0
17996,13268,0
30313,30298,1
11992,9057,0
30855,30836,1
27990,27630,1
8232,8909,0
16283,29455,0
4211,17922,0
31530,31984,1
26120,6959,0
16169,10727,0
2404,6419,0
23916,23776,1
8302,8414,1
31590,31637,1
14307,11613,0
15431,2346,0
10388,10252,1
25194,30635,0
18051,18340,1
9386,9025,1
18385,924,0
15541,24861,0
1167,1393,1
21313,21201,1
14024,19722,0
26838,26732,1
21001,20982,0
31103,29003,0
26727,26877,1
18280,15252,0
3504,3726,1
17406,3002,0
3018,16276,0
8294,28112,0
443,205,1
28822,28867,1
23088,29619,0
11112,13396,0
24969,24853,1
15140,15437,1
6218,6424,1
2472,9357,0
21195,22778,0
14507,14818,1
8256,19646,0
15798,26122,0
25972,25598,1
14282,29582,0
22375,22149,1
10521,10847,1
27505,27821,1
2494,2289,1
9571,9855,1
29301,29215,1
22923,22917,1
6172,23466,0
13367,13298,1
15443,2097,0
26055,26493,1
16362,14645,0
3713,5347,0
19256,19289,1
4876,4702,1
1616,24774,0
7931,7691,1
27102,27104,1
6757,30324,0
25474,30868,0
13095,13423,1
24080,24074,1
14914,26606,0
14794,14534,1
8131,4874,0
19179,19437,1
11885,336,0
18732,6290,0
31019,26371,0
14539,6563,0
7573,30739,0
29436,27487,0
21244,31173,0
9514,9541,1
8756,8663,1
26877,26880,1
18157,18297,1
30638,30800,1
1493,22441,0
25562,7958,0
11102,11067,1
7163,3998,0
26849,26887,1
22907,22711,1
26365,22461,0
19049,16659,0
2686,2704,1
20956,14561,0
21053,4794,0
6749,6735,1
24829,12332,0
9435,23412,0
8839,8831,1
8026,3585,0
3391,1473,0
2858,2934,1
30301,30011,1
13632,13566,1
1548,1991,1
17819,7739,0
27659,27954,1
7688,7539,1
9167,9483,1
581,29808,0
6386,6020,1
17511,6776,0
14694,14849,1
23629,23717,1
1255,1428,1
17602,2066,0
19960,19945,1
27104,23092,0
1002,1136,1
5156,5358,1
6589,6694,1
681,17110,0
5960,30861,0
20732,1738,0
25675,21139,0
12350,25860,0
25243,21957,0
24606,1471,0
26629,13759,0
31617,5653,0
30930,12944,0
28899,28599,1
18037,6060,0
8108,8441,1
20601,13288,0
23315,23104,1
17276,2930,0
11470,11213,1
23555,23845,1
1115,1295,1
13567,13690,1
27826,23977,0
9337,9460,1
6691,13838,0
29060,7889,0
8242,27062,0
6908,26356,0
31718,11283,0
22434,19324,0
20131,20200,1
1604,13630,0
17063,19139,0
19788,19738,1
4489,4174,1
23816,25923,0
23301,23424,1
8140,8023,1
6307,21182,0
1868,1576,1
22276,24996,0
17031,17162,1
21800,21682,1
23188,23492,1
4700,26977,0
2577,15855,0
6251,17802,0
851,730,1
27085,27353,1
26075,26349,1
27998,19867,0
16535,16894,1
8956,16595,0
12749,12593,1
4552,4848,1
434,479,1
3217,353,0
8892,8626,1
17008,17291,1
7854,18471,0
28771,5680,0
13668,13656,1
10322,16449,0
3973,9857,0
23872,5966,0
11642,28662,0
13839,21575,0
3707,3941,1
15790,15808,1
8803,1190,0
17663,17894,1
22471,28787,0
16111,16401,1
25545,22010,0
31470,22997,0
6217,6068,1
3975,8221,0
8745,8754,1
24485,31754,0
3593,11198,0
28317,27282,0
12558,12534,1
11390,11165,1
5967,29485,0
14796,14589,1
17046,17262,1
10586,15519,0
7194,850,0
6075,1906,0
30615,30612,1
13282,19596,0
19549,28602,0
14616,14870,1
13989,13919,1
562,344,0
7066,1331,0
19597,19851,1
23870,25655,0
2859,678,0
11502,5595,0
4118,4454,1
13734,13612,1
28540,3341,0
15746,15677,1
27775,20950,0
28130,28135,1
26917,26686,1
26531,26605,1
4793,17552,0
31269,31283,1
29750,3327,0
1680,30598,0
8583,8598,1
27257,26401,0
21749,24391,0
13469,27882,0
24596,24743,1
26635,26579,1
17879,5269,0
23295,23098,1
13569,13880,1
21067,6866,0
23277,20209,0
1003,1194,1
29486,16727,0
13289,9523,0
14919,14895,1
26587,26793,1
1311,1134,1
30012,12810,0
1637,2386,0
31046,31460,1
11015,13900,0
26818,31292,0
847,933,1
22475,22291,1
31167,19187,0
20680,20674,1
23402,19716,0
24484,24334,1
7084,7162,1
12232,12476,1
31472,7530,0
5557,5843,1
29902,1169,0
12281,9881,0
31786,13996,0
25418,25166,1
14522,7961,0
14845,7477,0
3785,3678,1
21747,22630,0
23203,23142,1
31332,31162,1
31278,31221,1
25771,25879,1
30102,3064,0
16748,16082,0
25430,25402,1
18578,18528,1
13825,13911,1
27078,7116,0
14350,14316,1
14629,15772,0
28330,28112,1
26749,26683,1
15487,17989,0
15660,15865,1
3642,2943,0
1621,1725,1
18155,18079,1
20370,20235,1
27713,892,0
5528,28984,0
30602,30549,1
2329,2144,1
15839,29840,0
20896,21008,0
22517,14230,0
18933,18961,1
14792,14998,1
17904,17743,1
26299,30206,0
22745,22826,1
18,21852,0
25586,25887,1
23364,23277,1
18564,18629,1
26969,26501,1
24215,20832,0
7058,7238,1
11871,28083,0
31172,31436,1
2530,2929,1
17257,7183,0
24097,22310,0
29124,31488,0
1134,23519,0
27589,30599,0
23079,4500,0
29119,29270,1
22079,22141,1
24388,2154,0
5759,23035,0
2219,7915,0
2669,29977,0
30381,17468,0
18670,6533,0
22682,26531,0
16314,16172,1
6627,29405,0
17077,16173,0
2192,2448,1
23486,2008,0
2298,2362,1
20885,20984,1
28490,28265,1
2515,7489,0
26883,26928,1
11751,11824,1
10900,10625,1
11145,11003,1
29353,15942,0
12146,6354,0
16408,16053,1
27494,27239,1
4708,13542,0
23342,23480,1
7144,7375,1
14981,2021,0
31448,31440,1
13185,13013,1
22760,22500,1
8138,8413,1
26943,26565,1
29193,29159,1
12197,31634,0
4919,4957,1
9845,12752,0
9463,9314,1
20707,2779,0
18828,25919,0
22268,22230,1
4030,31562,0
5911,23681,0
9225,9214,1
2765,2864,1
24705,24567,1
20737,28773,0
10751,10720,1
27646,24575,0
638,525,1
1716,27091,0
5647,5791,1
6782,6522,1
6484,29092,0
18099,18017,1
17640,12137,0
11468,11490,1
21153,21041,1
15241,15465,1
15164,15236,1
19411,11980,0
10870,8601,0
13027,13401,1
22615,31373,0
12300,12387,1
22515,22676,1
13482,13173,1
27648,27887,1
27197,27075,1
11859,4914,0
9479,9219,1
10991,9940,0
28971,28779,1
11735,11594,1
19821,24765,0
3294,4977,0
10815,23906,0
12067,31245,0
10383,3621,0
15174,15498,1
4464,4326,1
20386,31158,0
9185,25519,0
22982,8078,0
19666,15724,0
29188,30098,0
8194,10634,0
7921,635,0
18043,21847,0
24559,12852,0
5388,19241,0
3346,17919,0
8502,8993,1
11867,11725,1
21343,21062,1
29179,29156,1
28125,28167,1
18610,27853,0
4493,30039,0
26688,9045,0
9072,9401,1
14531,14861,1
1827,1570,1
8837,8501,1
1291,6886,0
29288,4433,0
9580,27509,0
9520,9578,1
27415,27312,1
15515,19091,0
27007,27193,1
25631,26916,0
2183,2416,1
31964,31552,1
28068,2163,0
20412,18144,0
23915,23566,1
4285,4057,1
26069,18316,0
5886,13878,0
6849,6524,1
23074,21035,0
3445,16716,0
813,910,1
1133,4496,0
4020,51,0
7092,7177,1
14984,14679,1
18956,18536,1
12176,23275,0
7161,18817,0
25094,25463,1
19369,19150,1
22856,22704,1
31363,7598,0
18256,18318,1
14562,608,0
22248,22382,1
16373,11674,0
7225,11112,0
8344,8305,1
25878,6480,0
20002,20200,1
12438,10141,0
14589,28159,0
16855,22929,0
24793,28104,0
24587,10863,0
24570,24579,1
6378,6318,1
10873,10784,1
26425,26131,1
2997,5804,0
18010,18135,1
17223,17248,1
5823,5847,1
9274,9104,1
643,503,1
24706,24568,1
18629,18578,1
26539,26606,1
11314,2734,0
26130,21528,0
31853,31802,1
8883,1356,0
6779,6895,1
19950,24607,0
25250,22864,0
21189,19730,0
7298,1239,0
26437,26017,1
31408,31024,1
31394,14986,0
31923,28155,0
9638,9672,1
29167,29263,1
21337,21145,1
19163,12689,0
5324,5257,1
17271,13658,0
30984,30566,1
1762,1903,1
17470,3803,0
24265,21520,0
31262,16618,0
23566,23591,1
20657,20726,1
14287,12598,0
2296,2327,1
17375,17453,1
1384,1073,1
13314,6809,0
23203,23373,1
9819,18408,0
8183,8340,1
11740,31760,0
13843,16842,0
21042,1737,0
29632,18526,0
1912,1966,1
15527,25028,0
29842,29802,1
12894,15783,0
30436,16775,0
23195,11553,0
18394,18291,1
10889,10717,1
21228,18605,0
13363,13091,1
29474,11305,0
19572,10500,0
1033,1221,1
31838,31688,1
10415,2893,0
27848,27948,1
16397,16004,1
30554,1756,0
20311,3515,0
27696,4750,0
4803,23155,0
24805,30290,0
27956,5954,0
5339,1496,0
3302,11513,0
18086,18399,1
7585,7737,1
7715,24436,0
15339,3893,0
17952,17131,0
18546,18961,1
4134,4364,1
6597,6794,1
22696,22892,1
25653,4368,0
4676,4500,1
1941,1850,1
13911,1125,0
30094,24859,0
241,30081,0
2851,2934,1
17323,17351,1
17608,17969,1
20881,8642,0
14853,14931,1
6895,6797,1
26398,26282,1
6297,19881,0
14811,30184,0
15590,15789,1
20781,27278,0
9958,9831,1
417,284,1
31034,31274,1
8860,8900,1
24855,26084,0
11013,19972,0
19804,20364,0
27912,27648,1
26384,16453,0
31086,4251,0
16938,6005,0
24052,12591,0
8564,8536,1
30757,30847,1
12627,12593,1
28035,28343,1
6001,6054,1
18901,2294,0
6577,6999,1
28282,28239,1
579,19014,0
4190,23028,0
19283,16461,0
29322,16579,0
813,761,1
12029,8998,0
14363,23092,0
1170,1498,1
25420,25293,1
13324,13319,1
24935,30902,0
23924,9056,0
22175,22315,1
27478,27308,1
29342,25399,0
22021,5054,0
12640,12917,1
17377,8296,0
13826,13515,1
13744,13658,1
27241,2952,0
23937,27466,0
7809,30817,0
10185,10157,1
31178,31327,1
22565,16388,0
31467,11249,0
12210,13298,0
582,766,1
19428,19140,1
12680,15254,0
16877,8862,0
15865,15661,1
5748,1822,0
690,26520,0
1195,1210,1
13450,30437,0
29955,1480,0
22392,19511,0
13405,8496,0
15224,15327,1
11311,11475,1
15921,15786,1
2971,4774,0
12291,12099,1
10338,3962,0
3042,3337,1
29507,29998,1
18810,30890,0
10931,10661,1
13180,4493,0
4830,4927,1
9077,28923,0
29694,7287,0
23675,20325,0
11737,3215,0
14176,43,0
30331,30458,1
29217,29134,1
288,259,1
16839,16808,1
4610,3745,0
17240,17129,1
31875,5276,0
21681,10155,0
19012,15837,0
4640,26429,0
928,857,1
24822,24610,1
25260,25292,1
27398,30917,0
12004,13454,0
4168,6359,0
10806,10817,1
15750,13119,0
7133,6887,0
9572,24319,0
474,21525,0
23874,23726,1
8156,30229,0
663,9111,0
6104,6017,1
21845,25333,0
23601,23935,1
6200,6093,1
30858,30996,1
16437,16154,1
24517,24614,1
20764,20804,1
16518,25024,0
20908,16708,0
14685,2828,0
29280,11600,0
4496,4193,1
23475,23256,1
6370,6276,1
26176,26067,1
23734,23998,1
3064,3496,1
6851,13722,0
351,431,1
24950,24532,1
6992,23930,0
6837,17633,0
14115,25686,0
8437,8324,1
27536,27741,1
10441,22034,0
20225,30717,0
19516,19777,1
14947,14921,1
26269,27630,0
30538,30822,1
15556,6572,0
30460,30462,1
29127,29109,1
5156,5073,1
20512,21685,0
31632,14101,0
4350,10928,0
24679,24555,1
27924,9267,0
9445,9100,1
3796,3876,1
24296,24478,1
21638,9953,0
10043,28474,0
31403,9578,0
6900,6973,1
15350,15296,1
17895,17904,1
20902,25130,0
30594,20369,0
15851,18564,0
3095,3415,1
2809,2911,1
5793,31341,0
500,553,1
17752,17996,1
25066,10698,0
2603,10160,0
23307,6951,0
143,368,1
27205,27232,1
6090,6243,1
1427,1408,1
18662,18738,1
10616,12719,0
28749,28522,1
16183,16266,1
9959,20911,0
11320,11343,1
1046,26480,0
13330,11400,0
20184,20054,1
16012,16239,1
16243,21258,0
6085,25122,0
5071,5485,1
13819,1538,0
17496,6649,0
2103,2156,1
31842,2425,0
17488,17221,1
22830,22604,1
24171,24138,1
31509,31553,1
22804,12596,0
30339,30475,1
4832,27765,0
18127,18238,1
28017,3607,0
344,122,1
19163,5468,0
13815,13786,1
15163,15080,1
31597,31926,1
65,87,1
28778,4994,0
8270,28201,0
22797,11474,0
14286,19058,0
13270,13071,1
31695,4308,0
21645,17341,0
13908,13702,1
18001,29260,0
31683,2481,0
554,704,1
4706,21651,0
28185,24032,0
16956,8137,0
18068,25699,0
13908,20468,0
26827,25942,0
21332,7137,0
27619,27648,1
15712,15634,1
6681,8776,0
1753,12079,0
7623,19308,0
21388,29820,0
14799,5062,0
20882,28161,0
31691,31891,1
29918,29597,1
1036,7064,0
8390,8476,1
6544,6699,1
6514,8426,0
28636,10906,0
534,29625,0
1777,1636,1
18792,18811,1
23529,23724,1
1663,4847,0
19970,12956,0
17855,12836,0
7546,27302,0
29621,17114,0
22167,22133,1
5071,31886,0
16710,16926,1
9880,9669,1
23234,21710,0
9172,7762,0
17777,17823,1
18544,18983,1
30724,25733,0
15254,15467,1
15775,17435,0
5270,5251,1
26501,26592,1
14662,16559,0
18329,18082,1
9122,8838,0
1525,1986,1
1383,27533,0
6244,6446,1
8765,8634,1
2068,2178,1
27667,27987,1
18868,28946,0
8950,8526,1
15142,15211,1
347,4292,0
27562,4469,0
12791,870,0
21777,31877,0
15775,3368,0
6195,6129,1
17050,17201,1
16436,16333,1
26652,26528,1
18899,18826,1
146,418,1
16784,16775,1
6729,31569,0
19900,21318,0
406,270,1
637,31470,0
14294,14433,1
167,25716,0
16808,6737,0
10511,10786,1
50,214,1
28634,2033,0
24748,4341,0
10684,26358,0
2912,2510,1
9405,20766,0
19135,19444,1
12319,30187,0
8524,8854,1
29487,29058,1
19426,19481,1
12518,374,0
2228,2395,1
13309,17094,0
27147,306,0
27539,12573,0
16573,16758,1
28567,6407,0
14666,28561,0
14772,14697,1
21158,28249,0
16448,7457,0
23937,10506,0
663,28457,0
27918,27641,1
30615,28400,0
30514,572,0
12752,30468,0
18285,229,0
22449,22210,1
18810,31848,0
19966,19949,1
22267,22264,1
29075,21673,0
14495,5000,0
19972,19906,1
30934,11207,0
4438,30071,0
5287,22875,0
2990,2843,1
13830,23656,0
2951,21273,0
28552,28815,1
12722,12894,1
27991,5689,0
14976,14613,1
2370,2334,1
13977,30537,0
9238,9348,1
28994,30576,0
30965,30534,1
26524,11157,0
30452,30092,1
5926,5805,1
16283,9929,0
23760,23960,1
28853,21697,0
12304,8452,0
30435,13273,0
16024,8324,0
5246,28308,0
24144,11225,0
2799,19674,0
8885,14173,0
29039,15099,0
22486,13731,0
10316,14093,0
28292,22473,0
8242,8009,1
7553,7975,1
12750,11789,0
5750,5582,1
23813,23639,1
13168,2945,0
5212,5022,1
18384,18012,1
27928,27528,1
13657,11637,0
27859,27718,1
27506,23991,0
1550,1660,1
8735,9061,0
19524,4369,0
18226,5717,0
6891,27497,0
22847,22539,1
1257,31982,0
7616,7724,1
24170,24241,1
22755,22735,1
14859,14808,1
28057,28261,1
24809,24543,1
15855,15909,1
19278,19350,1
11217,15631,0
11703,11919,1
3822,4572,0
22631,6702,0
28306,10864,0
31838,8775,0
11233,20272,0
9244,9484,1
21068,2349,0
30029,921,0
10137,465,0
13794,26456,0
23038,23255,1
5559,23394,0
28268,20264,0
24006,26191,0
9028,17040,0
20198,20492,1
30362,3664,0
14307,14056,1
22158,25673,0
23597,23865,1
10505,10572,1
28196,28415,1
23944,23813,1
29140,9971,0
25467,11661,0
17615,17775,1
23629,14392,0
26565,26809,1
31817,31815,1
31350,31224,1
4968,11836,0
22277,17838,0
23315,31406,0
13409,13315,1
9133,9382,1
6750,6017,0
28991,28878,1
26064,26229,1
26593,12349,0
13194,13434,1
21044,5496,0
5047,5410,1
24563,9041,0
23185,23468,1
3661,3894,1
12297,2019,0
9921,2586,0
332,117,1
7473,4845,0
6422,6106,1
5487,30210,0
8360,8310,1
15354,15035,1
19634,15987,0
16659,22450,0
18096,12895,0
21099,21158,1
19614,19845,1
23931,23652,1
7569,26323,0
24416,24281,1
8138,5181,0
10504,16067,0
24612,24759,1
28972,28966,1
1765,1808,1
9947,9704,1
22368,22133,1
13440,13217,1
21793,11879,0
25314,27718,0
23456,23485,1
20703,29593,0
1794,5431,0
29182,29079,1
7092,7398,1
5658,30375,0
20800,20967,1
6561,6971,1
26724,18318,0
21686,20685,0
11089,11072,1
10616,10741,1
28801,19522,0
15925,15978,1
20527,20732,1
24156,28733,0
1287,21608,0
31244,17677,0
22831,22559,1
16102,18779,0
10288,15204,0
22917,8171,0
25623,25595,1
10135,10339,1
31240,18978,0
16839,16882,1
8344,11106,0
9098,19260,0
22330,22415,1
26582,30428,0
21559,22174,0
21155,21489,1
24101,27903,0
3695,3698,1
25266,25478,1
18650,18610,1
22159,22066,1
15213,4295,0
23192,28332,0
5510,5591,1
23672,23995,1
3078,3453,1
25400,25420,1
21606,21787,1
23641,23980,1
19559,19593,1
29069,29433,1
29870,29611,1
30888,30788,1
20386,24246,0
15448,4051,0
5491,10376,0
19656,5679,0
22743,22899,1
7441,29752,0
8239,29967,0
2947,9516,0
28344,28063,1
13217,13254,1
19411,19244,1
25633,23176,0
18670,10063,0
18490,18489,1
22089,22262,1
8274,10850,0
16093,22633,0
7977,20009,0
22719,10301,0
10611,28581,0
31426,26869,0
15571,7384,0
16281,24662,0
28152,28271,1
10894,1682,0
22696,22598,1
12713,12750,1
18249,4886,0
21087,3366,0
22233,22432,1
1431,11557,0
14821,14982,1
4641,4598,1
20356,20021,1
16528,16863,1
21903,13897,0
11715,11567,1
20682,20961,1
14696,11599,0
24593,24713,1
24413,23952,0
2598,10442,0
22135,22269,1
1322,1287,1
20310,20287,1
11298,11434,1
14415,30008,0
8884,8507,1
16216,16332,1
27544,27808,1
28001,28106,1
11651,4885,0
11058,18418,0
16428,11795,0
16294,16402,1
3571,3683,1
22997,22916,1
13073,13327,1
18359,7606,0
4542,4637,1
7213,7298,1
12244,5417,0
7205,7417,1
19289,19371,1
4941,4561,1
27476,17181,0
27689,27940,1
21013,21289,1
30400,8398,0
18138,18249,1
14981,23351,0
9652,24353,0
15444,28231,0
31442,10376,0
18837,19717,0
14645,28483,0
30580,30586,1
1205,25701,0
6905,6916,1
30063,30334,1
5605,12713,0
28828,7498,0
25397,27971,0
31815,31753,1
24852,17150,0
7595,22522,0
7104,7409,1
5841,5747,1
7035,27822,0
28749,28500,1
31644,31624,1
7517,27891,0
10262,10143,1
13601,13726,1
14490,15620,0
23093,22538,0
23976,23538,1
27277,27258,1
8225,11840,0
2949,2868,1
13967,13921,1
13605,13642,1
18213,18355,1
27098,10990,0
24839,5368,0
7351,7214,1
1713,1699,1
23751,7149,0
29566,26233,0
10442,10078,1
4695,14427,0
27735,27685,1
14253,4263,0
21463,21370,1
1899,8300,0
2365,31418,0
10113,26448,0
14425,27631,0
23028,23255,1
29111,1886,0
13442,23214,0
28886,11693,0
20182,16301,0
7967,2586,0
29147,29173,1
7265,5882,0
15599,15658,1
12798,22835,0
29931,29699,1
31229,8207,0
1609,25152,0
19521,19680,1
15052,31853,0
2147,2055,1
29030,29134,1
4061,19186,0
22649,22892,1
9866,9716,1
31837,29585,0
17360,2029,0
6799,28283,0
26475,26261,1
31636,21676,0
29834,7292,0
16807,16633,1
891,17360,0
10109,10307,1
10986,10867,1
14478,14277,1
15484,19960,0
23072,23040,1
22083,22498,1
5775,12497,0
22377,22337,1
25529,25951,1
19857,12503,0
31435,31253,1
27794,24190,0
5257,5055,1
27300,1530,0
29081,29051,1
18128,18098,1
23288,23140,1
28606,28611,1
7866,7897,1
5475,5049,1
13877,13943,1
27685,2830,0
20128,11913,0
30754,9412,0
21858,21648,1
19031,18233,0
2246,2009,1
30978,26353,0
28969,10033,0
9427,31333,0
30193,20966,0
19757,19852,1
20419,20110,1
3462,3281,1
14228,14182,1
23761,28252,0
4371,11440,0
19131,18359,0
30653,30504,1
20195,20131,1
23739,23609,1
22957,4794,0
2003,11455,0
17610,3514,0
11565,11928,1
3722,3839,1
2430,17168,0
2573,4745,0
8143,29986,0
14279,14251,1
12145,9558,0
13948,13545,1
27038,27075,1
8232,8324,1
19523,16890,0
14000,14003,1
16823,16887,1
15672,13872,0
31803,31945,1
21486,14671,0
11958,11556,1
4798,4412,0
11855,11800,1
20953,20860,1
947,19949,0
16548,16860,1
501,4452,0
31472,18319,0
18923,18596,1
12325,14930,0
24538,24753,1
14064,22004,0
3706,13838,0
22315,22495,1
4961,4635,1
3046,3416,1
25510,1672,0
4044,4198,1
25438,20983,0
19052,19256,1
13385,13381,1
25693,25812,1
9801,9968,1
24534,24637,1
7596,10597,0
24669,3076,0
19907,4158,0
2576,2622,1
26693,26739,1
8589,9360,0
15717,12226,0
22728,22718,1
18485,12418,0
25177,25376,1
4320,23445,0
2138,5531,0
6558,22342,0
7785,7891,1
1616,10853,0
4967,2042,0
22808,10677,0
2987,15601,0
21229,21277,1
23033,14637,0
19427,19351,1
4674,4809,1
11608,11108,0
18377,9617,0
27854,31472,0
8106,8104,1
31924,7251,0
23565,25019,0
16000,16327,1
26396,26090,1
1394,1262,1
30555,30803,1
20382,20283,1
22643,16484,0
21692,22121,0
1232,12094,0
8483,8216,1
7545,17219,0
18924,18608,1
7579,7767,1
25181,25131,1
9845,9689,1
3650,9748,0
25076,19174,0
19748,19657,1
21874,27533,0
13444,13453,1
9427,9436,1
26506,7124,0
8117,8248,1
16199,16095,1
17286,16635,0
3352,22859,0
6681,6899,1
10392,10398,1
12033,24273,0
5831,4617,0
14060,14451,1
6689,6594,1
24744,11617,0
15121,15486,1
30488,1566,0
5359,2279,0
1915,29517,0
22339,3859,0
25765,25899,1
29916,30567,0
17945,17739,1
16631,16663,1
1911,1651,1
26521,26785,1
5662,29747,0
29928,29813,1
28109,11501,0
11197,1557,0
16251,16224,1
29400,24836,0
23612,23826,1
3494,3155,1
29921,20419,0
25007,24593,0
5219,4464,0
26583,17776,0
14711,14882,1
5945,5652,1
27074,13605,0
20859,20747,1
23707,6154,0
19931,19689,1
24058,20278,0
26261,26015,1
1838,8565,0
18534,18698,1
2170,30911,0
9316,3153,0
7850,18523,0
7511,6361,0
1468,11500,0
788,26985,0
22504,3878,0
2317,29659,0
19458,19283,1
19475,19403,1
25343,1870,0
28800,19530,0
3193,28437,0
15794,15761,1
24360,20068,0
28491,28345,1
11385,11217,1
27944,27632,1
26920,26688,1
10786,21051,0
6261,6100,1
2749,2558,1
14396,31017,0
7988,7525,1
20731,20882,1
1283,1138,1
24370,22846,0
2405,8973,0
17901,15388,0
13309,4270,0
30498,15449,0
13692,13892,1
24407,6094,0
21538,21783,1
14704,8106,0
19723,10338,0
20441,20003,1
31654,31814,1
15179,15471,1
20375,20440,1
13922,13911,1
5041,1336,0
22479,22013,1
31217,31390,1
20932,23768,0
26085,26257,1
21577,28178,0
18901,8306,0
5039,5053,1
19095,19256,1
1754,5814,0
22473,11265,0
13030,10967,0
9945,9722,1
19413,19069,1
30542,24520,0
15555,14683,0
20230,20259,1
9650,9898,1
2767,2578,1
17331,17494,1
12634,12875,1
1867,12473,0
22748,22650,1
27585,27804,1
6025,6148,1
13367,13356,1
21762,30913,0
28092,23123,0
181,5935,0
7930,7744,1
19145,655,0
4611,10825,0
14755,14731,1
31663,16606,0
13496,13325,1
13802,13964,1
18984,5030,0
18002,18156,1
7755,16454,0
15132,15321,1
24216,15266,0
10974,10528,1
11831,13731,0
22101,12180,0
22090,22061,1
10869,10886,1
12667,12559,1
31320,7271,0
5818,5996,1
1576,27952,0
5694,5347,0
23902,6295,0
5674,5879,1
7380,3120,0
9661,6207,0
24426,24293,1
1427,1396,1
29882,29614,1
17751,17746,1
16764,16660,1
22782,16999,0
27521,17604,0
31315,11498,0
25694,25578,1
19424,19416,1
9416,21253,0
4023,4145,1
29138,29101,1
8749,8651,1
23169,23130,1
17902,17542,1
26758,26879,1
15569,21444,0
10757,10558,1
23785,23634,1
21030,4225,0
20324,20301,1
31391,24117,0
9890,25408,0
21080,29018,0
17673,24380,0
20138,20435,1
31580,1853,0
13501,13877,1
1057,1144,1
10255,10397,1
3708,3839,1
13587,7202,0
4150,9105,0
24728,24609,1
17765,4563,0
11821,14643,0
21721,21670,1
24898,24598,1
11873,11922,1
11898,11737,1
1807,1830,1
17193,17165,1
235,319,1
608,12422,0
31482,31373,1
20010,4566,0
29418,21266,0
8417,19544,0
8906,16581,0
22825,22594,1
29592,17800,0
26877,26615,1
6729,17956,0
8027,8269,1
28767,28941,1
26185,26040,1
18610,26454,0
10787,30199,0
27317,27301,1
26487,7820,0
3202,3237,1
19544,19584,1
25750,24048,0
2674,1302,0
11159,11468,1
24666,24784,1
196,488,1
8370,10729,0
30808,21480,0
10588,9873,0
16174,16395,1
8474,23401,0
2254,2102,1
15293,17719,0
28882,31091,0
1859,1819,1
29563,25183,0
28943,20076,0
22613,22857,1
9642,9811,1
7242,7468,1
16613,23009,0
12149,12388,1
19238,8307,0
11534,11744,1
5343,18001,0
25729,25699,1
3839,3943,1
26116,26084,1
28193,14226,0
21833,21572,1
25716,25894,1
30641,30834,1
26335,26221,1
6830,19705,0
5191,5351,1
9391,12131,0
30159,30205,1
10068,10322,1
5146,5028,1
22168,10355,0
20757,9462,0
29838,17896,0
6013,6305,1
20776,16765,0
23802,23784,1
4029,4351,1
6948,6502,1
23886,23801,1
28090,28260,1
24694,24510,1
991,521,1
8013,8154,1
20877,16687,0
7097,7009,1
1004,1057,1
8321,25984,0
2448,17096,0
312,306,1
31099,13577,0
23285,18390,0
17698,17815,1
14369,19234,0
12996,17332,0
11567,11633,1
9824,8832,0
7949,7771,1
3862,3677,1
10736,10616,1
1388,1243,1
8628,8991,1
27012,27467,1
1299,1046,1
31197,5799,0
15139,15258,1
10620,20799,0
29089,6074,0
4039,4079,1
20832,20982,1
14270,3495,0
15603,29645,0
29319,25798,0
21465,10028,0
8633,8588,1
29111,1759,0
7904,7815,1
8413,13149,0
23678,23782,1
20622,7143,0
20459,20363,1
31672,3914,0
15637,22630,0
23316,23296,1
3011,19176,0
4085,4260,1
10841,6359,0
2553,2688,1
13530,13952,1
10998,28060,0
13238,23731,0
26777,15412,0
21933,21783,1
26041,26047,1
28519,28529,1
7706,7968,1
19283,19341,1
19593,28936,0
7292,7483,1
8852,16634,0
8677,8501,1
14698,26546,0
18213,18036,1
14830,13301,0
12102,12336,1
5421,4567,0
13362,13083,1
16735,16757,1
19582,8860,0
5754,15042,0
20357,20112,1
14287,29254,0
5431,28665,0
14048,1303,0
19879,9287,0
19728,19885,1
1198,1314,1
23706,2138,0
12791,16357,0
15417,16599,0
5943,5584,1
10677,17930,0
1090,1498,1
2652,6972,0
6092,6465,1
2928,16211,0
31170,31323,1
23259,5614,0
11110,11365,1
8825,8981,1
10309,10165,1
28449,29240,0
14773,14615,1
9930,27759,0
26142,26135,1
26172,26121,1
23941,4557,0
16671,21263,0
8428,8305,1
7510,8281,0
17899,17538,1
13013,13010,1
18193,20538,0
4645,4919,1
4540,4807,1
13822,31741,0
25336,364,0
3042,4804,0
12047,12463,1
21288,29457,0
2810,19488,0
29927,27800,0
30523,30524,1
2816,18371,0
15576,15289,0
8976,8920,1
12836,20801,0
9467,9323,1
19726,18477,0
10687,10523,1
10321,22746,0
26324,26119,1
16469,16107,1
18549,7337,0
23688,6051,0
1560,27960,0
31667,31937,1
16148,16167,1
1275,1336,1
2685,25474,0
17299,17271,1
6492,2018,0
14160,14245,1
11979,26090,0
28952,28576,1
25947,25832,1
24792,2325,0
25133,25159,1
26896,26946,1
30650,30899,1
15574,25101,0
26309,26390,1
8566,8839,1
16270,13241,0
1395,12167,0
12577,12710,1
7696,7730,1
3878,11534,0
24862,24716,1
26853,5740,0
23718,22236,0
31598,31808,1
24861,24742,1
16133,16437,1
5845,12086,0
6064,29148,0
30146,30272,1
15076,3425,0
29088,29304,1
28947,26734,0
25504,16630,0
21335,21045,1
29629,29686,1
18131,18316,1
5681,5783,1
18723,25872,0
27475,3175,0
28946,28714,1
6524,1353,0
24492,24413,1
17150,15637,0
16630,7273,0
21456,21265,1
11328,11160,1
16678,19133,0
575,27815,0
6038,6416,1
22253,10341,0
16890,16974,1
12522,12905,1
23921,23896,1
300,332,1
22486,16900,0
21986,26538,0
3286,3420,1
11798,11531,1
21074,19012,0
5745,16984,0
27292,27377,1
10998,10896,1
19584,10114,0
9779,9656,1
10528,10978,1
6935,12850,0
28733,28923,1
5685,871,0
24960,18584,0
12016,12197,1
18244,18426,1
26767,26707,1
26536,26933,1
12422,12224,1
31374,31049,1
28420,12338,0
30038,9565,0
23830,18648,0
931,714,1
14426,14355,1
10944,21545,0
21000,15311,0
13006,29092,0
26176,26239,1
14380,342,0
30614,30771,1
16903,16629,1
18423,18001,1
4310,4335,1
25799,11758,0
21785,21980,1
249,13593,0
3442,6509,0
18199,2270,0
14681,17207,0
5628,2614,0
12712,1575,0
30352,30248,1
370,8286,0
7423,1536,0
17605,17638,1
16163,16174,1
2304,2171,1
4473,16972,0
3207,6648,0
6094,6257,1
31660,4225,0
24057,24180,1
21006,21138,1
29391,5921,0
4893,4754,1
13806,13605,1
12335,30106,0
5352,5425,1
6065,14457,0
26427,26409,1
19789,19731,1
3841,8432,0
30840,30825,1
6378,6434,1
12033,12284,1
347,2080,0
19214,30494,0
16363,16065,1
31811,31933,1
27208,7726,0
18735,29188,0
26285,26082,1
4912,4985,1
3891,3985,1
6754,6601,1
4306,4247,1
16557,16518,1
14023,14143,1
30665,30524,1
12478,12448,1
768,15436,0
2606,2598,1
30047,3668,0
31605,31570,1
25775,18748,0
9264,30056,0
22716,22658,1
14440,14346,1
25456,9287,0
18012,18466,1
15340,1054,0
6614,6675,1
4790,7396,0
28772,6908,0
19966,2602,0
15005,16794,0
14215,27835,0
26241,28355,0
30387,17454,0
24550,23549,0
21761,21511,1
22196,22438,1
28446,0,0
5816,16024,0
7562,7794,1
16636,7613,0
22267,22225,1
26864,26752,1
25941,22966,0
19816,19979,1
7218,28977,0
1722,28665,0
19779,23409,0
4343,8668,0
31128,28211,0
27353,27381,1
15469,14227,0
10464,30758,0
4044,30928,0
13894,31456,0
9985,9740,1
11567,11724,1
5344,5290,1
21381,18105,0
24818,24894,1
24245,17709,0
30592,18066,0
8295,8220,1
17827,17905,1
14984,14918,1
13776,5473,0
3659,22367,0
11955,11687,1
31052,31446,1
30862,30750,1
17468,17427,1
16184,16492,1
2540,26935,0
23253,10973,0
18925,18854,1
2563,2702,1
12295,12370,1
22049,7161,0
15816,15578,1
22918,27853,0
7594,7662,1
12921,12915,1
24766,10211,0
7495,7181,1
20044,20301,1
10950,10045,0
12445,27010,0
23351,14248,0
31349,31481,1
21867,18521,0
1882,1720,1
19358,30502,0
12894,12920,1
15864,27667,0
23442,23055,1
3495,3470,1
30836,30956,1
26518,4546,0
10780,6612,0
25587,940,0
18883,18602,1
8062,8170,1
25168,25345,1
25391,22760,0
22321,164,0
13338,26534,0
23005,13572,0
2682,2625,1
12766,12881,1
22477,14277,0
17602,5127,0
8580,8823,1
12256,12061,1
12133,12265,1
14881,20768,0
28665,28938,1
15799,13850,0
30322,29239,0
22707,22927,1
16549,16470,0
25388,25018,1
11113,19916,0
5181,22377,0
19175,19198,1
16914,16885,1
14641,4487,0
17396,3640,0
28959,28581,1
8243,8356,1
14223,9775,0
11739,25410,0
293,317,1
10679,10815,1
29699,29936,1
11744,4764,0
18566,18699,1
8618,8710,1
17845,7073,0
23859,23554,1
14372,14038,1
26438,26442,1
6179,28385,0
4593,4850,1
16390,16448,1
20240,20455,1
11384,17411,0
19410,19441,1
15638,22026,0
7594,26340,0
6868,27389,0
15780,15579,1
3031,19636,0
13349,5603,0
18757,18970,1
28330,28270,1
4799,4959,1
20465,20159,1
8845,14346,0
16534,16996,1
14737,14546,1
15898,7478,0
26973,18295,0
28889,28703,1
30809,30617,1
24977,24764,1
7216,29984,0
8665,8941,1
14618,1434,0
29812,25252,0
25100,25001,1
14110,14190,1
26289,25213,0
18915,18681,1
21037,16858,0
20133,15865,0
16965,18741,0
2870,5905,0
3797,3650,1
12044,12298,1
29627,29501,1
13961,2799,0
31035,31488,1
9338,9266,1
1199,1344,1
24748,25682,0
13666,13911,1
30698,23568,0
1143,21152,0
6890,6618,1
23871,1328,0
23174,5694,0
2251,29076,0
27285,27489,1
9913,29686,0
28210,28389,1
9500,9829,1
28674,24073,0
17413,17146,1
24562,24607,1
20025,20278,1
27715,26363,0
5253,24757,0
28662,4987,0
793,645,1
17007,15859,0
22556,15104,0
13956,24998,0
30368,30208,1
7069,11422,0
13490,19353,0
14800,24652,0
28259,28012,1
3771,6309,0
24267,20839,0
3728,5203,0
19902,19909,1
8088,16949,0
3275,28945,0
23810,23827,1
5798,5552,1
7433,7368,1
7399,1796,0
9016,9159,1
16117,13433,0
31519,31915,1
3632,6529,0
4184,4209,1
23934,7545,0
29633,29516,1
26778,24272,0
27605,27603,1
24911,24818,1
28475,21064,0
6764,8027,0
13162,13357,1
16526,31028,0
2328,25050,0
22551,17370,0
13854,13993,1
31892,23947,0
12415,12478,1
14262,5277,0
20976,16595,0
4619,13296,0
9989,9614,1
14086,14497,1
26555,26543,1
27409,27093,1
21544,29387,0
21802,21811,1
10133,10165,1
28525,24701,0
5509,14931,0
23166,23323,1
18969,18791,1
4400,4065,1
7975,5111,0
30006,30076,1
31223,25632,0
14188,14490,1
16140,31786,0
8516,8560,1
10257,10390,1
21620,21795,1
4905,12475,0
26799,26534,1
21376,15888,0
18615,18618,1
12280,12155,1
8059,8387,1
1582,7668,0
7660,1015,0
4372,4024,1
14445,11855,0
19464,19282,1
15960,31099,0
12178,12149,1
3257,3312,1
17172,17078,1
28984,28950,1
17423,17072,1
27496,27215,1
28469,6120,0
7460,17183,0
23722,14241,0
4184,4403,1
30840,4681,0
23323,23361,1
13720,27890,0
12132,12015,1
26052,26415,1
13151,13455,1
4203,2103,0
4266,4389,1
11159,25145,0
17980,17814,1
24864,14327,0
11751,25289,0
17309,16740,0
8031,3948,0
21110,20475,0
6242,6453,1
25997,25752,1
9787,17232,0
9676,7076,0
8781,15701,0
6921,20405,0
7125,27523,0
30020,30259,1
4960,4687,1
7004,26955,0
20474,30532,0
26145,26299,1
8683,16457,0
23877,6482,0
27689,27788,1
26228,6363,0
22256,22454,1
13120,13259,1
11468,6410,0
25833,29829,0
2645,22079,0
15176,26290,0
17457,29694,0
18171,18924,0
7997,15928,0
12233,12331,1
19286,19144,1
7130,30371,0
10260,10057,1
28552,18960,0
18018,18327,1
3151,3438,1
5777,5635,1
22004,22386,1
26835,249,0
5806,5651,1
31395,16624,0
20220,20459,1
12078,1139,0
8390,8070,1
27074,3877,0
19539,19877,1
7393,30684,0
13734,9290,0
16801,16864,1
24897,24881,1
26054,303,0
10814,7586,0
10356,21765,0
5234,6530,0
17647,17562,1
3422,11853,0
27131,27012,1
17440,17304,1
26862,3170,0
10281,6151,0
13662,13537,1
2606,23324,0
23704,23854,1
21625,21554,1
20484,20294,1
1749,4036,0
1121,10932,0
12043,12336,1
18544,20138,0
18609,18997,1
8900,8578,1
20300,2298,0
10570,10752,1
23362,11755,0
125,451,1
19060,6425,0
12679,28664,0
12011,12020,1
22418,31522,0
20001,22284,0
10635,9467,0
17254,17293,1
13130,13236,1
14606,14595,1
22603,22880,1
3032,3323,1
19200,19434,1
23843,23986,1
3189,3161,1
8931,8802,1
14178,8375,0
5298,5300,1
2937,2515,1
3806,25771,0
9559,9606,1
18073,18175,1
10557,10567,1
11984,11546,1
14263,23561,0
22034,18798,0
22287,25830,0
28777,28665,1
19956,9365,0
11744,11876,1
29059,29061,1
2624,2859,1
8830,8660,1
24321,22184,0
9527,9617,1
22541,9020,0
13496,2983,0
13348,13028,1
18573,8213,0
12827,12609,1
16868,16589,1
2307,20546,0
17886,17601,1
12297,12061,1
5923,5260,0
13273,13143,1
22763,22691,1
28526,23627,0
26684,12728,0
1562,16669,0
2418,2117,1
6690,6644,1
17430,17449,1
31651,30893,0
27699,27796,1
320,375,1
19598,17914,0
23695,30322,0
6532,6681,1
6097,6066,1
25690,25739,1
19893,19663,1
8500,8647,1
28494,19268,0
9062,9008,1
28944,28624,1
29086,29084,1
30938,24981,0
11431,11302,1
7435,18206,0
16216,25399,0
12937,10969,0
15916,15529,1
29029,29107,1
8640,17963,0
29926,29782,1
5435,5095,1
2959,12230,0
21030,6904,0
151,12872,0
18882,18595,1
30781,29014,0
18374,181,0
25237,9073,0
27306,6897,0
27154,25309,0
26957,26743,1
11740,187,0
6851,22040,0
6579,10313,0
2867,10988,0
27939,22713,0
24843,19529,0
535,26079,0
23947,23825,1
11259,11076,1
16520,16903,1
30759,31320,0
15285,30125,0
11247,5998,0
3213,3202,1
20266,20167,1
22545,6276,0
27733,5915,0
3005,20344,0
24604,24998,1
15219,15253,1
5993,5700,1
8979,22986,0
18692,18895,1
22892,22918,1
20942,20997,1
9484,6344,0
20530,20634,1
18011,18346,1
27337,27075,1
13977,2669,0
24373,24021,1
22927,22840,1
31328,31312,1
3866,3616,1
23899,13234,0
21903,21715,1
14138,14475,1
10725,10679,1
15559,13051,0
20401,28082,0
8189,8282,1
14988,14513,1
15748,30847,0
28383,28490,1
10895,7490,0
6893,9210,0
18853,18511,1
14639,14997,1
8291,15793,0
14259,14468,1
11370,11430,1
2851,7226,0
4014,4250,1
28303,1463,0
20104,20299,1
17873,17831,1
248,26682,0
7483,6198,0
14889,14856,1
27855,27788,1
11122,30274,0
9107,1226,0
21283,6338,0
22871,22759,1
22669,13118,0
28377,28062,1
11672,19875,0
1189,23777,0
25863,2068,0
14393,19918,0
1395,31209,0
2856,2970,1
26994,26774,1
14487,26491,0
1567,1507,1
18535,26285,0
11035,2244,0
11949,16083,0
4861,4852,1
27990,27831,1
15660,14008,0
1195,1270,1
4060,4016,1
1605,1795,1
23693,23580,1
10118,10098,1
2213,6811,0
2711,28494,0
20623,20829,1
30895,5409,0
13157,1941,0
21492,21322,1
16429,16348,1
16232,16166,1
22716,22886,1
9605,9855,1
13652,13610,1
17553,17846,1
17703,10108,0
1411,1174,1
5917,21823,0
18713,18534,1
22476,23344,0
20278,22554,0
12650,12791,1
1731,14178,0
4322,4378,1
10579,10666,1
22353,22334,1
30498,22087,0
26261,14239,0
7396,7420,1
23593,23701,1
26104,11088,0
5553,5993,1
2131,2005,1
10318,10106,1
22876,22769,1
23744,26433,0
1006,1081,1
965,11901,0
13763,28763,0
9064,9353,1
2299,2115,1
30628,30744,1
14262,14228,1
12001,12326,1
12164,12309,1
6426,26981,0
26861,26734,1
30624,30772,1
18839,31858,0
16335,16405,1
31009,6849,0
30121,30254,1
24431,17017,0
6845,11379,0
23376,4022,0
11432,16017,0
3837,3691,1
31441,31130,1
7123,2095,0
10414,6729,0
2225,25750,0
6976,6614,1
2782,27035,0
30606,18587,0
673,1746,0
25359,25207,1
14586,14541,1
15304,10563,0
15979,16687,0
7885,7606,1
2908,3157,0
28703,10533,0
30057,30114,1
9658,3751,0
2881,2891,1
16854,1949,0
16641,16608,1
22896,22789,1
14357,24292,0
26160,26138,1
3176,5260,0
2334,2179,1
14961,8348,0
29704,29743,1
20763,20719,1
2420,1903,0
28134,28097,1
5867,5932,1
24183,24488,1
10602,10880,1
3104,3270,1
23134,23150,1
1691,1571,1
470,13146,0
31244,31017,1
14669,14601,1
24711,30732,0
1033,1147,1
3094,17186,0
25448,4646,0
7944,28207,0
24576,24929,1
16627,16674,1
11432,11237,1
9687,9700,1
23848,31488,0
19559,9571,0
14310,14367,1
26255,26481,1
22147,22056,1
31325,31352,1
10013,10060,1
26542,26667,1
6140,6168,1
29890,29862,1
2339,21880,0
15876,28112,0
9641,1684,0
28047,22072,0
18866,8508,0
7620,7672,1
27422,27005,1
5528,21483,0
29483,12859,0
2959,2584,1
10307,10465,1
53,29263,0
24745,24611,1
21936,21691,1
19127,20666,0
1853,1518,1
27550,15927,0
4721,4807,1
21033,21477,1
26510,26507,1
27929,27799,1
11579,14226,0
13763,10096,0
1006,26148,0
31738,29263,0
22509,2950,0
16989,16850,1
7733,7568,1
25371,25142,1
599,3398,0
5514,14881,0
27428,26130,0
26595,26788,1
3264,3003,1
29160,29526,0
11746,28764,0
10508,1295,0
19501,8128,0
31047,8241,0
15802,913,0
15924,23924,0
1103,1267,1
2390,4642,0
24068,5372,0
4730,19397,0
26806,8949,0
16601,28643,0
16033,841,0
25878,8388,0
19203,1887,0
22903,9513,0
3470,3184,1
23344,26113,0
28090,19920,0
22153,22474,1
15011,30123,0
1411,4567,0
25582,7313,0
1958,1653,1
22511,29830,0
30991,30840,1
3525,3799,1
7196,26956,0
20719,20904,1
778,19817,0
30825,18906,0
26757,26616,1
25763,25771,1
11435,11104,1
31582,9130,0
20215,24749,0
31938,31661,1
26967,26590,1
17783,12329,0
25833,25527,1
18375,18310,1
5621,30151,0
18648,18793,1
15683,15800,1
13434,13375,1
24247,12015,0
7793,7977,1
31994,17404,0
8946,8628,1
20531,20913,1
14143,8319,0
18807,30789,0
7995,7542,1
31453,4154,0
7213,7227,1
29981,16455,0
9179,9057,1
26184,24798,0
30909,30523,1
23678,27117,0
29492,16335,0
17012,16915,0
25292,25219,1
27130,27156,1
15552,15888,1
13505,17161,0
22799,22579,1
16812,16747,1
9840,9605,1
4633,4799,1
22832,22903,1
25810,24295,0
22598,22546,1
14468,29079,0
1405,1385,1
2975,26904,0
10605,20090,0
3240,27780,0
8915,5181,0
9142,9441,1
11647,11677,1
23397,23317,1
12469,22543,0
12997,27556,0
2941,17515,0
9682,15673,0
10128,14911,0
4397,25189,0
987,29812,0
11194,19197,0
12151,12116,1
17936,5579,0
15811,6041,0
12871,12797,1
2207,6029,0
10330,10214,1
3303,3168,1
6296,6322,1
2831,5232,0
22564,22504,1
3455,3347,1
3,14883,0
24733,13801,0
7576,7695,1
27072,27242,1
19419,23957,0
7465,5890,0
5539,5882,1
16770,26823,0
2405,2273,1
23606,23655,1
18020,21301,0
27914,27910,1
3367,3728,0
1484,1413,1
9829,16152,0
15215,5441,0
6949,27497,0
1392,1086,1
18996,20755,0
15317,28338,0
4586,11012,0
16730,16988,1
28877,27094,0
5770,5809,1
14049,3176,0
23117,28581,0
15305,26583,0
19974,27684,0
25508,25567,1
18947,27684,0
30053,30340,1
4372,7412,0
1599,27176,0
29221,11042,0
15470,17969,0
15077,13577,0
23317,23183,1
21625,19887,0
16035,4961,0
11453,3923,0
1550,4831,0
13404,10830,0
1168,1313,1
25401,25363,1
6697,10178,0
410,24803,0
20318,20254,1
6586,26431,0
18341,18194,1
11257,26280,0
16437,16292,1
21231,21251,1
31342,31382,1
23611,23520,1
29603,31618,0
20383,20000,1
20208,17738,0
18624,18692,1
2039,2165,1
13053,13267,1
27618,17259,0
29391,29138,1
20530,28488,0
11791,15183,0
10016,18827,0
505,966,1
5637,5847,1
27489,27173,1
15323,26104,0
27797,27855,1
17487,17433,1
31171,8090,0
1754,10124,0
2387,4155,0
13347,28766,0
5371,18354,0
24336,24462,1
3882,3875,1
3364,3386,1
23335,22841,0
2785,2531,1
20396,20217,1
22477,15110,0
20941,20641,1
19376,4976,0
19285,19421,1
26947,3052,0
22400,22206,1
17079,17342,1
21661,21918,1
16737,16603,1
14972,14661,1
10698,10526,1
12537,31222,0
3296,24098,0
29141,29004,1
2648,3207,0
10792,10886,1
21019,21421,1
23746,23828,1
12500,11281,0
6764,26189,0
8885,2465,0
20760,5963,0
20551,23791,0
11259,11467,1
12936,14683,0
24977,24789,1
229,315,1
26751,26746,1
6424,17627,0
30502,30786,1
20502,20511,1
14492,14184,1
5077,28100,0
22017,22143,1
7408,26164,0
61,21808,0
30932,16988,0
18324,18181,1
13894,15602,0
21285,21339,1
5164,5311,1
27648,31424,0
18944,13615,0
11357,14494,0
13179,13377,1
20027,18084,0
3988,3536,1
21180,21273,1
23899,23622,1
15993,15889,1
6566,26313,0
8324,26202,0
20902,29265,0
7224,7117,1
22408,13465,0
29760,29882,1
22938,1403,0
2010,9447,0
20498,20387,1
25338,22920,0
17974,17568,1
26290,10853,0
13243,16341,0
15509,19274,0
19686,8101,0
16091,16024,1
15244,30570,0
1580,10202,0
25086,25156,1
27856,15015,0
22516,22806,1
24924,24693,1
5312,5445,1
9768,8756,0
24628,24746,1
14162,3402,0
21606,21916,1
5508,5530,1
29586,7335,0
18359,759,0
1558,6242,0
3726,3760,1
16869,16568,1
6600,21956,0
29093,29083,1
12156,18580,0
9287,9379,1
8451,8332,1
14225,14051,1
29370,29355,1
15535,15845,1
717,10332,0
5512,22095,0
19287,7766,0
6120,6323,1
13977,1632,0
6216,6491,1
2643,3062,0
29789,5561,0
22559,3364,0
8757,21654,0
4740,4674,1
22923,22795,1
6556,6735,1
14411,11513,0
1388,19040,0
24987,24869,1
24523,24567,1
24872,24588,1
20973,28547,0
8395,11450,0
24356,24064,1
6818,6990,1
3203,29091,0
9288,21278,0
91,163,1
3174,3432,1
9394,9114,1
4281,30598,0
23525,22025,0
22180,22498,1
15928,15816,1
23691,14128,0
20751,20912,1
702,14646,0
30869,30780,1
14358,14010,1
4609,4924,1
484,30416,0
1469,26612,0
16442,17595,0
27674,27515,1
2056,5876,0
28586,29922,0
30366,30336,1
12911,22990,0
23212,23000,1
11575,11666,1
23341,23177,1
17760,30938,0
16415,16189,1
26411,18884,0
19044,20201,0
15715,31226,0
26942,26990,1
17561,4279,0
6711,23238,0
6621,22546,0
8586,1505,0
5673,5804,1
1903,1825,1
30099,4377,0
16710,28962,0
20811,6602,0
26083,1187,0
31457,19935,0
2979,14681,0
16548,16935,1
13318,9029,0
31751,31758,1
3159,30015,0
14397,14482,1
13194,13025,1
29730,29885,1
30266,19354,0
4645,23141,0
26107,7917,0
4587,4659,1
21479,8411,0
19178,12431,0
20753,20756,1
9442,9431,1
20402,20249,1
31188,31314,1
19988,25213,0
29321,29033,1
20494,20437,1
24685,15974,0
4240,4226,1
27720,27730,1
28008,19192,0
30690,22272,0
24122,4979,0
30057,18813,0
15362,15111,1
31963,29748,0
10091,10455,1
30558,16409,0
1440,20649,0
17347,17016,1
25976,25988,1
23141,23193,1
11722,11822,1
730,24911,0
26501,27252,0
20698,20887,1
2771,26075,0
1860,1858,1
9730,9399,0
23120,7097,0
27772,27526,1
12923,16241,0
27740,30936,0
29045,29317,1
31769,31753,1
17859,27391,0
21124,21064,1
25518,25958,1
9883,22803,0
21604,21580,1
19182,31802,0
4130,28593,0
21027,14157,0
16701,16954,1
28477,13582,0
3070,3240,1
21192,21076,1
22441,22137,1
17762,12702,0
12835,12636,1
13816,7437,0
31080,25454,0
6029,19601,0
4788,9048,0
22482,22287,1
28941,31570,0
29644,29520,1
28022,28473,1
4699,23777,0
2133,2238,1
18140,21797,0
27590,27875,1
27811,27622,1
14278,12152,0
2324,2094,1
20045,21042,0
15987,15751,1
17632,17777,1
5347,5063,1
29451,29098,1
8813,6924,0
26882,26970,1
22155,22329,1
28780,3861,0
1043,14174,0
13084,10011,0
5511,10932,0
27418,27206,1
18491,22420,0
5730,5715,1
31757,31914,1
31736,31803,1
20954,20523,1
28489,28318,1
14033,30107,0
21132,26431,0
30325,17346,0
29434,29456,1
9153,9486,1
25360,25065,1
7147,26574,0
263,362,1
26516,26507,1
19495,11372,0
772,3801,0
21887,15526,0
157,13389,0
24030,24051,1
20596,660,0
24805,21719,0
29101,11492,0
9639,9860,1
22341,22321,1
25704,13191,0
8326,31683,0
27847,6379,0
4529,4564,1
13791,11129,0
27931,27629,1
25842,15105,0
12428,12019,1
30159,30303,1
29970,17220,0
18487,18330,1
18594,26187,0
7303,7069,1
21128,7765,0
30691,30618,1
2987,26085,0
9339,9224,1
3878,20651,0
26498,26317,1
6574,18354,0
29073,3601,0
7524,19690,0
23168,2167,0
3598,27099,0
5449,9182,0
13482,13437,1
21580,21933,1
18482,18485,1
7539,7719,1
4255,21350,0
20219,27582,0
25913,25575,1
22128,20682,0
27945,25848,0
20286,16273,0
8102,8310,1
15042,15285,1
13651,13874,1
16970,16925,1
20374,2417,0
20583,9730,0
10806,10978,1
5418,22483,0
30115,30019,1
19038,9344,0
22322,7320,0
24305,6157,0
16216,6269,0
18355,18401,1
22550,26063,0
29197,9858,0
16506,6330,0
4685,18807,0
4470,25840,0
29007,29085,1
23415,15450,0
7034,25266,0
8231,8109,1
25893,25802,1
6406,26515,0
29586,29958,1
13080,19494,0
15712,25771,0
8486,21731,0
21551,21605,1
22923,22957,1
19782,19507,1
26526,3914,0
17364,6154,0
1718,21840,0
11109,11496,1
10747,10978,1
29592,3344,0
1964,1701,1
11708,27507,0
24730,24966,1
11334,14478,0
25308,7798,0
19221,19128,1
30471,10308,0
28305,28233,1
5323,5046,1
2082,27380,0
13744,13946,1
2887,2907,1
663,771,1
24197,17513,0
16534,16695,1
11661,11931,1
7720,30233,0
31362,1677,0
23329,8943,0
31149,31021,1
14859,542,0
4499,6453,0
24234,30060,0
30149,12420,0
15216,20715,0
28866,1818,0
25784,25763,1
19414,19289,1
8753,4283,0
26687,26779,1
29233,13183,0
27488,5828,0
22309,22135,1
13405,13324,1
8503,8637,1
7108,7389,1
31524,31557,1
15425,18267,0
1770,13068,0
1909,1885,1
14348,14424,1
1303,1450,1
30356,30031,1
10526,28260,0
23968,23629,1
20179,24210,0
18519,29642,0
7692,17293,0
13769,13611,1
24153,20669,0
13415,14441,0
27822,31714,0
13125,1739,0
21103,7872,0
13895,13681,1
27248,27310,1
2631,18781,0
25514,16405,0
5280,20211,0
18618,22306,0
15791,15820,1
13550,13588,1
10337,10379,1
7416,5022,0
27371,27438,1
25473,29594,0
10863,17106,0
26786,26942,1
29819,77,0
23417,23429,1
12238,12027,1
29177,29318,1
11361,11261,1
3553,11887,0
21371,21497,1
9926,29010,0
14318,14100,1
7975,11039,0
22635,1629,0
9430,9315,1
4926,28279,0
5879,29958,0
14417,19773,0
24601,24500,1
18182,18039,1
19481,10652,0
3776,13236,0
10520,28755,0
18081,24125,0
21526,21812,1
31228,31860,0
9584,9667,1
7006,7087,1
18339,11778,0
20984,19330,0
21985,21892,1
29250,13292,0
19272,19399,1
20579,25891,0
16630,3801,0
1507,1054,0
11863,11793,1
3809,30127,0
31314,31396,1
25934,25797,1
551,865,1
18523,9577,0
6966,6693,1
17255,10537,0
5418,20439,0
6006,6026,1
21570,21676,1
9931,30959,0
30064,30484,1
24372,24341,1
22545,22536,1
27383,27123,1
30368,30245,1
3672,3969,1
23581,23647,1
28541,20153,0
20999,20853,1
30530,22729,0
10095,29283,0
17662,17885,1
11205,29799,0
19035,8630,0
1890,1526,1
5974,11277,0
18098,20766,0
22170,22282,1
1646,12091,0
3738,18062,0
5210,27677,0
1731,9762,0
27749,27011,0
23205,23190,1
17790,17866,1
19480,19241,1
4120,4398,1
12052,20790,0
17544,9691,0
22796,22688,1
7562,3169,0
31815,9155,0
14540,14766,1
31239,4424,0
8356,28325,0
11402,11092,1
16569,17669,0
14256,19877,0
14791,20558,0
2309,2384,1
24667,24712,1
23607,23962,1
7150,7076,1
21124,21409,1
8422,21220,0
6486,6042,1
1689,1604,1
23978,23571,1
13843,13969,1
5322,5086,1
12886,23985,0
10357,10216,1
8198,8409,1
14574,10283,0
19602,19751,1
28230,28867,0
10434,17757,0
2114,7418,0
6543,5510,0
30470,30407,1
21726,28565,0
361,388,1
31889,20029,0
11542,11890,1
23793,23977,1
11461,11128,1
15938,7288,0
22689,17237,0
3359,22960,0
18411,18462,1
3010,11370,0
16999,16631,1
24557,25063,0
24455,24355,1
29819,29583,1
4092,4079,1
4546,12797,0
11195,11309,1
23619,17723,0
11211,11284,1
4637,7842,0
17890,17674,1
14093,20596,0
6407,14770,0
29943,18410,0
20906,5411,0
29046,29405,1
4392,10951,0
31642,3631,0
3742,3999,1
12336,11738,0
3146,3186,1
20885,20905,1
3055,3203,1
6066,6043,1
17507,17873,1
4064,18367,0
26719,26628,1
653,22494,0
21038,21477,1
861,970,1
2920,3636,0
14432,14232,1
6260,6253,1
22657,22654,1
8950,8695,1
28247,10651,0
2315,2297,1
23195,23313,1
18883,847,0
25500,25551,1
332,177,1
2519,20642,0
6556,16992,0
16362,25040,0
4464,3011,0
26977,26691,1
24597,24768,1
22374,1059,0
18240,18442,1
24013,24227,1
9771,5254,0
15993,7486,0
20377,8385,0
22796,22686,1
16986,9171,0
24039,24163,1
11108,11154,1
27831,27918,1
27180,27390,1
14928,14662,1
16260,12027,0
29162,29094,1
28661,25632,0
4785,4906,1
7702,7872,1
12480,2768,0
1015,1273,1
21822,21866,1
30355,1392,0
11767,17474,0
11201,11009,1
29990,29985,1
2415,2353,1
9834,1116,0
29951,29896,1
3143,3114,1
28706,5697,0
30222,30194,1
13124,13190,1
21376,21477,1
9065,9069,1
24069,22050,0
23811,23639,1
13435,13008,1
498,371,1
5265,5465,1
25609,25891,1
3731,3790,1
6897,4574,0
22260,5264,0
6472,6026,1
3270,3292,1
6653,8880,0
28191,25581,0
26126,26157,1
9089,16418,0
30733,17531,0
15030,15388,1
20690,20519,1
19836,21841,0
26092,31108,0
30683,29326,0
13930,4611,0
3093,8182,0
20840,1358,0
18734,18534,1
2619,20622,0
14146,13493,0
23933,23834,1
25069,25258,1
13551,16377,0
12086,13255,0
24094,28762,0
28258,220,0
7497,3026,0
10108,26272,0
29222,21660,0
17087,17430,1
579,936,1
7419,15511,0
14133,30263,0
27984,12437,0
24639,24661,1
8606,11762,0
4506,4976,1
5104,17087,0
27546,27687,1
15727,15636,1
4712,4775,1
7602,7960,1
10633,10666,1
22348,22150,1
7349,18674,0
3987,28741,0
28958,6679,0
22970,9055,0
28847,26858,0
23646,12581,0
14463,10612,0
3226,20443,0
21448,21363,1
31586,31807,1
25546,13717,0
12990,31492,0
10528,24168,0
30064,30453,1
5091,24048,0
24486,24064,1
26965,26580,1
13612,13594,1
5489,5039,1
5951,26391,0
30311,27498,0
900,513,1
16245,16253,1
20785,9957,0
18384,20355,0
12833,12640,1
17829,16723,0
7255,5971,0
8207,8322,1
26553,26881,1
26236,25361,0
21494,15098,0
19378,14750,0
7478,23725,0
14449,30458,0
11952,11812,1
17822,6992,0
29901,12092,0
23347,23158,1
24872,21012,0
17809,9983,0
17912,17804,1
5904,5753,1
19230,12895,0
15537,28753,0
28693,28568,1
29783,13375,0
25764,25976,1
18157,857,0
1655,19280,0
13963,13538,1
21292,21103,1
15308,15039,1
31547,31811,1
548,25037,0
19659,19612,1
7707,17581,0
14190,10923,0
22106,13411,0
3385,6559,0
19751,19804,1
23969,23714,1
22335,22066,1
16626,20154,0
30890,19903,0
16397,12152,0
17892,17752,1
24582,14084,0
11923,11964,1
17529,31370,0
6982,6852,1
6248,612,0
22437,21172,0
14488,17183,0
12929,31862,0
17625,15678,0
7808,3423,0
30082,11245,0
27506,27647,1
13042,27435,0
7379,18521,0
31119,31408,1
20051,20207,1
2023,1391,0
4919,4570,1
25934,26046,0
5208,24511,0
28505,28636,1
23642,3102,0
1440,21876,0
22674,16184,0
14064,16782,0
26919,3982,0
5047,5102,1
13267,13367,1
15192,3201,0
9971,9570,1
7070,7279,1
810,31975,0
31033,12789,0
25788,19898,0
1177,1350,1
22097,29029,0
30402,30143,1
19655,9717,0
18390,15877,0
21361,21472,1
31521,31693,1
16307,16415,1
16150,16310,1
9860,9579,1
8003,30795,0
1809,23748,0
3608,3744,1
20237,5163,0
20554,20521,1
12890,1492,0
30529,30668,1
15518,30107,0
10845,10976,1
13319,13099,1
14823,19761,0
9898,16700,0
23928,8084,0
20711,25400,0
19009,13932,0
23695,15957,0
21963,21903,1
8253,14823,0
15557,24581,0
2341,2148,1
646,30082,0
715,25843,0
2698,3620,0
8449,30361,0
27700,27693,1
6814,6922,1
29991,9968,0
9911,9756,1
19195,19475,1
9374,10638,0
7496,13830,0
6441,24039,0
5269,8469,0
20505,12605,0
9261,23482,0
29198,29164,1
3489,25973,0
3429,618,0
27408,15327,0
2160,20270,0
7446,7212,1
24175,4159,0
7063,6175,0
12750,12728,1
24280,24078,1
27252,27178,1
22712,24623,0
24118,24100,1
4184,21308,0
5105,5186,1
31102,7469,0
7028,5216,0
6074,17946,0
8664,8928,1
7716,4566,0
17810,1364,0
5980,17747,0
16834,16515,1
29314,29466,1
25987,25599,1
20805,20526,1
4775,4515,1
26844,20758,0
7320,27201,0
28561,28738,1
11630,11674,1
14791,14923,1
27439,27103,1
29123,18788,0
24090,24378,1
10474,30499,0
23337,24207,0
5492,28528,0
15750,20297,0
24569,20087,0
8359,8345,1
28623,15335,0
16918,2165,0
3776,3649,1
13583,12163,0
20439,12259,0
9880,1701,0
8547,8649,1
10284,1696,0
5135,5382,1
480,18776,0
11181,11109,1
29061,29064,1
4367,4979,0
2481,2204,1
30206,23800,0
24534,24633,1
9083,7572,0
15324,15222,1
824,29875,0
19198,4869,0
2853,16240,0
23280,23176,1
25868,14124,0
31695,31566,1
13494,11414,0
18844,18864,1
3980,17604,0
30843,13538,0
28740,13283,0
533,29221,0
19028,21189,0
18142,15198,0
30000,30272,1
17623,21411,0
5318,5135,1
6777,16978,0
7555,14657,0
270,21303,0
3893,3560,1
18372,18188,1
26014,28188,0
6475,6445,1
19917,4137,0
7558,7595,1
15221,15278,1
28665,14923,0
19923,19961,1
25041,25421,1
5493,16770,0
17946,17564,1
22444,4481,0
12707,10220,0
4874,6527,0
7845,17553,0
25588,25803,1
28475,28446,1
30789,20230,0
20576,20825,1
29014,29060,1
5899,5650,1
21973,12776,0
7185,18187,0
10608,10625,1
14958,19178,0
3283,3149,1
31972,31662,1
697,790,1
22812,31449,0
19584,19752,1
22431,22091,1
10236,10211,1
17042,17429,1
30599,30607,1
27463,9288,0
23941,8062,0
30768,30503,1
4272,4021,1
18490,18203,1
14171,14114,1
27732,17963,0
9597,2879,0
25442,25182,1
3967,3762,1
28627,28617,1
8788,1750,0
9789,9790,1
14840,14825,1
24717,9171,0
17257,17348,1
14443,14481,1
13708,13834,1
6288,6095,1
19625,19708,1
19205,19028,1
23186,2629,0
15691,15965,1
24408,31296,0
16788,16552,1
7661,7769,1
7925,7618,1
25685,25612,1
24717,24866,1
19753,19889,1
14652,25658,0
11298,11144,1
11315,21627,0
16159,10373,0
15033,15283,1
29892,23438,0
4980,19067,0
8415,21682,0
27309,7273,0
20261,20158,1
25464,8085,0
7875,12677,0
22864,20084,0
12778,8558,0
31858,4952,0
23638,23824,1
11683,5775,0
12730,12803,1
11718,11979,1
1860,1712,1
16161,16445,1
4643,4299,0
8815,17452,0
26436,26100,1
13950,7550,0
19250,19218,1
28462,21295,0
21308,21071,1
3173,3192,1
16890,16725,1
17563,21070,0
8114,8459,1
29466,30841,0
21608,31931,0
16739,17978,0
25050,27899,0
16784,14896,0
10222,10404,1
17608,17576,1
2113,2308,1
23950,23844,1
13283,13348,1
20603,29977,0
23555,13718,0
25710,25872,1
24521,24877,1
2321,17409,0
15042,7179,0
14811,14849,1
6203,6138,1
9573,4816,0
12720,20890,0
5654,14359,0
22217,29977,0
29301,29277,1
18732,17065,0
22115,21854,0
9672,9867,1
25313,4363,0
8709,8556,1
7608,24809,0
12787,12854,1
30032,1057,0
11673,27256,0
16176,16010,1
28785,15178,0
20356,20213,1
7396,7041,1
25255,15934,0
2714,9342,0
31405,31388,1
2302,20034,0
31854,28026,0
7727,7955,1
31894,5041,0
22458,22104,1
12776,21516,0
13563,26447,0
29909,17694,0
5635,27455,0
12397,12136,1
21204,25848,0
25851,8197,0
5355,30567,0
24596,24749,1
15170,15031,1
12901,7637,0
29920,29768,1
4751,4686,1
11784,11769,1
17406,19957,0
8404,12053,0
26838,26773,1
27490,27038,1
7166,27813,0
9656,16315,0
16550,16634,1
13920,13887,1
11576,19260,0
6979,6754,1
17578,17959,1
10620,10508,1
17030,17012,1
8061,8297,1
4832,4626,1
16425,16052,1
21917,21845,1
5731,11122,0
15067,15464,1
31306,31489,1
22667,4035,0
28505,4573,0
15812,15563,1
3761,3903,1
6485,6088,1
24470,8508,0
24976,24647,1
237,149,1
30286,30164,1
27202,27436,1
23451,23202,1
30584,30785,1
11418,11243,1
12107,28611,0
26438,9067,0
12831,12653,1
11120,11315,1
6678,6849,1
30689,30755,1
29186,29412,1
1581,6385,0
22071,22364,1
29972,29747,1
17848,17703,1
28738,28848,1
13081,12735,0
15747,15805,1
25481,11825,0
7410,7148,1
16849,19258,0
12191,26364,0
25387,2943,0
14247,14415,1
14945,27869,0
28450,28357,1
29245,29470,1
31803,28551,0
27775,23498,0
26597,26607,1
24318,13041,0
10369,18475,0
3115,3440,1
4049,4210,1
14597,15773,0
13407,11563,0
25273,25168,1
10141,331,0
5694,7252,0
5447,5115,1
28248,28486,1
18505,24231,0
19968,25810,0
20469,23826,0
750,18696,0
5180,5285,1
29967,29969,1
16809,22681,0
15577,8469,0
23391,23442,1
8476,8209,1
20237,20339,1
21275,21141,1
9316,6471,0
11024,13698,0
14336,14064,1
15130,27571,0
19359,19412,1
9919,19516,0
14555,15689,0
4927,8786,0
10810,1859,0
17858,31373,0
31569,31614,1
15601,20681,0
23185,10686,0
8711,8880,1
22448,22161,1
9141,17564,0
27493,27186,1
14917,6148,0
5269,6588,0
27008,9144,0
12310,12015,1
27164,9594,0
6135,13033,0
32,243,1
19769,19718,1
6445,2864,0
1777,1983,1
31816,23151,0
7833,21331,0
30502,19789,0
10212,10278,1
5056,12517,0
31032,31433,1
31821,8835,0
27675,27820,1
8415,13573,0
10532,10618,1
10831,30149,0
22996,22664,1
3115,12347,0
10772,3812,0
12804,12682,1
28221,30403,0
11889,4483,0
3174,15754,0
14868,21889,0
14450,20006,0
30514,30973,1
6341,6191,1
9159,9465,1
19467,19054,1
27343,17021,0
7500,6529,0
28697,28786,1
28015,28318,1
24984,6517,0
25931,9728,0
24434,24377,1
6671,1058,0
26407,26174,1
30449,7401,0
8258,8060,1
23396,23208,1
16021,16430,1
11572,17125,0
20902,20981,1
264,26790,0
21681,8994,0
731,891,1
29340,23031,0
27641,27930,1
21212,13539,0
6,823,0
8356,14428,0
19790,19701,1
8752,4578,0
1324,1054,1
28536,19512,0
25756,25732,1
31351,22776,0
358,11473,0
9169,19350,0
9213,9422,1
18029,23863,0
7585,7601,1
12357,26072,0
6104,6449,1
20067,20279,1
13654,14341,0
3695,9340,0
7620,3590,0
11374,11417,1
8579,8905,1
17490,31856,0
25489,25217,1
2649,6763,0
26885,30502,0
25291,25292,1
12032,12333,1
15821,15994,1
21008,21467,1
29722,19679,0
753,29449,0
23415,8534,0
21466,6696,0
20756,10910,0
28695,24081,0
11634,11506,1
1490,1443,1
10791,10820,1
22691,22959,1
26080,26039,1
16041,3384,0
16875,2280,0
7766,7503,1
23565,23817,1
3435,21520,0
10251,8858,0
18791,1612,0
23359,5028,0
19655,6424,0
465,24178,0
6749,6673,1
5937,5618,1
31127,31143,1
20589,20887,1
12866,12864,1
17533,24782,0
22860,11719,0
9703,12503,0
4875,24634,0
23993,23784,1
5100,20406,0
11650,11549,1
25175,11921,0
14202,14151,1
15563,9757,0
24831,301,0
31356,31139,1
16601,16763,1
819,779,1
15550,19569,0
27844,27655,1
11350,15572,0
28587,28807,1
23225,15576,0
31301,14008,0
13292,13423,1
31040,31116,1
17056,17107,1
17022,9838,0
19963,8391,0
8697,8874,1
1425,1246,1
23923,22931,0
18245,19683,0
24196,24279,1
14193,13895,0
28000,28030,1
9974,9550,1
26976,14441,0
3362,3488,1
20909,14647,0
28648,25647,0
24841,24223,0
21244,21328,1
24530,24503,1
11052,22823,0
21653,21778,1
17677,31169,0
24989,18963,0
3855,8336,0
774,28043,0
11251,4224,0
9742,9912,1
22441,22418,1
6020,6188,1
15504,15872,1
17149,25936,0
6238,15070,0
29420,29241,1
3320,38,0
31179,15815,0
11574,11503,1
26218,26202,1
20128,20062,1
20077,5541,0
8365,15633,0
14981,14622,1
28363,31807,0
7285,27074,0
24486,24426,1
16065,16165,1
29266,4268,0
6721,6991,1
4485,14392,0
21357,21099,1
21759,21970,1
25205,25355,1
9443,9499,1
5267,5455,1
22045,22298,1
1532,1791,1
7575,7555,1
19974,19933,1
7873,24933,0
18480,21274,0
23449,23425,1
19096,19076,1
13345,13093,1
20483,14704,0
11770,12392,0
19835,19590,1
3795,13355,0
8543,8570,1
27228,27072,1
16807,25892,0
31396,31377,1
5313,25535,0
9889,9981,1
5985,5647,1
10503,10825,1
12337,12378,1
16986,23274,0
2718,2522,1
18282,27436,0
12214,12281,1
9241,9474,1
14965,24321,0
13064,13497,1
920,23794,0
30288,1533,0
12448,12216,1
1924,19148,0
17555,18850,0
30772,30828,1
10540,10650,1
30534,30671,1
13974,20330,0
4773,6884,0
19625,19896,1
22213,22240,1
4155,21574,0
27396,27082,1
7222,1104,0
4087,4288,1
26704,18429,0
21476,21048,1
25100,25209,1
29502,29387,0
2686,2515,1
10040,10072,1
17516,17980,1
4740,4652,1
20942,20631,1
31764,23740,0
3003,22154,0
26410,26014,1
20631,20582,1
15816,15677,1
24206,24447,1
23443,16189,0
24038,24171,1
21349,21392,1
13469,26051,0
30244,30245,1
3353,3264,1
26112,22850,0
22646,3940,0
25168,25077,1
15893,18565,0
27139,27057,1
4164,4252,1
31358,24845,0
21184,21228,1
3658,3841,1
3378,2590,0
14619,8694,0
305,19059,0
20225,20346,1
9235,6569,0
29178,28801,0
22337,27326,0
5039,31759,0
15137,15287,1
3183,31518,0
25377,25139,1
17406,17019,1
15124,15108,1
17347,17425,1
7544,2090,0
16691,16555,1
13483,26105,0
18174,18176,1
30807,19662,0
5028,5484,1
4937,4815,1
8856,8632,1
28203,28367,1
17309,17330,1
12412,10273,0
22611,3420,0
31407,31011,1
1352,1344,1
3755,18480,0
25654,25566,1
26002,26418,1
31151,23257,0
28599,28812,1
19491,20655,0
20633,20531,1
26421,26294,1
21791,27941,0
4340,4354,1
29312,29084,1
15469,11275,0
12569,12755,1
17779,25475,0
8169,18102,0
458,107,1
19127,19214,1
21710,18101,0
5850,5540,1
26675,26891,1
26205,26359,1
3133,3362,1
20838,20651,1
21710,11693,0
26605,31867,0
6851,23019,0
11322,24026,0
23213,23163,1
21825,21633,1
8072,4489,0
7777,26606,0
4410,23232,0
30264,27679,0
26883,26924,1
4638,4681,1
26077,29097,0
26059,7774,0
12454,20618,0
6662,6502,1
15804,1405,0
13210,13256,1
29432,29039,1
10157,15316,0
5575,3189,0
23174,14618,0
19707,19515,1
2457,15991,0
27903,31932,0
720,6511,0
20858,24938,0
25347,25193,1
11472,24106,0
9092,19193,0
20471,20414,1
19206,4829,0
29273,16338,0
7048,7435,1
22001,30041,0
6917,29963,0
5742,5887,1
24781,2793,0
16645,3600,0
18105,31997,0
374,11833,0
27830,27665,1
4840,4763,1
17047,17401,1
1094,1072,1
29890,29833,1
20689,20519,1
17177,28351,0
5270,5136,1
26355,10756,0
19941,19987,1
4860,4958,1
28042,28338,1
3935,3582,1
4907,25683,0
25853,7075,0
19193,19121,1
8824,19424,0
18540,21639,0
9249,12134,0
17832,17724,1
18903,25581,0
9172,9847,0
19754,19511,1
7142,1915,0
19320,19035,1
18335,27293,0
12709,12990,1
22290,22121,1
26542,19419,0
3342,3469,1
21887,21694,1
15486,8165,0
7295,7218,1
21842,16585,0
27766,27666,1
6250,6208,1
6526,16558,0
4395,4264,1
20782,20744,1
1025,1402,1
9407,16426,0
11938,11014,0
26781,26534,1
10646,8442,0
3976,14137,0
2256,31527,0
10369,10465,1
26311,20540,0
29591,29902,1
28416,7874,0
4363,4052,1
31664,31922,1
13699,8429,0
2947,2537,1
15978,9226,0
16708,16606,1
21208,10255,0
31811,9075,0
29934,29516,1
21593,21608,1
31277,29129,0
9829,9883,1
20041,1280,0
21440,21337,1
31855,31905,1
18220,863,0
22554,22569,1
20547,20850,1
23297,22765,0
20617,20622,1
12748,12673,1
13669,9784,0
5635,23095,0
25003,17911,0
563,736,1
7460,7187,1
20531,20514,1
2559,30825,0
1848,1607,1
4060,4073,1
27272,27194,1
20226,8307,0
9132,9468,1
23316,26183,0
111,28910,0
7776,7641,1
24918,12599,0
22042,22106,1
24704,18958,0
27589,27790,1
18445,31011,0
16037,16099,1
9502,28926,0
29252,29434,1
16686,7646,0
22062,30025,0
17318,17227,1
3136,27485,0
1371,6408,0
11037,11455,1
14626,28551,0
16673,16819,1
840,526,1
589,7770,0
9074,20194,0
10672,10581,1
12933,14197,0
5391,5176,1
29032,5822,0
29883,7396,0
12023,12063,1
17370,19464,0
28925,14792,0
13866,13758,1
6208,6525,0
30397,20444,0
5928,11656,0
6650,15948,0
24371,11498,0
8913,8733,1
20854,4384,0
27132,27006,1
29854,25054,0
18721,4393,0
19808,19675,1
26643,5350,0
25032,10259,0
5868,25559,0
24921,24558,1
21592,21609,1
3362,3057,1
16871,16913,1
1273,1257,1
30475,12264,0
19938,3791,0
26859,26827,1
9856,30968,0
19659,30938,0
13243,17116,0
5231,29700,0
24094,24337,1
20587,20549,1
26890,26844,1
16987,11082,0
4787,10374,0
18343,7497,0
25240,25273,1
9504,9820,1
9158,28014,0
9987,9669,1
20211,20115,1
1690,1686,1
13444,13060,1
6324,6227,1
23014,23283,1
1496,10296,0
5538,19850,0
5506,27719,0
8551,8797,1
17133,18553,0
18563,4786,0
670,711,1
18398,18481,1
27218,27044,1
31616,25081,0
1605,1587,1
31349,31308,1
20899,20702,1
26363,21925,0
28548,2335,0
1152,1237,1
8233,8373,1
25979,26708,0
11880,11892,1
27931,27686,1
8936,8537,1
2615,13424,0
5278,5231,1
6489,6113,1
906,603,1
25739,16912,0
3054,3196,1
16023,1973,0
8778,8740,1
9033,9432,1
28794,28861,1
15246,20659,0
30602,30988,1
3724,3971,1
20768,28498,0
30385,31071,0
5687,5984,1
28757,28846,1
3005,3329,1
4567,4794,1
30536,30670,1
10210,10269,1
20056,13456,0
30364,23100,0
7973,7640,1
709,19109,0
18199,28056,0
9643,9930,1
27040,12430,0
10677,10577,1
1657,30822,0
19305,19159,1
15984,17212,0
5789,5976,1
26836,26566,1
10193,25040,0
20467,1637,0
4396,4356,1
8584,8768,1
424,12379,0
14563,15807,0
29769,29781,1
7467,23032,0
25634,17294,0
2208,2276,1
3169,3356,1
28939,11213,0
17516,17853,1
39,16603,0
19396,19157,1
30726,13784,0
109,244,1
16879,16756,1
19823,19581,1
25094,25178,1
16740,16577,1
10225,7649,0
26765,28368,0
13240,13187,1
9583,9631,1
11090,10919,0
4311,4314,1
17478,17192,1
24664,31030,0
13367,205,0
5109,5334,1
28472,4709,0
17533,17671,1
24867,24557,1
2839,11055,0
10875,2981,0
5943,5860,1
16817,16566,1
28042,31470,0
21014,21455,1
27841,7993,0
27,12,1
3203,3484,1
31986,13817,0
7094,7226,1
14446,23572,0
5533,5658,1
31415,15966,0
30248,27006,0
15626,12287,0
17182,17172,1
24262,24249,1
11135,11466,1
25030,18320,0
16089,672,0
28485,11988,0
13127,29439,0
10368,1882,0
11754,11716,1
12072,12153,1
22061,24288,0
21365,8230,0
29095,29136,1
6114,26608,0
152,29050,0
8697,20078,0
20492,20271,1
1676,9971,0
12694,8710,0
24704,24837,1
15765,22754,0
20794,20743,1
30619,30641,1
26735,26875,1
20812,20627,1
20722,6938,0
6663,6863,1
9133,9377,1
25824,8266,0
16681,13037,0
4206,6319,0
21850,21561,1
8454,23638,0
13445,23645,0
7836,7539,1
4141,4009,1
21327,21346,1
22249,22405,1
14680,14983,1
7633,7683,1
26568,16027,0
24060,24052,1
1347,26490,0
28661,23366,0
22950,22941,1
6528,7951,0
12246,12487,1
29732,29939,1
26671,26953,1
31365,12338,0
17217,29234,0
4269,4136,1
4213,565,0
3198,3392,1
21213,23384,0
23062,14914,0
3310,3241,1
19513,9804,0
23961,23502,1
15542,15812,1
22040,22497,1
4006,17633,0
9543,9622,1
25977,17283,0
29678,29672,1
14265,16691,0
6014,6989,0
17116,17249,1
28452,28225,1
8635,8687,1
20380,20300,1
268,26711,0
30729,30787,1
5571,5628,1
13707,19340,0
14072,14114,1
1839,13874,0
30291,30495,1
3102,20888,0
8137,8140,1
13748,10134,0
17070,26179,0
22655,22872,1
5611,30005,0
25049,25409,1
8659,8866,1
27134,20918,0
19455,19021,1
20495,20041,1
13501,13531,1
11130,12065,0
5579,4821,0
14562,14564,1
11930,11580,1
17073,17375,1
24637,24985,1
30942,30908,1
25672,25519,1
28256,27660,0
11280,3682,0
17527,30434,0
10880,30004,0
5232,5144,1
12150,12229,1
28431,15225,0
15910,15851,1
18895,18774,1
24800,8729,0
24679,24993,1
5042,5352,1
4684,4519,1
28143,10895,0
14576,23133,0
6698,6850,1
12466,24526,0
21975,21887,1
13678,28647,0
17864,17573,1
189,15127,0
5436,21001,0
11485,22113,0
20148,22994,0
29262,21124,0
10765,10860,1
21890,21765,1
16250,16254,1
18009,17472,0
9693,1024,0
27558,10969,0
10186,10190,1
25917,25820,1
13907,13956,1
25744,25803,1
13892,31996,0
8323,9274,0
6216,12187,0
20773,31891,0
26,346,1
20805,20937,1
12533,12815,1
4299,24844,0
21625,3720,0
29604,29868,1
26998,584,0
28949,27369,0
7896,9328,0
1006,31113,0
6038,7448,0
6658,11696,0
11306,20986,0
19373,207,0
17981,17543,1
18375,18298,1
26157,26206,1
25647,4687,0
5061,5388,1
146,466,1
21769,11394,0
4057,9344,0
18027,19334,0
1811,1975,1
29439,18153,0
12744,13822,0
4864,26569,0
21223,21480,1
4270,4244,1
10847,10552,1
16642,24648,0
25735,25789,1
625,570,1
8783,17472,0
1787,1601,1
8997,20960,0
15666,15692,1
5065,5184,1
27879,30537,0
9711,9658,1
24729,29531,0
27842,27964,1
14167,1504,0
27271,26707,0
11577,4171,0
17817,17777,1
3651,3500,1
2953,2809,1
6066,16992,0
6456,6278,1
7298,7241,1
6899,6923,1
16007,16379,1
7220,7379,1
6280,14291,0
17437,17204,1
13668,26177,0
27493,27108,1
21219,21003,1
22715,4949,0
3164,3471,1
9063,9178,1
14759,14612,1
18195,21367,0
30678,27872,0
21908,31652,0
8888,22464,0
198,359,1
5964,5529,1
12625,8593,0
25416,25077,1
28566,18456,0
22428,31216,0
23467,23296,1
12339,19131,0
31490,31241,1
5127,4476,0
31773,31521,1
30069,27006,0
22073,22093,1
5968,5581,1
1675,1879,1
30499,130,0
27752,27824,1
27519,21892,0
9642,610,0
20722,20874,1
5976,16147,0
16314,13902,0
19181,19220,1
25444,6806,0
19701,19888,1
1500,18854,0
31759,31838,1
30462,30345,1
30825,6881,0
3688,3808,1
6659,6798,1
28081,28458,1
15802,31943,0
18680,18682,1
22816,22854,1
8786,2552,0
8493,15867,0
1699,1672,1
26404,26171,1
19189,19181,1
28936,15793,0
21867,21590,1
30851,9399,0
27856,27888,1
18258,30848,0
28005,28103,1
5253,14960,0
22896,22787,1
18192,18065,1
9000,6028,0
9714,9832,1
10840,16655,0
3840,5043,0
23607,23528,1
18430,22879,0
29185,29409,1
31067,31260,1
19797,1397,0
14374,14494,1
23052,18167,0
6650,6510,1
11362,11495,1
21875,503,0
10146,10349,1
10955,10521,1
23983,23653,1
2788,2942,1
877,913,1
20519,16502,0
5262,31601,0
14344,14163,1
24244,24003,1
28769,253,0
23519,4838,0
6062,10331,0
11088,9651,0
19501,19872,1
829,509,1
414,481,1
25816,25847,1
6208,4071,0
23659,23869,1
5066,12418,0
25773,25696,1
20260,2096,0
16601,16855,1
24247,6623,0
23587,24580,0
28990,28698,1
23978,27949,0
31230,7136,0
15111,20404,0
4025,22846,0
216,479,1
29867,6676,0
21453,21017,1
25962,25530,1
18556,18826,1
18127,6837,0
3020,24397,0
19079,15131,0
23934,2370,0
22908,22916,1
11800,10548,0
17677,17592,1
21884,21535,1
20894,20761,1
9995,9928,1
13275,13251,1
16402,16427,1
26278,18492,0
13095,20269,0
3036,10117,0
30572,28494,0
30094,30175,1
18695,18859,1
29770,14304,0
14814,14521,1
7218,7476,1
10194,10429,1
22153,23167,0
6982,15923,0
28837,28779,1
22304,20200,0
5076,5480,1
28553,15652,0
10641,20250,0
25114,4581,0
9959,9955,1
14649,14837,1
27816,27757,1
2875,2695,1
17557,17856,1
24455,13898,0
11158,11065,1
26619,9094,0
3008,2932,0
16214,30038,0
16667,1387,0
20583,21702,0
6307,6216,1
2522,2639,1
4208,2664,0
4850,25814,0
30726,17468,0
8546,30454,0
4587,11096,0
2091,2475,1
19450,6997,0
6072,651,0
18787,18879,1
4297,5892,0
28008,23947,0
11970,26929,0
25320,25162,1
12939,31522,0
10513,10878,1
29111,14821,0
12702,1284,0
10019,10244,1
19609,19701,1
2325,24895,0
12531,10004,0
31129,9488,0
2454,2249,1
18348,18372,1
25818,25978,1
12128,31021,0
4795,26941,0
7143,26729,0
2300,11296,0
27644,27962,1
29917,6764,0
19283,19002,1
21539,21777,1
19319,19418,1
20435,20341,1
19348,19482,1
1400,6170,0
29743,29809,1
16738,16809,1
8432,8278,1
29813,22661,0
4068,20490,0
4863,3601,0
5700,26947,0
30148,26374,0
15515,157,0
3819,3739,1
14264,14207,1
22860,22769,1
9588,9598,1
13955,16134,0
15981,15506,1
6571,26228,0
5987,5867,1
1897,14056,0
27466,12677,0
29673,29635,1
1516,1891,1
24056,24378,1
3612,3700,1
493,270,1
8133,19712,0
19667,19544,1
27993,27675,1
20468,20104,1
23233,15014,0
27286,27462,1
555,25156,0
20092,20173,1
27972,16962,0
23759,21282,0
2947,6844,0
25806,25996,1
13780,10351,0
19370,24112,0
5914,1312,0
12102,12350,1
13894,13522,1
17808,28626,0
31209,10870,0
11266,11465,1
29458,29114,1
25497,25228,1
26089,26498,1
17927,17879,1
30406,30461,1
30072,30315,1
7445,11836,0
11156,22736,0
20110,15111,0
14874,19495,0
16594,21987,0
15345,15198,1
4508,4800,1
15086,3403,0
21359,21446,1
9072,9171,1
1340,10493,0
3637,3560,1
28001,28476,1
31310,31415,1
28800,28638,1
11191,11040,1
18883,1710,0
455,31700,0
24600,22291,0
21076,14334,0
5633,5859,1
20692,20983,1
1896,1678,1
17495,17256,1
12077,12081,1
22112,22396,1
8221,8257,1
23160,23157,1
17080,17312,1
26735,17476,0
3328,18046,0
4179,2586,0
12638,5119,0
6339,31295,0
21177,31811,0
4375,4354,1
19474,19172,1
3269,3279,1
15319,15110,1
19045,19038,1
21757,21705,1
19222,2276,0
9788,9577,1
14774,14906,1
5925,13581,0
19185,9882,0
12165,12260,1
17275,31806,0
10410,9496,0
6282,6188,1
5188,5373,1
14379,3474,0
24921,24505,1
23571,19184,0
26050,23933,0
23374,23411,1
3942,31837,0
31176,31147,1
31966,31549,1
20095,30846,0
25859,28754,0
29407,29170,1
2719,2539,1
6158,6440,1
31715,9419,0
7856,7802,1
30860,30515,1
9394,30091,0
20071,20070,1
309,31210,0
11056,525,0
414,356,1
2612,2634,1
19742,24926,0
8044,2490,0
28115,28283,1
7160,7022,1
5802,5716,1
7881,8349,0
11216,29118,0
29791,29812,1
22863,2101,0
14944,14727,1
24752,24972,1
12390,13960,0
9120,10262,0
17438,17486,1
26358,26458,1
24218,24022,1
8325,8147,1
27473,26195,0
28809,28922,1
2311,11162,0
7814,7651,1
6355,6381,1
29039,13946,0
18642,25777,0
15146,15069,1
8554,8751,1
18090,18328,1
14251,11347,0
14120,14332,1
19270,6243,0
552,972,1
10171,6597,0
8999,25155,0
10223,10435,1
22704,3995,0
7747,11695,0
606,658,1
21869,24347,0
24657,24995,1
30389,30121,1
17321,17212,1
7180,7426,1
14491,21416,0
17393,17328,1
3286,3215,1
29931,27160,0
3112,19363,0
8881,25772,0
24759,24566,1
11203,29827,0
11255,11423,1
21174,21695,0
28593,28533,1
4268,4123,1
24195,24035,1
26774,26755,1
8133,8108,1
3203,3212,1
24713,24700,1
7585,7934,1
8091,15599,0
11167,21674,0
16738,16642,1
29923,29621,1
30568,25023,0
24901,24729,1
21539,21662,1
6069,6492,1
18922,16580,0
9065,14129,0
5297,5048,1
31386,31474,1
14560,14661,1
8797,8777,1
16032,16482,1
20789,20887,1
22103,15868,0
14769,9129,0
16521,16999,1
11944,11761,1
13504,13789,1
9751,15580,0
12212,27184,0
27550,27906,1
14428,14146,1
23098,31823,0
25032,25273,1
22031,22115,1
31315,12775,0
26576,26891,1
31766,26679,0
2821,2837,1
13163,13284,1
28971,18777,0
7595,12481,0
5276,5304,1
2306,2163,1
26242,16653,0
29692,23719,0
21605,21704,1
11590,11559,1
30726,30880,1
2941,2706,1
22652,22885,1
7538,7653,1
3760,3965,1
22113,28519,0
22251,16789,0
26043,26401,1
536,818,1
23801,8341,0
9904,17278,0
30843,17877,0
23647,23706,1
23413,23127,1
14706,14611,1
25200,22556,0
7936,7979,1
12004,12072,1
22128,2448,0
22531,22703,1
21681,21510,1
82,496,1
7472,30072,0
2838,5983,0
13423,14646,0
12399,11443,0
19728,19808,1
21277,21199,1
20468,20071,1
1584,30387,0
1990,7595,0
24402,24268,1
31517,13773,0
7653,7707,1
11794,19856,0
25891,9787,0
25245,25414,1
20180,24951,0
16271,16260,1
11052,12614,0
4233,9221,0
25276,10113,0
27415,1292,0
8650,18541,0
6531,26871,0
20888,12592,0
13886,13762,1
31961,9371,0
26775,26875,1
19404,26144,0
4557,4683,1
21363,21302,1
13253,13361,1
28371,25343,0
16598,11590,0
27249,27122,1
7380,19118,0
21258,30421,0
18273,18146,1
3841,4743,0
26858,26885,1
12057,12407,1
18319,18230,1
17800,17910,1
6906,27770,0
30877,30928,1
21428,29345,0
29247,29325,1
5787,5631,1
16627,16647,1
26552,23080,0
25646,25750,1
28907,24306,0
22365,28183,0
17075,4259,0
16979,23801,0
30525,30982,1
28385,28134,1
31886,12659,0
20100,14809,0
1442,1409,1
11523,3318,0
11367,11257,1
1051,1003,1
7583,1676,0
19458,21531,0
9202,18860,0
16462,16369,1
4597,4579,1
24428,24378,1
28179,28228,1
24179,24431,1
29616,29735,1
26446,26002,1
14919,14793,1
3703,5647,0
10816,9287,0
27133,30186,0
8347,4568,0
11688,20248,0
15520,12597,0
747,19337,0
22670,22849,1
27255,27061,1
26784,26782,1
17355,5738,0
20001,20270,1
11822,1561,0
18927,27426,0
28472,28145,1
14329,5955,0
17469,17132,1
9619,9889,1
22123,13553,0
24581,21983,0
15852,20298,0
17571,17957,1
11197,11440,1
13260,28490,0
7223,1313,0
26036,8448,0
24765,6909,0
29744,11533,0
30364,572,0
17395,17136,1
31475,31490,1
16182,16329,1
21966,17928,0
10631,10518,1
17422,898,0
4179,4131,1
30365,30183,1
11687,11876,1
1672,24165,0
25287,25025,1
6446,6349,1
9652,9552,1
10421,10000,1
28364,30049,0
23618,10598,0
31460,31003,1
16919,16798,1
27376,27446,1
7605,18362,0
17328,17047,1
10457,10466,1
5690,5917,1
22016,22233,1
23552,23828,1
4299,22139,0
3904,3948,1
16741,16978,1
6416,18667,0
12970,25603,0
26041,26059,1
24798,14534,0
17917,21987,0
6700,2670,0
16683,16632,1
16454,23162,0
27274,27152,1
7213,7235,1
5200,2663,0
4462,26099,0
17427,31635,0
23750,8148,0
23287,23321,1
16321,16408,1
14100,14030,1
2983,23504,0
25606,25611,1
2058,26413,0
6148,30859,0
5090,5435,1
22784,19431,0
13113,13421,1
4839,13265,0
24705,24810,1
986,671,1
29942,4618,0
29543,29568,1
25657,19343,0
25883,25928,1
30709,18933,0
15442,29974,0
25111,25472,1
17441,17043,1
18669,19647,0
21496,21274,1
21325,10258,0
10280,10149,1
16591,16797,1
6671,10903,0
28235,28018,1
22583,4600,0
7076,7098,1
25101,15023,0
3016,3312,1
21459,21034,1
14544,14710,1
29146,29216,1
24190,30452,0
11536,25468,0
15503,15633,1
17165,17436,1
6773,14950,0
26118,23203,0
21109,25933,0
4939,4877,1
24148,24225,1
7297,28338,0
21807,21800,1
24331,21935,0
25552,25963,1
10107,10123,1
27407,27384,1
13970,13766,1
31490,27702,0
12111,20155,0
26974,4154,0
24202,24025,1
16111,16233,1
16407,28489,0
16830,12600,0
26359,26473,1
5553,5705,1
15753,4838,0
16882,16799,1
11656,11567,1
30196,25982,0
7707,12073,0
29020,29097,1
25149,21977,0
12223,6909,0
7783,7720,1
9062,2726,0
2431,22250,0
21959,21701,1
3111,9343,0
5072,5373,1
20745,29140,0
18483,18070,1
31098,31290,1
11740,654,0
11919,19634,0
6956,22938,0
29187,27484,0
2008,18883,0
25293,9606,0
25572,10261,0
26758,5841,0
1966,30835,0
17821,17892,1
14122,14424,1
24651,24689,1
7322,5687,0
10496,10307,1
12220,12214,1
7344,7342,1
6910,18586,0
4197,10015,0
15581,29151,0
23394,19240,0
17756,7774,0
31015,12317,0
14686,12352,0
16729,12940,0
16638,16875,1
20477,3383,0
21119,13279,0
942,547,1
19873,19893,1
14015,14458,1
17865,25871,0
24631,24951,1
24346,4449,0
31124,16709,0
6343,3281,0
26474,26024,1
31976,31673,1
19344,23590,0
28397,28199,1
27032,27217,1
17983,17668,1
19357,26037,0
9086,18137,0
23208,23009,1
13522,3128,0
14657,14755,1
18738,18931,1
11326,18301,0
12326,24865,0
20942,20743,1
14711,14537,1
3539,3659,1
9322,9283,1
22368,22204,1
10612,10637,1
26530,30340,0
13586,30896,0
17955,17609,1
22864,24911,0
18836,30272,0
26886,26532,1
2025,2680,0
19438,19000,1
8378,8436,1
24675,11357,0
17398,3050,0
19452,13990,0
14032,9533,0
14425,14120,1
20450,20436,1
6813,8831,0
10873,29983,0
7656,7915,1
23230,23937,0
27820,27871,1
24737,26805,0
22064,9007,0
1386,25578,0
23924,11907,0
17794,17950,1
2142,2315,1
15243,15199,1
25200,25219,1
1927,1600,1
6935,19321,0
3118,6148,0
11737,11805,1
3221,8637,0
26991,8105,0
5193,5413,1
18421,18305,1
13879,17111,0
16664,16505,1
10870,10977,1
16781,25044,0
2270,4334,0
1406,22208,0
20068,20432,1
3080,24146,0
14155,19177,0
19275,17612,0
29187,3456,0
22238,22239,1
21980,29449,0
19076,29162,0
26853,28635,0
2269,18228,0
24845,2243,0
13434,13460,1
6473,6380,1
22540,22852,1
22505,22507,1
11550,29286,0
7336,7194,1
31025,31375,1
26042,1706,0
19367,19423,1
4701,4832,1
14948,17646,0
8016,8354,1
6064,27233,0
11698,15585,0
24230,23146,0
5724,5884,1
27036,26176,0
18315,5198,0
27163,27394,1
9559,21187,0
5858,5972,1
5703,5641,1
31016,15272,0
3606,3799,1
16276,27489,0
27772,8316,0
11748,30532,0
20355,20343,1
5178,5181,1
29985,29676,1
29749,29587,1
25942,25633,1
4405,4276,1
20020,8191,0
7995,7751,1
31014,31405,1
19401,31906,0
13703,13773,1
15076,28606,0
17888,17777,1
25143,25237,1
8036,27724,0
2065,2254,1
27432,12429,0
8322,16469,0
11443,6180,0
27556,27549,1
28017,28064,1
22338,25208,0
6393,6062,1
25217,24071,0
18067,18430,1
25447,13295,0
21538,21727,1
1695,22089,0
25737,25724,1
22664,21060,0
30009,5622,0
29280,24912,0
20488,20032,1
11547,11653,1
18987,10713,0
28855,28594,1
1652,8994,0
13430,17297,0
23727,23957,1
27652,27606,1
19885,19622,1
6298,3774,0
10196,10095,1
30406,30187,1
27294,15463,0
17892,17898,1
27466,29512,0
29485,29282,1
23049,19025,0
28975,18456,0
2641,2811,1
21527,21944,1
11570,11601,1
15013,21579,0
28289,8532,0
9220,9065,1
25326,25389,1
8175,10908,0
5204,19632,0
2890,2843,1
18329,20267,0
9566,15372,0
26480,26487,1
9438,9165,1
29852,22926,0
31879,27562,0
14043,14037,1
18965,27671,0
9202,12918,0
17373,9515,0
2617,2869,1
24476,24156,1
21771,21584,1
28427,29561,0
29036,26238,0
13475,10411,0
15406,15433,1
3707,23450,0
29057,11622,0
27292,19976,0
12317,12326,1
2362,1135,0
29689,23674,0
11385,16910,0
17409,17067,1
785,516,1
19423,19065,1
6969,25299,0
25519,25702,1
14499,14302,1
3846,4443,0
18950,30000,0
30967,30869,1
24154,24202,1
26075,16872,0
9236,9216,1
24456,24420,1
11495,26961,0
27617,14843,0
4207,4517,0
26266,26309,1
23205,31426,0
30833,30717,1
4789,4547,1
26547,26974,1
14155,26934,0
21553,15522,0
27479,29713,0
26998,26714,1
31646,31942,1
4806,4958,1
17543,17627,1
21404,5208,0
23996,15865,0
5596,5868,1
19807,19315,0
26475,26250,1
8369,8016,1
27133,8186,0
7194,6693,0
20654,20708,1
4538,7387,0
21583,21548,1
23532,23912,1
17921,20831,0
21552,21547,1
24138,24357,1
18234,18061,1
2230,27263,0
16569,16699,1
11869,25604,0
6439,28058,0
4927,4655,1
9137,16917,0
6953,22905,0
6052,19962,0
13746,26153,0
27617,27858,1
22491,22208,1
26378,26101,1
12436,12389,1
14277,31674,0
19394,19147,1
20175,20254,1
16088,21748,0
22042,843,0
27226,27435,1
8177,8307,1
9061,13323,0
18736,24751,0
4670,4706,1
3148,19962,0
19350,19423,1
31956,31918,1
27678,12751,0
10154,22462,0
10248,10259,1
31651,31632,1
10274,30990,0
6044,6412,1
31760,31806,1
21668,28920,0
15799,15889,1
30544,13697,0
9566,9957,1
30079,21898,0
20167,5697,0
15287,15117,1
463,123,1
28223,25062,0
7252,13973,0
3369,12270,0
9113,9463,1
688,895,1
25691,25729,1
14016,12220,0
11492,2840,0
15838,15837,1
6040,19209,0
10997,10676,1
8561,8946,1
28260,1950,0
222,355,1
11793,20977,0
22729,23179,0
18205,18209,1
30587,30768,1
20329,20402,1
2720,27597,0
16535,25003,0
27477,3131,0
2525,2819,1
12927,26817,0
29659,29584,1
13125,13370,1
25600,16609,0
27229,27143,1
19022,19414,1
29708,27103,0
19146,19295,1
21494,27330,0
8386,8295,1
25966,26497,0
31991,31828,1
25604,5200,0
30907,25061,0
26190,26203,1
20948,28203,0
20519,20578,1
30248,9622,0
22395,22328,1
31038,9996,0
29694,29684,1
31001,31062,1
20438,20368,1
17018,17401,1
24203,24482,1
20134,23869,0
5412,5341,1
22822,11067,0
15451,9142,0
29624,29647,1
29520,29915,1
10565,10762,1
16905,19578,0
26083,23776,0
4569,27644,0
24656,24754,1
20864,20845,1
25719,16245,0
12382,12216,1
23713,23995,1
7829,12289,0
31560,31572,1
4013,11672,0
19584,5746,0
10714,10553,1
25750,25851,1
11597,11559,1
21077,21477,1
24822,19720,0
30671,6558,0
12644,29867,0
10909,9681,0
17973,24775,0
11018,11324,1
5634,31826,0
11328,21892,0
11679,11815,1
20393,20137,1
21203,14320,0
16105,16388,1
29008,29063,1
5109,5461,1
20462,20175,1
17759,380,0
4579,4889,1
5159,8032,0
13328,13377,1
27790,24614,0
14286,20625,0
13696,13781,1
17725,17539,1
7853,7501,1
20522,14141,0
18624,19111,0
11257,3174,0
26541,26700,1
18443,18113,1
4980,4587,1
17226,17338,1
8687,8278,0
5517,26865,0
7554,29693,0
2203,12060,0
23382,380,0
6617,11961,0
7493,11328,0
6375,3285,0
6313,24195,0
21882,26883,0
17547,17835,1
13398,9110,0
11307,28418,0
21206,21095,1
16785,30924,0
10694,10501,1
27884,18802,0
16754,9012,0
11611,11548,1
4287,4363,1
1654,3873,0
25885,25976,1
15713,15968,1
2059,4203,0
24417,21428,0
20133,20200,1
21568,26851,0
1684,16666,0
8053,19266,0
15754,31644,0
30732,30821,1
7588,7620,1
25035,924,0
21722,18295,0
30322,30075,1
26465,2927,0
8668,451,0
2221,2329,1
22853,23729,0
16273,16157,1
21063,1277,0
19861,17009,0
13170,13052,1
26734,29241,0
4991,7589,0
12279,12483,1
23235,23032,1
3805,7326,0
5309,14079,0
1299,6479,0
23858,23654,1
12116,12300,1
27076,3505,0
20816,13956,0
4920,4541,1
11034,11244,1
11091,11016,1
3515,25079,0
27879,27513,1
14652,12106,0
7513,4375,0
24783,1981,0
11528,30509,0
21243,14922,0
8792,16971,0
22583,22858,1
27820,21294,0
8094,8184,1
5771,592,0
13987,28604,0
18213,18091,1
25872,25735,1
26711,26523,1
23148,23438,1
12608,12575,1
13329,11787,0
835,5725,0
7955,7784,1
20694,713,0
8355,20227,0
22460,8967,0
24716,24637,1
14095,14217,1
23057,23402,1
29072,14025,0
1810,24372,0
29611,16096,0
1208,1138,1
28449,23370,0
30325,3736,0
14903,4239,0
10386,26933,0
10453,2439,0
4492,15153,0
22962,22883,1
27349,27372,1
1783,16201,0
28884,28917,1
1202,1069,1
3688,3680,1
24443,17471,0
14814,20440,0
13,282,1
25271,25244,1
7748,1619,0
1942,1810,1
17905,17524,1
9359,9013,1
21013,21227,1
7454,7203,1
29516,30182,0
27989,11719,0
20131,10754,0
29490,29053,1
16695,24701,0
4794,8129,0
6944,6519,1
17744,13842,0
28269,28881,0
1591,1726,1
13353,13360,1
29041,3104,0
8371,8059,1
6335,6441,1
16259,3012,0
24344,24309,1
18078,16754,0
22992,22571,1
27297,16510,0
18286,22914,0
27413,27463,1
31913,1305,0
28252,28281,1
27583,27635,1
22538,22891,1
12197,29419,0
14350,14166,1
23575,23964,1
1410,1194,1
5843,5825,1
9694,9864,1
8541,12162,0
7169,27546,0
405,15427,0
8141,11578,0
25861,15818,0
7257,7167,1
10855,2443,0
20932,20576,1
23237,6487,0
18497,12060,0
19159,13159,0
6323,2896,0
24586,5668,0
14394,13718,0
29265,29483,1
8830,7171,0
19545,19748,1
21682,21741,1
13662,13832,1
31021,31421,1
932,790,1
336,28743,0
22228,22281,1
2678,5202,0
2610,27948,0
9135,9397,1
23372,23267,1
10784,18887,0
12240,30605,0
10685,10907,1
844,24819,0
8560,6936,0
14915,14830,1
29115,17552,0
5495,5109,1
4285,10618,0
30835,31679,0
16830,8269,0
5934,5696,1
4093,4069,1
17762,5818,0
25846,535,0
9905,30484,0
2163,2118,1
3028,3173,1
21622,2130,0
5977,4184,0
21742,30263,0
7310,22800,0
21813,21791,1
5051,14053,0
653,862,1
14786,27226,0
21487,15882,0
16400,4168,0
13900,15047,0
17874,17842,1
13860,19441,0
7031,14103,0
17238,9433,0
21715,21823,1
30358,9394,0
3161,24797,0
7344,7369,1
5833,5915,1
7519,17141,0
6886,8876,0
13320,29979,0
5327,30231,0
9944,30429,0
23550,23525,1
24349,24105,1
28346,15959,0
21378,15033,0
27743,16080,0
24949,24596,1
232,131,1
1243,16046,0
28427,22923,0
12964,12768,1
21391,21067,1
24533,24970,1
27438,27491,1
10559,30920,0
22958,20899,0
30514,8444,0
22682,27875,0
2083,23147,0
20047,20483,1
17174,17287,1
5532,5583,1
21691,21511,1
1257,9328,0
3112,3221,1
252,4491,0
2438,16360,0
17529,17914,1
7162,7279,1
21811,665,0
19347,19415,1
2678,2750,1
5535,29564,0
5289,18758,0
28565,28839,1
9899,7940,0
9048,11007,0
24224,24427,1
2340,2067,1
18579,18539,1
4498,25498,0
20342,20246,1
25206,25186,1
9709,21174,0
27161,25605,0
28971,2515,0
23683,13427,0
25353,25100,1
5645,3665,0
16420,16049,1
23366,23463,1
24645,24629,1
31108,31193,1
976,10169,0
25641,15956,0
31071,31445,1
10941,3438,0
14701,3765,0
25431,28955,0
30104,7506,0
27348,27485,1
3513,3896,1
21594,3163,0
10976,10879,1
7455,7158,1
15066,15330,1
31117,31419,1
4566,9698,0
21856,15748,0
18127,18269,1
2169,2041,1
16705,7187,0
30899,16145,0
29664,29569,1
2663,2549,1
30271,13639,0
27609,27958,1
19090,3067,0
14529,21783,0
30466,30294,1
14371,30696,0
5158,5286,1
10074,8245,0
20269,23985,0
12656,20198,0
23451,23119,1
20787,20820,1
24154,5581,0
18821,23858,0
8979,3307,0
534,698,1
12760,19313,0
4443,20372,0
4525,4877,1
30244,27196,0
23012,23371,1
29371,29073,1
11225,11035,1
23748,23916,1
4231,4092,1
27208,10041,0
6200,6316,1
11696,11525,1
29022,29053,1
14427,14001,1
14792,14924,1
18963,27279,0
11080,11402,1
26324,3574,0
21409,21469,1
24999,9322,0
2385,2191,1
26459,26186,1
24943,24885,1
29171,29386,1
5674,23140,0
15345,28163,0
12465,12062,1
20797,20763,1
23752,20730,0
10573,10839,1
17024,17334,1
10592,10851,1
2541,28647,0
18805,18809,1
1323,30497,0
10100,12927,0
26566,23598,0
15441,30544,0
12026,12324,1
15248,15092,1
21299,21072,1
20381,20410,1
4378,4511,0
19478,14774,0
3120,10869,0
5473,5490,1
31141,380,0
25389,10426,0
1663,1976,1
26779,26576,1
26875,26549,1
24013,8706,0
9747,9938,1
22160,5834,0
27533,27988,1
6248,6428,1
8171,23455,0
21337,25022,0
8783,8668,1
12794,14506,0
26627,26636,1
9312,9179,1
14542,22572,0
1513,13243,0
21117,21207,1
26888,26915,1
28438,28447,1
9490,849,0
3811,5389,0
16786,8257,0
26164,26078,1
21041,17019,0
15340,15281,1
10383,10398,1
11538,26662,0
12619,19432,0
31696,31777,1
17243,17260,1
15082,15203,1
23019,23284,1
4779,21786,0
22072,25079,0
5488,5152,1
6933,6988,1
30293,30358,1
3447,16155,0
12696,3788,0
31281,26486,0
21109,11547,0
628,1975,0
17092,17287,1
1894,1656,1
28422,13373,0
973,5440,0
19648,19637,1
3876,3953,1
12423,12118,1
22092,22380,1
18043,18372,1
29174,23581,0
2927,2580,1
26130,26297,1
1403,1159,1
19258,19411,1
21874,23338,0
9185,9243,1
24853,24935,1
10651,17032,0
29458,14272,0
1714,20803,0
30036,31493,0
15375,15344,1
6011,16350,0
13382,10714,0
10910,28081,0
14534,14862,1
98,9392,0
5792,5879,1
8136,23787,0
16531,31401,0
16778,29848,0
2485,2324,1
25306,25028,1
144,98,1
30058,30142,1
23098,29049,0
30697,30857,1
31508,31243,0
17715,17900,1
29157,29351,1
12327,1986,0
5878,30082,0
15698,27247,0
25058,25452,1
12345,12389,1
2263,2029,1
15483,15037,1
13643,7238,0
23511,23774,1
11854,30166,0
31169,27289,0
27299,27373,1
24604,24777,1
20693,29217,0
284,449,1
11447,11020,1
16696,6073,0
15319,15061,1
26047,20742,0
14068,22765,0
31823,15565,0
6773,6593,1
8930,16133,0
6684,12186,0
17640,17631,1
15824,23762,0
17324,17357,1
17775,17689,1
7747,5867,0
27531,7610,0
30740,25685,0
6491,14782,0
25933,25565,1
21282,21014,1
8917,8913,1
7857,7764,1
19879,19921,1
6216,6352,1
9006,22603,0
20573,12723,0
1864,7854,0
2265,13021,0
4565,8532,0
21373,4558,0
9952,31029,0
7589,31918,0
12620,12876,1
25743,25746,1
4075,4370,1
10352,23167,0
30062,30178,1
15809,15729,1
8708,1634,0
6832,6863,1
27629,15396,0
23620,13419,0
30220,26578,0
10179,19584,0
12695,12519,1
30307,11940,0
17315,17455,1
10318,10484,1
7194,29135,0
11329,24006,0
5739,5776,1
25537,3392,0
20148,4832,0
12572,169,0
16633,29297,0
23812,23954,1
4625,29836,0
25266,1965,0
2509,27268,0
17018,941,0
20328,20037,1
18427,18312,1
4589,4555,1
937,19852,0
4015,14519,0
10308,29649,0
6086,31305,0
28063,28410,1
3327,23948,0
12178,12497,1
17042,17467,1
26457,26220,1
16292,31023,0
6029,2419,0
5389,21649,0
15663,15958,1
28903,28689,1
29821,29949,1
17554,17792,1
29745,29587,1
6033,22306,0
1564,29743,0
17447,17398,1
20616,23366,0
4522,6782,0
6715,13028,0
5072,5206,1
25678,25609,1
13591,31188,0
9538,9740,1
29544,15116,0
9513,22558,0
9884,9571,1
12010,10724,0
13317,15553,0
14944,7978,0
26753,26518,1
17007,3389,0
751,778,1
459,28937,0
19197,19124,1
18170,17204,0
20709,11999,0
6508,6779,1
25097,25172,1
18789,7585,0
5687,26428,0
20208,20061,1
11595,11779,1
24762,20920,0
5780,11317,0
25664,31820,0
28873,14196,0
28656,28726,1
6413,12479,0
24425,18769,0
28651,31290,0
28535,25123,0
29614,25218,0
28561,27093,0
606,799,1
7506,22397,0
28917,28727,1
26165,30720,0
3606,3628,1
27681,27619,1
12185,12283,1
1491,23305,0
4189,456,0
31204,23699,0
15297,3708,0
12579,12969,1
29377,29468,1
25545,21554,0
20932,20940,1
6518,6754,1
18182,18072,1
24346,26768,0
3717,3792,1
22725,22711,1
8838,8856,1
7777,7880,1
27348,27292,1
2218,11155,0
11408,29644,0
28212,28139,1
18287,18477,1
13203,23073,0
12289,28418,0
16664,30186,0
29784,29918,1
15479,1122,0
2980,21631,0
25730,5041,0
27371,27255,1
9561,24558,0
7022,5916,0
19574,19952,1
31434,31207,1
26904,7951,0
556,749,1
28486,28120,1
29933,29587,1
16744,30116,0
5514,5625,1
4971,26001,0
14989,1952,0
9100,9383,1
7878,29716,0
30739,12107,0
4140,4207,1
1316,8479,0
1898,11348,0
7444,30547,0
17703,17841,1
24,341,1
1733,20804,0
25126,13249,0
668,936,1
15746,23365,0
18640,18606,1
31362,18097,0
8637,21440,0
18331,18020,1
5756,1020,0
21776,21727,1
23494,22336,0
6613,310,0
2001,2019,1
1257,1416,1
6418,6051,1
5783,30458,0
11333,11195,1
1150,1414,1
11406,11394,1
2400,30126,0
19176,19424,1
8907,8828,1
20004,20220,1
6116,8998,0
5118,5025,1
7745,7836,1
4180,4298,1
18535,1877,0
21662,29565,0
15412,30011,0
23906,23951,1
4556,4766,1
16873,31592,0
23913,23589,1
17000,19713,0
30066,28126,0
15820,15885,1
9359,7877,0
6648,6902,1
28376,3840,0
19538,19393,0
20105,20179,1
2935,2667,1
4633,11756,0
2204,14511,0
13425,13285,1
15519,15527,1
10825,31505,0
21188,31974,0
27744,27655,1
13790,29253,0
13691,13816,1
19854,19791,1
21751,21409,0
18696,4474,0
15601,15624,1
4480,25064,0
22507,15490,0
19755,19887,1
10617,22645,0
30234,4788,0
23700,20002,0
331,227,1
1769,1576,1
4522,4992,1
10144,3738,0
14590,14529,1
10720,10893,1
23974,30194,0
20558,27531,0
9968,10793,0
16519,16555,1
19420,19304,1
25022,25070,1
21072,21005,1
5388,5464,1
7421,16081,0
8097,25247,0
13201,13441,1
1771,1755,1
27338,27388,1
18714,18705,1
2480,11893,0
16451,16005,1
10397,4316,0
27691,31271,0
15947,15704,1
743,511,1
4256,10390,0
5120,5189,1
22269,25518,0
2565,2601,1
9784,9536,1
6654,6505,1
23326,23085,1
18975,18663,1
13541,19296,0
30777,30960,1
24993,24787,1
15129,15282,1
31795,22198,0
18900,14050,0
7015,25406,0
11319,24949,0
541,22376,0
17356,17192,1
2924,2687,1
957,889,1
16372,21729,0
31909,15009,0
19791,19993,1
14828,14819,1
10367,10375,1
6894,23850,0
22182,30087,0
2072,2269,1
9518,9664,1
26088,10104,0
11148,11155,1
23088,21987,0
14753,11005,0
690,700,1
7896,11702,0
26841,7363,0
3308,27952,0
13610,9874,0
12578,12691,1
641,28028,0
6678,6948,1
21266,24638,0
5796,5538,1
14014,14103,1
14415,14027,1
15548,15667,1
10428,30671,0
19074,9173,0
15749,15766,1
558,842,1
9081,9477,1
12111,12229,1
12673,19275,0
12484,12257,1
5695,15529,0
16278,21104,0
24607,28174,0
11495,12844,0
2118,2030,1
4379,8388,0
4942,26759,0
10094,10217,1
9396,9056,1
18991,18824,1
23722,6471,0
24700,23462,0
4297,4442,1
28103,1613,0
21267,29897,0
6883,11361,0
19774,19686,1
9518,1104,0
7222,8525,0
1401,15777,0
29873,29899,1
19971,19673,1
21898,15227,0
11913,1592,0
21375,21015,1
22435,29752,0
6824,6500,1
11061,11006,1
7683,7503,1
16643,16637,1
17498,17047,1
24316,15706,0
10186,10083,1
23705,23656,1
1272,1463,1
7254,7499,1
6304,6266,1
30143,30465,1
31219,31381,1
31389,16598,0
14767,183,0
21820,21953,1
3737,22530,0
2017,16728,0
8035,22121,0
26612,26729,1
9921,24973,0
8814,3811,0
27760,27810,1
12870,5695,0
4649,19297,0
3910,3933,1
18352,26252,0
6982,28770,0
22739,16629,0
9529,9574,1
3072,3009,1
26127,26086,1
9534,9629,1
1317,1438,1
9061,17656,0
7559,7542,1
31416,31095,1
3619,9102,0
28814,28518,1
21183,17106,0
10029,10491,1
19467,19112,1
15984,15745,1
25682,10668,0
29700,29710,1
16351,20031,0
11208,5746,0
13345,7886,0
30971,30676,1
33,216,1
27359,28095,0
19155,19359,1
5057,5378,1
31334,19648,0
14679,14653,1
19310,19044,1
28602,15042,0
3285,3903,0
8241,31333,0
14398,2280,0
28438,7953,0
23627,23955,1
2831,13763,0
6552,6506,1
27500,27586,1
10057,10101,1
8063,8397,1
10274,27946,0
15614,15713,1
31167,31432,1
12682,23006,0
14396,6594,0
16630,16809,1
17253,17105,1
2913,26168,0
16350,16061,1
26259,26013,1
21466,21259,1
19098,19349,1
16840,15489,0
25790,25625,1
1177,14068,0
10573,18324,0
30177,24131,0
16616,16622,1
24847,2214,0
22580,22659,1
30029,30262,1
15656,12999,0
16903,16585,1
25160,2017,0
9715,9771,1
13809,9140,0
12880,12565,1
11396,7920,0
22562,13770,0
962,17325,0
7765,7598,1
3196,3357,1
13836,13994,1
23386,23199,1
20442,20008,1
14550,3033,0
12676,10222,0
25810,22128,0
11529,6118,0
9493,25233,0
25659,20109,0
20606,20622,1
16694,7261,0
5447,31332,0
19622,19529,1
21407,28451,0
1661,29028,0
27882,27585,1
24859,29103,0
15937,5883,0
9001,5798,0
28504,28671,1
29170,29339,1
3393,1197,0
25184,25346,1
15008,15457,1
1993,1778,1
28313,28417,1
28191,28018,1
2233,2475,1
11990,845,0
5636,25629,0
9410,9443,1
9495,25114,0
23318,28438,0
5286,31854,0
1072,1106,1
4847,31381,0
28118,21375,0
3613,11265,0
3270,3436,1
18345,15603,0
31893,4464,0
13125,25463,0
1290,1179,1
31346,31486,1
21583,21909,1
3126,3250,1
22261,22028,1
6712,6733,1
20212,20119,1
2482,31037,0
31590,31750,1
5519,26260,0
22727,22887,1
132,25730,0
19470,3352,0
22302,27965,0
26082,29192,0
11075,11234,1
28841,20266,0
31737,31837,1
29429,5915,0
3111,3341,1
14439,29404,0
8091,2301,0
1451,1314,1
14787,17387,0
18036,18336,1
3649,3915,1
22424,31500,0
5135,19067,0
824,527,1
15771,15710,1
10421,10009,1
172,31142,0
7169,7083,1
13228,13031,1
11724,14183,0
12048,15668,0
16795,329,0
30921,30582,1
24939,9256,0
532,9794,0
10813,10945,1
19965,22624,0
8845,31314,0
16892,16574,1
12084,12485,1
25301,25477,1
23831,9353,0
29515,17389,0
18207,18141,1
13983,13535,1
15409,15317,1
9427,20549,0
17927,17628,1
26961,26536,1
8245,8314,1
17876,17804,1
2351,7327,0
11892,28568,0
26800,315,0
28734,23837,0
30809,2174,0
15099,15389,1
23866,19028,0
21337,18459,0
19604,19981,1
1939,1849,1
6885,6810,1
26767,6971,0
17587,17750,1
12515,11351,0
23562,25961,0
7288,25109,0
18426,25232,0
19537,6052,0
21399,21231,1
20617,17146,0
2972,16932,0
19271,19497,1
20311,20403,1
27763,4007,0
19413,23846,0
24664,18172,0
12158,9855,0
28914,28528,1
13247,10585,0
29810,29727,1
31830,4457,0
17161,17447,1
951,13974,0
5246,2781,0
23355,23360,1
4294,26276,0
353,168,1
5809,30895,0
6756,11898,0
15877,15202,0
23957,2948,0
14839,14697,1
359,27626,0
19855,19799,1
9879,9914,1
21524,21584,1
19379,739,0
20886,11679,0
10633,10540,1
13712,31453,0
2518,2731,1
14563,5983,0
5256,2144,0
22730,22736,1
2889,2868,1
27078,8127,0
17051,6741,0
14389,5375,0
3559,3840,1
1761,1772,1
7395,24951,0
2796,3549,0
8788,26031,0
7364,7190,1
19408,18437,0
21403,21324,1
26827,26663,1
9028,9085,1
30520,4777,0
18118,8455,0
3911,30285,0
6722,5457,0
28604,28657,1
10774,12719,0
17399,23742,0
11576,11531,1
12126,11757,0
7640,7934,1
30610,25804,0
20189,26818,0
3222,3044,1
5932,5654,1
4658,4736,1
18660,18692,1
22742,24981,0
6919,6860,1
10020,11725,0
11020,23313,0
9888,19993,0
1457,29441,0
19483,11787,0
4276,4115,1
20396,8493,0
568,994,1
27150,27019,1
29820,23330,0
30334,30304,1
23335,23271,1
8917,8905,1
28292,18959,0
11791,11614,1
24562,24721,1
31747,2372,0
30115,30047,1
19787,19982,1
14860,14849,1
25932,25828,1
25584,28884,0
3023,3050,1
30466,30283,1
6949,6678,1
14186,14306,1
23750,17593,0
5329,14493,0
22778,22846,1
24229,24131,1
3463,3202,1
18318,25175,0
21302,22547,0
9171,14393,0
16480,16062,1
24198,24018,1
22883,22662,1
29206,29006,1
13354,7424,0
15016,27702,0
6461,6199,1
4460,4238,1
11165,11201,1
1006,13281,0
17442,5707,0
16438,16266,1
9260,31704,0
21187,1156,0
13727,13928,1
8877,8552,1
26535,26810,1
15969,15934,1
29656,29732,1
3501,3529,1
2492,2249,1
13406,21064,0
6339,19233,0
19282,15703,0
28035,28257,1
4886,1322,0
7452,7323,1
21886,13802,0
11731,13071,0
14973,14536,1
9465,9494,1
19314,19273,1
12567,12651,1
30792,4422,0
652,993,1
25456,25086,1
13888,23232,0
28037,28315,1
12002,12006,1
11640,17306,0
22703,22568,1
24017,29028,0
2903,2070,0
3727,3899,1
29702,29656,1
23055,23403,1
19841,19539,1
4413,4071,1
19532,19825,1
1268,17684,0
15591,15600,1
17260,12825,0
22349,11495,0
29678,5335,0
20573,24441,0
14011,14241,1
1365,1231,1
19287,19415,1
23040,30676,0
2026,2401,1
16144,16386,1
16529,2884,0
8995,2638,0
8947,12710,0
30147,30230,1
9655,9584,1
23529,19029,0
12024,12309,1
18603,22624,0
1077,1025,1
16434,12157,0
29993,29538,1
16190,25385,0
18147,18233,1
4160,4842,0
27461,8621,0
31665,29239,0
31464,31072,1
14777,19098,0
23140,23174,1
15925,15776,1
18531,18689,1
1625,1908,1
27736,22742,0
30832,7284,0
14025,14393,1
12572,12754,1
26564,26533,1
11812,31504,0
6457,6024,1
25989,25754,1
30236,22683,0
28629,28641,1
21657,25461,0
18844,26103,0
19308,21593,0
6575,13138,0
16904,16911,1
12825,12948,1
6980,6949,1
15879,15648,1
31936,17915,0
5697,5953,1
31596,31573,1
17716,17700,1
7978,27774,0
5426,5498,1
11362,13110,0
25306,25182,1
7386,10478,0
6675,6774,1
9049,9378,1
21419,26479,0
9500,3787,0
513,908,1
2579,2657,1
340,298,1
22990,7781,0
26812,18674,0
16728,16677,1
6560,922,0
18130,28695,0
19221,19339,1
4530,4818,1
15755,23600,0
7387,7484,1
26099,26465,1
14005,10841,0
1188,21183,0
19411,19380,1
23143,23482,1
1568,26028,0
1351,25119,0
4968,4685,1
22456,8328,0
5402,5141,1
23773,23753,1
23656,31919,0
21091,26461,0
29721,21731,0
24478,850,0
29202,29084,1
11696,11747,1
11685,29185,0
29870,16901,0
19761,19837,1
9745,28574,0
26736,26958,1
16492,16222,1
8132,8477,1
1208,25262,0
21444,21186,1
14781,10847,0
31670,15965,0
29102,29133,1
3232,3304,1
4691,9236,0
9350,9208,1
28033,28460,1
21800,27371,0
2973,2634,1
15415,31101,0
21323,8473,0
9350,17147,0
15018,3793,0
30987,12008,0
3081,15379,0
18478,24748,0
8472,8422,1
29981,29740,1
3971,3894,1
30149,30038,1
25007,25073,1
22083,22201,1
15209,5366,0
9793,28331,0
4396,4160,1
22957,22098,0
26376,26102,1
30577,2001,0
17656,17700,1
30618,30608,1
807,6026,0
21258,21341,1
31405,20561,0
15580,1970,0
30896,18787,0
31094,19502,0
23730,23829,1
3040,3163,1
31415,24566,0
19338,10335,0
16850,15545,0
30865,1526,0
7341,17113,0
22652,9829,0
12705,12774,1
22713,22595,1
30769,30692,1
26,10926,0
161,246,1
4535,27297,0
15284,19035,0
21228,23535,0
5222,5286,1
6341,28088,0
30158,2729,0
26679,29409,0
21730,419,0
30082,19995,0
2955,2721,1
5478,5080,1
11570,3583,0
10073,4144,0
23720,22023,0
26110,5250,0
19348,8825,0
1935,1608,1
7017,13435,0
27320,27396,1
27359,27035,1
22391,22023,1
27378,21294,0
3773,28276,0
20060,6772,0
19299,8873,0
549,901,1
1229,10606,0
8591,8565,1
15790,3326,0
26926,26746,1
13126,28870,0
16249,16204,1
29738,29990,1
29150,22270,0
12380,31625,0
8459,17881,0
17389,24811,0
16408,16089,1
23218,23328,1
9771,9996,1
21328,21355,1
19366,14275,0
2381,23466,0
13759,18010,0
24822,22415,0
4149,4241,1
26061,26143,1
11963,11755,1
16236,16222,1
22088,2692,0
20163,26424,0
15062,26918,0
27970,27612,1
10536,9434,0
12692,3232,0
20182,20130,1
22414,22314,1
18082,22043,0
20688,20789,1
8895,20478,0
7399,11217,0
31576,31986,1
27034,12487,0
25195,25104,1
31902,857,0
19311,19023,1
16449,16242,1
22379,22213,1
30629,30646,1
10067,27137,0
6208,6274,1
27656,28688,0
18048,26118,0
20886,6175,0
23638,23861,1
8164,8119,1
9545,13257,0
14778,14942,1
18403,18150,1
25289,16893,0
27948,27966,1
21297,21120,1
25492,24368,0
11068,11082,1
7032,11312,0
29553,16177,0
11349,11038,1
15842,15793,1
1032,1043,1
18452,354,0
11555,11875,1
16955,16896,1
2988,2705,1
22556,22971,1
12560,13025,0
26062,26179,1
14258,26605,0
27907,27529,1
11240,15843,0
734,11385,0
22964,22812,1
22924,22881,1
20487,27782,0
17157,29002,0
10895,19822,0
20006,25318,0
1120,22759,0
27533,27552,1
23960,14672,0
29633,580,0
18443,18015,1
15100,30205,0
5525,5555,1
12497,12347,1
7531,30045,0
18455,9840,0
31477,14156,0
21403,21013,1
4534,4895,1
29596,17442,0
25260,13381,0
4212,4208,1
9678,9545,1
24560,8622,0
15248,20712,0
25919,25969,1
21180,10870,0
9226,9447,1
4007,4316,1
26894,10678,0
31202,31429,1
21452,16289,0
10026,10234,1
11192,4008,0
23943,13152,0
20003,18500,0
22177,22278,1
8225,8187,1
27716,27709,1
19119,7977,0
11566,27975,0
11486,8295,0
27191,17424,0
22767,22762,1
21404,21440,1
31307,31210,1
6488,785,0
30145,20005,0
4030,4364,1
19351,19327,1
26347,26086,1
9797,21922,0
13355,26662,0
8867,8715,1
1805,1742,1
15080,2201,0
30110,30037,1
25672,9349,0
21218,21056,1
19688,8118,0
28934,11587,0
24207,23964,0
21016,21011,1
24124,8962,0
5962,23241,0
13447,13054,1
20616,20737,1
5756,19884,0
12393,12267,1
14648,612,0
7330,12711,0
24570,3828,0
2178,18874,0
6444,16007,0
13418,13226,1
14936,28582,0
18342,5161,0
30635,26435,0
14915,14914,1
14249,14112,1
15191,15442,1
31921,31820,1
24541,26216,0
61,497,1
1604,6880,0
15542,15572,1
19052,19200,1
6718,14923,0
27510,26898,0
11764,11766,1
31422,22724,0
13112,13163,1
9311,9140,1
15616,15853,1
11131,11194,1
3711,4887,0
29957,25198,0
26557,23479,0
14830,14769,1
12127,12307,1
14889,14895,1
2313,21067,0
19853,19560,1
25353,2200,0
31878,31659,1
24209,24002,1
22384,22251,1
5711,15848,0
29589,26300,0
26608,26942,1
7647,30586,0
7364,22887,0
10816,10838,1
15750,15605,1
5458,5022,1
31336,25278,0
8188,8369,1
8636,8951,1
17168,17481,1
1476,1459,1
12866,12550,1
10868,29070,0
2161,31835,0
11621,11847,1
25698,18974,0
6722,6557,1
11980,9048,0
19631,11956,0
4878,4971,1
26675,26533,1
5806,5688,1
13578,24176,0
4253,4945,0
9898,9517,1
1224,1414,1
20690,20805,1
4718,20686,0
23991,23879,1
6311,3907,0
23154,26795,0
17947,17792,1
25014,1915,0
6249,6465,1
28074,20533,0
23766,9142,0
30779,30699,1
17093,17484,1
8042,8214,1
4657,17286,0
19386,19294,1
21737,6117,0
17241,15057,0
9718,9780,1
5003,5091,1
5529,21948,0
30332,24604,0
27123,27299,1
13335,16216,0
18688,18814,1
15567,15864,1
25529,4171,0
23298,2776,0
4953,16711,0
31795,17236,0
9661,9659,1
29646,30169,0
8337,4776,0
17564,17820,1
13704,16286,0
14,5070,0
30179,30017,1
5344,5068,1
14388,14154,1
24962,24523,1
14247,16022,0
7877,2351,0
10080,15960,0
13143,31718,0
13713,1977,0
29518,29994,1
10506,4369,0
29029,10677,0
19735,17489,0
43,4400,0
5186,6061,0
25443,25268,1
28448,22708,0
21093,30193,0
14014,3627,0
26569,26742,1
19512,22404,0
27872,24349,0
2571,30553,0
25127,25303,1
26040,16638,0
3402,3397,1
24179,23543,0
21767,1448,0
14450,14489,1
16691,5386,0
19585,19766,1
30606,15177,0
26935,18571,0
11445,11435,1
14377,28030,0
31367,13793,0
9092,16246,0
17478,2662,0
13904,23669,0
8106,9941,0
30561,13535,0
17688,20680,0
21787,21524,1
3421,3422,1
19016,19000,1
23412,12942,0
7644,7676,1
8460,8200,1
19632,29858,0
29905,29705,1
18003,11514,0
16304,16037,1
2727,2652,1
10359,24879,0
4992,4773,1
5255,5432,1
29731,29955,1
19451,19416,1
21405,21074,1
12190,12196,1
14428,6237,0
31004,31000,1
27533,27055,0
13200,13051,1
24468,24237,1
30819,16824,0
269,392,1
15054,15384,1
20706,20763,1
19123,19127,1
28598,28823,1
14704,19406,0
8512,8787,1
28950,28826,1
3944,3561,1
25982,25639,1
31480,1332,0
7862,394,0
9209,9445,1
8473,8387,1
8148,8023,1
1069,1155,1
31606,14833,0
17120,17220,1
3637,3910,1
2805,6131,0
17020,699,0
830,502,1
28975,15115,0
30691,3216,0
24069,9839,0
18850,21621,0
16641,16796,1
1987,17719,0
31674,31790,1
19213,17038,0
13372,13280,1
4536,4792,1
26126,21400,0
1914,30701,0
31232,26636,0
5762,5543,1
9271,9445,1
6392,28949,0
30361,30467,1
906,18093,0
23922,23910,1
12025,10155,0
22538,11516,0
23298,5417,0
19486,6824,0
1930,1628,1
4761,29765,0
19818,2926,0
29485,3779,0
12829,18050,0
28825,28972,1
8247,396,0
19745,17330,0
11302,11305,1
7156,7230,1
8962,8619,1
10579,10599,1
27144,27413,1
22986,22729,1
23180,3615,0
20688,20959,1
3200,3271,1
4814,4532,1
20514,8260,0
17793,17615,1
21419,11336,0
25561,25640,1
28173,9710,0
11853,11979,1
21454,13769,0
3313,3401,1
16242,15939,0
31416,15326,0
5996,14804,0
25889,17706,0
25588,25896,1
20383,20064,1
4255,4025,1
23248,16343,0
21989,31828,0
6566,6822,1
17107,12048,0
2449,2457,1
31283,26447,0
30088,30214,1
690,19071,0
22586,22789,1
2434,3734,0
4911,4596,1
20509,20952,1
26949,11557,0
18690,18764,1
327,114,1
4707,29392,0
23986,23507,1
4310,4401,1
17986,17858,1
10379,10226,1
19843,17464,0
9740,12354,0
13799,25625,0
25093,25149,1
30089,5257,0
6833,6644,1
27414,25640,0
7614,7793,1
27347,27430,1
30132,9287,0
30634,30788,1
15931,25682,0
31905,31609,1
15115,9905,0
18742,13033,0
26131,26096,1
18128,27399,0
18145,18069,1
20098,20349,1
25330,25255,1
23244,27455,0
29744,22477,0
12287,24357,0
24712,20366,0
26329,18813,0
1655,1609,1
14598,8044,0
31584,13667,0
10912,28315,0
23249,13781,0
3216,3176,1
21827,2023,0
24185,24215,1
20412,20166,1
19065,8925,0
2951,2818,1
3829,3717,1
3269,22562,0
2490,1872,0
22200,12166,0
10225,10383,1
9480,9104,1
21167,25452,0
13696,5075,0
30736,13145,0
21915,25656,0
10579,13476,0
17282,17060,1
8668,1793,0
22655,19476,0
25443,17822,0
29841,29771,1
9752,6430,0
5328,4220,0
29329,12467,0
6436,14847,0
20061,20071,1
6068,21690,0
25710,25577,1
5235,13407,0
25622,25760,1
15768,6393,0
7540,17456,0
8015,17074,0
20753,31391,0
25621,2249,0
2298,2042,1
282,96,1
1942,22635,0
21614,21512,1
22814,22685,1
1578,1904,1
15892,13944,0
15015,15390,1
26775,26882,1
6163,1645,0
5721,30389,0
28889,28060,0
19505,4740,0
28266,3322,0
2210,17122,0
24445,24399,1
31644,31792,1
28755,28829,1
11494,11233,1
19364,15274,0
5798,10002,0
4644,4793,1
16426,23924,0
9928,9753,1
17504,17788,1
18428,4081,0
23555,23994,1
5428,5467,1
29141,29103,1
7904,7515,1
3359,3104,1
27519,17564,0
924,3009,0
20740,20926,1
24611,9194,0
30107,30086,1
4291,29050,0
11595,11827,1
25,128,1
25019,25005,1
27564,17445,0
17364,6918,0
27466,16475,0
7933,7949,1
31069,31430,1
22185,17592,0
19085,5044,0
12502,12519,1
27641,27715,1
18068,29452,0
3999,8412,0
22661,22548,1
22579,10148,0
20889,20561,1
28928,28788,1
17930,17582,1
6061,16460,0
8028,8320,1
7047,7034,1
31703,4858,0
18966,18567,1
27517,27977,1
31774,29088,0
28027,28096,1
3803,1656,0
20036,20392,1
21694,21549,1
30275,11467,0
8519,10641,0
18702,18739,1
2014,29175,0
12312,7042,0
8421,8298,1
10216,10142,1
8081,8340,1
8112,15676,0
982,936,1
17921,23083,0
23521,16381,0
6097,4258,0
25171,452,0
22092,9082,0
25016,25042,1
8475,17082,0
1282,1246,1
25731,25609,1
2242,2438,1
18505,3698,0
31875,15952,0
15926,15861,1
17149,23608,0
25116,18049,0
3809,25573,0
20783,13097,0
14338,29132,0
23798,23540,1
4344,4176,1
1418,13345,0
17072,6012,0
25461,25442,1
6296,2416,0
8068,8005,1
18809,18580,1
15935,14124,0
1251,1223,1
18491,18495,1
5457,5161,1
25958,25539,1
9156,7157,0
26452,9536,0
2519,24907,0
17076,12891,0
14619,14524,1
25009,19126,0
16591,28914,0
25587,27341,0
22611,16569,0
24293,24193,1
4253,18978,0
1649,31574,0
22317,9267,0
16333,19822,0
25493,31381,0
22976,8924,0
16599,16958,1
12107,12189,1
9787,6537,0
25101,2777,0
2033,2415,1
17393,27935,0
31070,21672,0
2496,7474,0
14062,16608,0
25756,25520,1
18284,11456,0
13756,13745,1
17685,2161,0
18698,18940,1
14416,1999,0
11045,11102,1
5548,27428,0
16318,9348,0
29390,9853,0
9735,9785,1
17751,17593,1
19390,19250,1
18997,28086,0
10401,34,0
15830,15857,1
3945,21345,0
17460,4093,0
31351,31480,1
6247,6101,1
29458,15065,0
6516,5641,0
24816,15461,0
16724,2798,0
3363,24772,0
26812,26957,1
11175,15715,0
28938,28737,1
11181,11227,1
18614,18902,1
13755,19638,0
29187,13659,0
29036,29163,1
5939,30158,0
19472,19201,1
24818,24863,1
3625,15393,0
22388,22317,1
29567,29847,1
6289,20741,0
6755,6978,1
10514,10517,1
22238,5462,0
13913,13660,1
19828,19801,1
17477,17290,1
30227,30422,1
3139,3045,1
20138,20325,1
21868,16756,0
30529,16201,0
12954,7246,0
21616,21660,1
14836,14606,1
14686,13813,0
1878,18027,0
22243,1648,0
23461,16354,0
28558,28537,1
18868,15115,0
4557,4391,0
11598,11610,1
11258,11274,1
11540,28753,0
5259,5274,1
11089,11483,1
1226,1194,1
4789,21812,0
22570,23148,0
3599,12156,0
30442,31618,0
30529,4159,0
31253,31311,1
13515,3344,0
28159,4243,0
11921,11881,1
17774,17814,1
7615,145,0
27071,6071,0
29944,2049,0
3856,3744,1
10937,2980,0
22349,22337,1
22985,22790,1
21773,21898,1
8796,8613,1
25683,25937,1
24742,23867,0
26345,30835,0
5452,5026,1
28626,28572,1
704,21399,0
24347,24164,1
14384,14216,1
25158,31968,0
15764,15589,1
18484,18445,1
11275,6530,0
1144,1484,1
4392,6668,0
674,10904,0
3562,3879,1
23669,15659,0
9145,9408,1
8094,11790,0
29220,6891,0
28705,28788,1
31735,31561,1
13847,5413,0
2159,2431,1
7798,7863,1
19914,4255,0
28935,24385,0
23403,23319,1
914,28072,0
27924,27504,1
30370,30439,1
12459,12063,1
23748,23926,1
12736,31040,0
15755,15781,1
14071,14261,1
25160,23731,0
26100,77,0
13270,13257,1
16469,16461,1
28303,8233,0
1333,26719,0
31450,7995,0
21773,26441,0
11254,11249,1
9956,9763,1
5388,5377,1
11554,14857,0
16353,16065,1
27722,607,0
9052,9409,1
11528,25743,0
20165,11933,0
25505,25802,1
2549,2969,1
7430,7157,1
2547,2886,1
8878,8504,1
17182,17218,1
15821,15711,1
27521,27945,1
23289,22461,0
19796,11902,0
22096,22092,1
26764,154,0
1792,1822,1
18205,18006,1
23118,23439,1
9082,19711,0
21744,21707,1
28464,28042,1
19430,19127,1
15194,7962,0
14803,14662,1
14719,14835,1
4756,30251,0
16364,17771,0
19131,16370,0
24875,20755,0
13910,13809,1
31658,22468,0
3138,31964,0
633,12192,0
11963,11516,1
26614,15901,0
18375,18001,1
17267,31284,0
24206,24413,1
229,21194,0
23262,23451,1
24361,27731,0
29812,25797,0
15,132,1
2587,31305,0
31032,31265,1
10823,15740,0
1725,1938,1
12350,4651,0
27483,27168,1
6837,6602,1
14640,25430,0
1440,1079,1
10867,10524,1
8104,8230,1
7764,5150,0
31698,30775,0
27046,27227,1
28175,28326,1
26475,8728,0
3967,3551,1
31451,31051,1
19881,10970,0
12087,12417,1
20105,20267,1
22816,22806,1
10536,10659,1
31884,15867,0
973,638,1
15471,1746,0
7766,7549,1
27640,27502,1
10427,17865,0
12175,12371,1
25547,25964,1
1740,19841,0
25248,25011,1
19879,5415,0
27348,1200,0
26338,15177,0
23738,14609,0
15974,2828,0
17935,17865,1
808,551,1
26557,26712,1
27848,11449,0
14115,20205,0
23836,20414,0
30990,2153,0
30252,2170,0
16497,30642,0
21831,935,0
30696,30533,1
12273,29948,0
3321,17125,0
3791,28580,0
26086,26098,1
5294,21490,0
15504,15917,1
11057,11550,0
10061,15286,0
17174,17559,0
29589,26410,0
21468,21276,1
20801,20506,1
21911,794,0
3699,3658,1
4398,95,0
11761,11650,1
26138,264,0
7301,13183,0
23968,23665,1
8910,8894,1
1012,24823,0
26608,26614,1
20481,20145,1
7700,7799,1
12061,12217,1
5886,29375,0
10745,30418,0
18294,18319,1
9426,9025,1
14200,14284,1
6114,6397,1
4717,31574,0
12132,12461,1
28090,28266,1
17477,17248,1
64,22819,0
1616,1660,1
29591,29664,1
15781,22403,0
9196,10630,0
577,700,1
4459,4447,1
17975,11992,0
10253,10321,1
2908,2855,1
12223,12264,1
30310,30026,1
1674,1660,1
13567,8834,0
11146,11174,1
328,4091,0
7258,5645,0
745,153,0
15562,15781,1
12284,12195,1
16842,16569,1
12160,10512,0
28027,28420,1
17195,13045,0
11211,11022,1
30865,30753,1
15837,15831,1
23475,17768,0
14877,14858,1
26140,26277,1
26407,23546,0
9834,9827,1
25921,30072,0
10854,10522,1
4713,319,0
3797,20931,0
18506,17654,0
5292,5262,1
513,796,1
27989,15245,0
5300,5383,1
31057,13887,0
18209,18858,0
24364,24332,1
14275,10404,0
24307,24170,1
9335,9477,1
29564,11665,0
1991,1780,1
7221,27554,0
24895,24582,1
31317,31439,1
29093,29129,1
12611,2971,0
7881,6206,0
18738,6757,0
31797,11024,0
7552,28584,0
2010,2383,1
6628,6622,1
25756,25741,1
22321,22171,1
11601,19630,0
5735,289,0
31115,17011,0
13644,13864,1
28477,28127,1
29961,29647,1
4380,22259,0
20654,5307,0
22344,1582,0
27263,19001,0
12711,12757,1
29448,20605,0
6332,6404,1
26479,16482,0
10521,10853,1
13822,25537,0
17256,11342,0
7433,971,0
13300,13415,1
22038,22163,1
5831,5824,1
23417,23102,1
19382,26922,0
25002,16076,0
8884,7503,0
19868,19820,1
15732,18300,0
5369,17196,0
6160,6199,1
9392,14367,0
10889,29694,0
24091,29760,0
28153,25237,0
3227,3262,1
19908,4004,0
16972,16868,1
29796,19146,0
22431,11486,0
3521,13989,0
1328,1495,1
6207,6289,1
25870,29493,0
25387,25279,1
28522,28634,1
6090,22749,0
10857,4029,0
29018,16447,0
5843,5882,1
12583,12531,1
24349,24442,1
30788,30555,1
7610,7824,1
7603,25575,0
7860,14822,0
16995,16835,1
25362,25424,1
22038,5361,0
10897,11901,0
16726,24696,0
9465,9038,1
4172,31570,0
25557,31031,0
9461,9053,1
19645,18811,0
1345,1177,1
13514,13712,1
13187,13321,1
23143,9035,0
19578,19732,1
3989,9998,0
15384,26499,0
25135,31233,0
13066,29191,0
8367,23899,0
31114,10696,0
23364,23075,1
4928,23344,0
7578,27312,0
11698,11534,1
14827,14568,1
18228,18436,1
9131,9101,1
26968,26614,1
7355,7321,1
17228,17069,1
13462,13277,1
30642,30576,1
31187,31106,1
23038,23443,1
27248,29401,0
20247,20364,1
4488,695,0
5480,24450,0
23021,12830,0
10665,10943,1
8938,31475,0
1379,16910,0
2617,2608,1
17229,17483,1
31100,31348,1
1582,18843,0
18880,18865,1
4241,3371,0
24048,24149,1
27407,22162,0
12577,6560,0
23008,23154,1
1230,26482,0
27822,19144,0
74,21992,0
286,9277,0
12535,12966,1
11853,11653,1
9594,9896,1
4870,4551,1
5373,5444,1
19386,27439,0
24791,16079,0
29242,29186,1
21735,21668,1
10892,10510,1
11962,15035,0
11106,11353,1
2138,15604,0
1165,1263,1
22627,22843,1
8639,2105,0
19967,21862,0
22600,5526,0
20823,29889,0
2420,457,0
30534,30680,1
4164,7814,0
30437,30419,1
6968,6664,1
30307,30137,1
21336,3977,0
17194,17497,1
19717,10079,0
27838,27760,1
4326,4288,1
10139,10230,1
26238,2004,0
7501,7642,1
11398,11382,1
1901,1794,1
25624,6633,0
5497,29843,0
24596,14995,0
7690,7656,1
7349,7453,1
21295,13769,0
2777,14032,0
7078,7321,1
26190,133,0
14455,14464,1
27709,27562,1
23571,7666,0
11766,4329,0
21363,21269,1
23685,23952,1
7740,7863,1
18922,12415,0
25264,3609,0
1537,28065,0
30932,160,0
1326,31373,0
2381,2219,1
2590,26301,0
29991,29756,1
5008,11305,0
4377,5446,0
28857,31540,0
8397,8236,1
1628,10590,0
3010,3319,1
4463,11736,0
3146,8827,0
7406,7468,1
9056,22669,0
1427,20348,0
27574,3049,0
16986,16525,1
14308,25045,0
10923,10909,1
30902,30533,1
29432,25965,0
28474,28074,1
16881,27794,0
5451,4203,0
22720,19164,0
4919,4949,1
7832,7600,1
29320,23717,0
5362,5245,1
5595,5662,1
22893,14023,0
18533,18750,1
28304,28401,1
16725,16824,1
27170,12304,0
26456,31166,0
26751,4552,0
14658,19226,0
31168,31325,1
28012,28446,1
17184,3156,0
28316,28100,1
28630,28776,1
4151,4112,1
27868,27578,1
16546,16828,1
16939,7260,0
28922,8919,0
4315,11228,0
2821,4163,0
20662,22500,0
10412,10311,1
30897,30500,1
5301,5061,1
21914,21532,1
13094,30995,0
20257,20274,1
1469,23089,0
12572,25133,0
25832,16529,0
30462,30427,1
25948,18019,0
29540,29801,1
22260,22363,1
22090,22337,1
5742,25147,0
18309,14633,0
31089,31461,1
27931,27815,1
26998,14932,0
31663,19732,0
4501,4673,1
755,974,1
28990,28792,1
21128,25706,0
854,15334,0
24661,9111,0
1531,1868,1
5817,5526,1
6263,17231,0
9329,24995,0
15743,15812,1
11689,6660,0
18742,18739,1
12882,12629,1
13090,20507,0
27661,14002,0
6406,18300,0
6969,11961,0
8098,14995,0
18073,18212,1
29616,19694,0
15175,284,0
10061,10300,1
18998,5422,0
20472,20327,1
702,96,0
19537,19967,1
1395,1319,1
14951,14656,1
13112,13067,1
14882,13942,0
19811,19710,1
8271,8144,1
26428,26375,1
12197,19555,0
10971,10751,1
8218,12591,0
22912,2756,0
23231,23498,1
21297,26177,0
29412,26820,0
5299,5303,1
12803,12893,1
19311,23087,0
183,452,1
13251,26227,0
23464,23284,1
15108,20048,0
3048,22320,0
14741,13489,0
9797,2224,0
25940,25780,1
165,20659,0
7894,7960,1
29762,24349,0
8447,8265,1
5458,4619,0
27373,10638,0
10500,10530,1
21319,21298,1
30659,19543,0
29339,29049,1
28730,9108,0
15624,15579,1
25417,25125,1
26518,26768,1
10774,10605,1
21483,22551,0
9685,12692,0
15970,15922,1
13103,13084,1
9593,9791,1
10992,9235,0
16316,24624,0
10837,10898,1
928,624,1
30911,18575,0
12050,24026,0
121,29786,0
16536,16821,1
8037,14927,0
26999,26932,1
30438,30138,1
15344,12753,0
5262,25025,0
19686,19921,1
20493,6810,0
30652,8717,0
2251,2149,1
20636,20999,1
27544,25090,0
10163,1861,0
30202,28026,0
30783,13154,0
23549,16624,0
30860,30688,1
14487,29011,0
17458,17306,1
13363,13019,1
5818,15595,0
6729,25214,0
4195,4423,1
2697,2679,1
25521,25734,1
27762,27940,1
10906,11933,0
22190,9509,0
13266,13487,1
3987,11739,0
1124,1360,1
22934,22597,1
14337,14860,0
10374,10360,1
4909,4560,1
30629,30657,1
3328,3246,1
5547,5501,1
20311,1156,0
13017,2502,0
29641,29589,1
25592,25708,1
1069,21178,0
3121,13706,0
6818,6647,1
12042,27118,0
31827,25795,0
17143,27513,0
29464,8174,0
28956,13162,0
15185,15001,1
14757,14859,1
849,782,1
30081,30003,1
3461,29206,0
29948,29927,1
18542,7714,0
14527,10902,0
16447,16275,1
6638,6935,1
21653,28454,0
29429,29396,1
26471,18136,0
26073,26192,1
9573,19178,0
23476,316,0
23340,3778,0
31781,31761,1
22892,22645,1
18041,4439,0
27432,27287,1
2616,2615,1
28375,28490,1
21569,6572,0
26955,26742,1
31388,31416,1
18293,12847,0
26527,26922,1
4708,4503,1
19672,11367,0
1281,1151,1
8670,8589,1
2904,11786,0
11727,11696,1
1352,1193,1
7632,7605,1
29320,18344,0
20386,20491,1
2657,2686,1
3140,3042,1
4069,29410,0
2703,20358,0
26512,8417,0
22575,30374,0
8714,8610,1
28188,17663,0
6621,1847,0
11767,11832,1
20576,14431,0
7620,17104,0
18062,2506,0
14137,14314,1
7243,7176,1
11536,15810,0
15375,15261,1
19421,12600,0
29488,5269,0
22256,7015,0
11889,11739,1
23794,23695,1
9121,22452,0
12760,12521,1
24295,18185,0
123,24835,0
30645,30964,1
13592,13691,1
12367,12356,1
19428,21926,0
15176,15211,1
24751,1956,0
2679,31548,0
8642,8901,1
230,482,1
18799,27594,0
23470,13896,0
13240,13185,1
12939,12793,1
26195,26192,1
480,29590,0
18666,15700,0
15491,23622,0
10688,26875,0
8324,8230,1
2827,2747,1
12879,3056,0
24051,24211,1
12554,4942,0
8666,15929,0
379,12326,0
7637,7700,1
19904,19989,1
21824,21902,1
24634,5306,0
8394,25614,0
2117,2482,1
13285,13024,1
31987,31878,1
20510,4579,0
9495,20059,0
30404,2473,0
6260,6410,1
10724,18960,0
29755,29863,1
31522,3239,0
10143,10245,1
23965,23930,1
10281,10243,1
31684,31519,1
10910,24076,0
2332,5139,0
15235,19793,0
24777,11883,0
685,871,1
6163,6072,1
13025,13355,1
26936,26713,1
12407,12349,1
12902,12535,1
18398,18195,1
2956,12672,0
7290,14597,0
10146,13496,0
24844,30331,0
23889,23628,1
1823,12090,0
22021,22203,1
1292,1202,1
28908,28931,1
25465,25332,1
8708,8523,1
30557,30638,1
17942,23832,0
21035,8812,0
11047,774,0
7663,7741,1
31629,31710,1
20712,20956,1
16223,16429,1
31613,31802,1
28245,11603,0
9085,9193,1
25758,23395,0
30274,18907,0
15954,16540,0
26846,4488,0
16103,16317,1
7173,7479,1
9091,21980,0
10374,10038,1
30592,3359,0
27874,27704,1
11118,8495,0
8542,3759,0
10107,10285,1
18298,7473,0
12035,8222,0
9829,9795,1
22299,22316,1
10746,516,0
29462,319,0
20942,20895,1
17410,17050,1
18005,18155,1
24065,24387,1
28328,28028,1
7844,9134,0
2141,2389,1
9440,9389,1
18927,18616,1
22598,22867,1
26527,26702,1
23137,28874,0
9552,9874,1
10411,21368,0
22722,8846,0
19104,12863,0
13892,4550,0
31443,31076,1
21810,29223,0
9504,9611,1
19791,19816,1
26616,26805,1
30694,24406,0
3401,15982,0
4690,4982,1
11966,8768,0
10334,10022,1
22987,22526,1
6017,146,0
5258,5172,1
11377,11411,1
30528,12925,0
27251,27323,1
23978,23679,1
4546,24897,0
29221,18495,0
22059,22292,1
28630,7840,0
11689,11645,1
67,335,1
29584,11427,0
11582,11852,1
28083,23816,0
20607,2472,0
17791,17629,1
15924,15229,0
23941,23615,1
5831,5839,1
12808,12925,1
24210,25692,0
25555,25739,1
6899,11203,0
2369,2177,1
15568,14340,0
4043,4010,1
19369,19398,1
2366,2151,1
20730,5539,0
30294,30414,1
23023,23439,1
5792,5922,1
6233,6312,1
25758,10862,0
11040,22482,0
28290,28223,1
1256,19614,0
27456,27082,1
28393,4191,0
2262,3051,0
19393,5744,0
25651,25699,1
20248,20230,1
7967,7629,1
22070,6851,0
24986,24935,1
11097,11490,1
16599,4366,0
11164,16411,0
4827,4732,1
27374,27103,1
103,27293,0
2876,1255,0
6709,2882,0
28671,12351,0
17807,17765,1
19137,19252,1
23642,23532,1
22972,23022,0
16018,16309,1
7662,1519,0
25906,8805,0
25878,25643,1
20412,6663,0
9485,9491,1
12334,29678,0
81,7115,0
6925,6969,1
4362,26250,0
30881,20930,0
19551,26354,0
25830,7995,0
3441,3422,1
22743,22627,1
5597,5870,1
9703,9514,1
21626,17170,0
28350,4020,0
1171,30245,0
20722,20770,1
9288,9485,1
2500,25112,0
15139,15000,1
30661,30706,1
24042,24212,1
6115,19674,0
4273,31981,0
24513,8529,0
10325,30383,0
13433,22437,0
18815,18928,1
3366,3138,1
26344,26255,1
30089,30007,1
13650,12711,0
23404,4472,0
1075,1348,1
3571,15441,0
5793,5972,1
12571,12700,1
26921,26580,1
13185,5310,0
13290,24994,0
24411,24441,1
12978,12584,1
1357,1325,1
27333,27338,1
3733,3904,1
22781,21665,0
15475,10590,0
7845,7812,1
27102,27290,1
25518,25562,1
1935,24081,0
20106,14169,0
10905,10583,1
6865,1319,0
28510,28904,1
26432,11141,0
2249,26324,0
22778,17376,0
4898,4887,1
30856,29562,0
18513,18872,1
22016,22339,1
28580,28973,1
16542,14253,0
23411,23296,1
25070,25053,1
28425,23542,0
153,175,1
17263,17017,1
11949,14120,0
11049,18427,0
7917,7709,1
16207,30173,0
30157,30068,1
16109,25592,0
25146,30947,0
9116,9047,1
10839,10914,1
25037,24625,0
24489,24050,1
19352,19275,1
12603,12770,1
25424,25421,1
11401,28542,0
30350,30046,1
2413,15061,0
8209,3301,0
6024,16808,0
25455,3299,0
24022,24393,1
28248,15336,0
19076,19134,1
13567,13689,1
10183,10256,1
24543,9055,0
24085,24232,1
3717,3954,1
30848,6404,0
397,459,1
15577,15915,1
12211,12088,1
24236,24325,1
15869,18002,0
21616,21645,1
8270,29053,0
9116,29915,0
22522,11726,0
20152,9491,0
12279,12491,1
23007,23397,1
11278,11348,1
21667,19193,0
27224,14925,0
28783,29889,0
5209,5364,1
3477,22539,0
15526,15975,1
3936,11223,0
1337,1227,1
11029,11186,1
18204,18445,1
24993,24970,1
14945,14772,1
26566,25262,0
12412,12260,1
14120,14178,1
31635,31821,1
30641,11395,0
28716,10234,0
30805,30025,0
4752,17007,0
23443,26831,0
10149,25657,0
16422,16176,1
3291,29053,0
29018,29150,1
8584,10445,0
11363,22234,0
25709,25992,1
17148,17047,1
21698,21570,1
25780,6076,0
21975,30318,0
7049,7120,1
28882,28512,1
26308,14345,0
18804,21675,0
5372,20737,0
10512,10727,1
3723,3707,1
13390,13436,1
27452,23189,0
29513,29597,1
17738,23403,0
16136,28408,0
21726,6657,0
990,29167,0
23429,23068,1
3497,23866,0
31730,31810,1
9413,9203,1
13746,16015,0
12862,12753,1
18465,22709,0
22471,22450,1
5229,5034,1
2533,2954,1
10992,10612,1
28114,28453,1
1507,1736,1
26273,26126,1
3111,3078,1
20057,10065,0
27847,22932,0
3461,3149,1
5475,25667,0
29165,9943,0
1670,15547,0
12434,14288,0
14502,194,0
13328,13019,1
10224,23851,0
19309,1721,0
2735,11479,0
5666,12188,0
28500,28587,1
31882,31550,1
10657,19868,0
8169,8389,1
11217,11272,1
25772,25856,1
14325,14010,1
31786,31565,1
1722,1733,1
3730,3552,1
27579,127,0
6300,6112,1
378,26261,0
26432,6624,0
3551,3779,1
13128,13192,1
31846,31548,1
5562,20842,0
5071,5070,1
5902,30914,0
8626,8785,1
22228,22442,1
28117,18022,0
11328,6431,0
22975,22755,1
25236,25395,1
447,30339,0
21407,7798,0
17990,17581,1
6798,6906,1
9213,30052,0
10485,10165,1
13313,13029,1
20570,14125,0
1924,1616,1
10292,10298,1
8175,8362,1
17665,653,0
24715,14455,0
1570,1949,1
14172,14164,1
14014,19430,0
19447,19470,1
15155,18097,0
31357,31389,1
27385,31152,0
24210,26169,0
475,783,0
21650,7612,0
1809,1654,1
12616,9345,0
18340,18326,1
13794,13842,1
904,950,1
12609,12807,1
29425,29362,1
14032,14411,1
13360,23312,0
28691,28701,1
1377,25206,0
2862,2525,1
2991,2956,1
3133,7097,0
29525,29820,1
28844,5781,0
3579,30247,0
6507,6646,1
4581,1483,0
2618,7464,0
664,604,1
27251,27206,1
15251,15464,1
19339,19289,1
13034,14450,0
6995,30291,0
29684,31040,0
8513,8972,1
23203,23075,1
20356,20499,1
4321,4090,1
29120,29053,1
2971,2880,1
15626,15667,1
21469,21251,1
2586,11463,0
15584,6786,0
15563,16278,0
2220,2003,1
22358,22292,1
10647,10980,1
9444,9085,1
17174,17849,0
9084,9214,1
10517,2906,0
4805,20383,0
7994,7748,1
15740,26562,0
15866,15639,1
17438,17166,1
16511,16703,1
30477,30151,1
30899,7663,0
5780,1679,0
9155,30875,0
8609,4075,0
30957,30645,1
12959,4916,0
15556,24613,0
25662,26751,0
11767,8308,0
24036,14967,0
28989,7559,0
22214,22232,1
26441,11888,0
15870,21876,0
25196,1281,0
31155,31316,1
20247,20407,1
6170,25413,0
28684,28872,1
1461,4655,0
16373,17052,0
28443,28315,1
18752,18512,1
21383,3707,0
26915,21489,0
13030,13217,1
30213,7112,0
6151,6191,1
16838,16644,1
8326,8260,1
25707,2355,0
29052,17721,0
24179,24301,1
18691,24798,0
27435,27013,1
20483,14042,0
13211,13282,1
5476,22217,0
22408,19225,0
29740,29891,1
11945,25410,0
3597,15659,0
847,915,1
5483,1263,0
22802,25887,0
23804,22367,0
10963,9966,0
24527,24851,1
26771,23884,0
14015,14311,1
6879,6973,1
3784,8100,0
570,694,1
23527,7397,0
31322,26668,0
8189,10763,0
15872,26782,0
24036,11182,0
24745,3806,0
15018,11655,0
20836,20637,1
8464,11396,0
29132,29203,1
21956,21717,1
7227,6912,0
21408,31514,0
982,12209,0
19572,10005,0
24785,15666,0
24903,24878,1
31405,6574,0
5461,30543,0
7590,17953,0
4747,4422,0
16898,4057,0
31390,19301,0
12495,9282,0
10797,3528,0
28226,28141,1
12292,12035,1
13257,5750,0
23259,23317,1
17966,8274,0
16654,16850,1
19647,1260,0
31129,31245,1
19005,19659,0
25616,25554,1
22682,20532,0
4412,4105,1
25819,15247,0
31783,17294,0
16130,16469,1
24318,2553,0
16194,27920,0
23092,3771,0
30994,12641,0
3353,3469,1
22587,17184,0
12718,14679,0
24957,23017,0
6404,6136,1
23996,23930,1
28050,27837,0
14145,9436,0
19705,2076,0
28746,27756,0
10893,27180,0
31947,27991,0
3415,10533,0
7767,7793,1
29806,29889,1
21014,21122,1
2646,2552,1
8158,8027,1
21819,21868,1
1263,9278,0
8362,1757,0
19859,19596,1
16197,20407,0
13639,18764,0
29740,29837,1
31004,20733,0
11762,31747,0
20125,20423,1
19883,19080,0
4648,4843,1
7302,29172,0
3999,31858,0
9533,5507,0
29504,1369,0
26296,26066,1
11015,11487,1
31539,31631,1
30875,30947,1
31883,21470,0
21853,21639,1
21810,21573,1
4448,14027,0
4312,4322,1
7443,20967,0
17515,17926,1
19646,18584,0
3737,3543,1
19331,19425,1
21649,21876,1
8165,8489,1
7471,7203,1
26732,19505,0
12926,12963,1
8287,8122,1
16154,16046,1
14987,14621,1
26464,26274,1
13620,13926,1
18729,7852,0
25930,15569,0
16950,16554,1
27677,27717,1
7955,7669,1
26617,25624,0
4623,4775,1
9379,4041,0
9226,9305,1
26495,26182,1
18255,18875,0
914,590,1
11754,11854,1
19446,8772,0
30552,11667,0
15995,7611,0
3086,26810,0
2778,5750,0
20687,6905,0
6173,15785,0
14789,14967,1
17916,17910,1
19039,19179,1
19680,19553,1
23872,23729,1
1439,11582,0
11701,11731,1
8040,8217,1
12408,14542,0
29006,24558,0
2381,2371,1
20336,26376,0
13158,13391,1
7855,7441,0
22264,22358,1
15040,15235,1
5595,13231,0
14072,24535,0
11772,11637,1
12197,12438,1
2960,2683,1
31866,31840,1
9792,30965,0
1401,6839,0
28595,28784,1
5306,9099,0
8975,475,0
17393,4190,0
30858,30568,1
18007,20159,0
24221,24095,1
2287,2383,1
16414,16181,1
15525,11020,0
23611,23727,1
19463,13215,0
11289,11485,1
27782,14691,0
26780,11297,0
3091,5958,0
15740,15690,1
30382,26435,0
23261,23366,1
885,22020,0
20706,20884,1
8653,8664,1
10179,10193,1
10193,10281,1
31984,31698,1
19358,6045,0
19327,11556,0
880,6241,0
27377,27136,1
14580,14628,1
29291,486,0
19538,16670,0
5172,5474,1
1400,1170,1
1290,1402,1
14484,14314,1
16708,16530,1
23613,23333,0
450,4824,0
10715,7670,0
20648,20551,1
18959,18543,1
1546,1617,1
18209,9631,0
30004,30268,1
15373,15154,1
14870,24035,0
2988,16056,0
16481,6,0
14950,2123,0
1754,1604,1
5334,5439,1
16059,465,0
9836,9564,1
31170,30667,0
16089,24006,0
17546,17747,1
27162,27474,1
29222,16290,0
17454,17100,1
5473,16846,0
1587,23277,0
8194,8485,1
12743,12949,1
12185,12277,1
11483,8666,0
2083,2204,1
12115,4116,0
30985,4289,0
31064,31271,1
21677,10592,0
12314,16653,0
4031,4144,1
11337,10609,0
23123,13874,0
24392,24259,1
28790,16469,0
19943,19527,1
15397,16340,0
30183,30015,1
13867,17469,0
1006,21621,0
28012,28197,1
14718,6170,0
7264,7337,1
28581,28559,1
18422,18133,1
21358,5134,0
27563,14094,0
3333,30287,0
26047,26115,1
13614,125,0
22013,31102,0
13974,13667,1
14845,23793,0
7244,21174,0
4132,31402,0
21629,31902,0
2998,2918,1
24770,5655,0
20924,1806,0
28567,17517,0
31079,26567,0
30410,30039,1
24932,15072,0
3737,20627,0
1651,22031,0
4423,12944,0
31746,30407,0
13554,20384,0
8372,18965,0
28001,28172,1
20715,15232,0
31802,31966,1
12448,31999,0
27058,26851,0
9328,17982,0
27076,27457,1
16810,16609,1
14377,563,0
23778,23961,1
14106,8734,0
21720,11107,0
13751,1321,0
24257,27116,0
716,28140,0
7923,7770,1
24999,24731,1
11077,8718,0
876,793,1
7088,7229,1
25260,25083,1
8734,8932,1
21004,5388,0
14636,8409,0
5193,5063,1
9522,11742,0
11319,139,0
21317,21098,1
30122,31940,0
25453,25195,1
30030,30246,1
28124,28473,1
30683,30790,1
24032,16745,0
12292,19399,0
5595,5720,1
18311,22428,0
28630,2148,0
23109,13659,0
29174,22659,0
12373,18717,0
13867,13914,1
17161,513,0
30315,30261,1
31172,3905,0
4463,4462,1
11529,11887,1
25768,6647,0
13340,13035,1
25721,25661,1
21249,26335,0
17799,17561,1
5059,5425,1
9035,9271,1
26320,16432,0
31705,31779,1
24999,24639,1
6209,6349,1
14991,19336,0
26194,26006,1
25016,25454,1
1913,1962,1
2316,2035,1
26012,26119,1
15489,21587,0
6923,31935,0
26301,26312,1
27719,27562,1
21637,21982,1
27734,23083,0
24874,13094,0
18396,18432,1
31972,26276,0
698,643,1
2415,10269,0
28848,28747,1
20619,31384,0
29711,29964,1
21246,31711,0
24851,15071,0
23885,23978,1
15631,30645,0
22822,13491,0
20476,20384,1
19824,19740,1
16825,16768,1
25580,25533,1
24065,24924,0
16330,9712,0
11721,11677,1
1842,1944,1
4741,3377,0
20797,17826,0
31963,31860,1
7253,27585,0
11843,11627,1
24398,24183,1
26367,29304,0
20366,10624,0
21857,13274,0
12963,12934,1
10014,10327,1
30586,30845,1
3447,3451,1
389,483,1
25142,16396,0
24562,24977,1
10399,10296,1
8435,8074,1
30517,30548,1
5966,24853,0
2719,11014,0
26184,26314,1
29848,5650,0
9336,9439,1
17610,27742,0
2527,30391,0
14516,11858,0
24012,30799,0
19130,19468,1
1201,30588,0
24639,23291,0
2883,1091,0
20358,5401,0
6740,6580,1
1841,1784,1
24471,13978,0
30299,12063,0
21097,5226,0
13039,13198,1
14861,14612,1
3041,3045,1
25450,25397,1
4845,4993,1
15952,8905,0
12578,18262,0
22875,23111,0
13396,5613,0
2914,30040,0
21780,12713,0
19495,3208,0
7974,21769,0
8808,18592,0
23078,21295,0
11155,11021,1
10544,22869,0
20047,12066,0
27057,27043,1
20568,21920,0
25285,25293,1
28058,28166,1
16838,16541,1
16105,7540,0
19651,19505,1
28431,22823,0
26668,26583,1
12494,30287,0
13755,26180,0
6194,6142,1
7215,17354,0
10166,10144,1
25754,25725,1
23331,23008,1
5781,23301,0
22000,7180,0
14334,14304,1
31974,26917,0
8335,8177,1
5666,6178,0
7798,12815,0
2103,25490,0
18027,31699,0
17374,17299,1
10718,3959,0
7511,7741,1
23076,867,0
29161,29074,1
28461,30240,0
23408,23209,1
16338,16439,1
12853,7953,0
903,25972,0
13493,15157,0
20122,20135,1
31153,31031,1
5472,5055,1
15553,29285,0
21971,21543,1
6869,6523,1
24075,24420,1
1131,1445,1
21025,26764,0
17692,2267,0
8368,6664,0
21590,21997,1
6033,18351,0
24933,24741,1
12980,12560,1
24509,24578,1
24241,8191,0
16471,16257,1
30160,30477,1
24245,24050,1
2298,2163,1
261,14258,0
20511,23351,0
25173,25276,1
20283,20046,1
6839,6430,0
5648,5547,1
31331,31086,1
22623,22806,1
15745,26766,0
22408,27767,0
15288,16224,0
8765,7784,0
6108,6011,1
9209,2197,0
3192,7900,0
8209,927,0
14605,29125,0
29026,30943,0
15346,15314,1
2718,24292,0
15333,15483,1
9923,2339,0
29635,29936,1
5341,171,0
10507,1643,0
23817,23661,1
23725,23572,1
31126,31148,1
3792,25325,0
13594,13649,1
1927,24965,0
28637,28829,1
17107,17410,1
4734,4960,1
26581,22857,0
4983,4918,1
7092,30085,0
16989,16608,1
2230,2107,1
3330,26411,0
30383,22609,0
30854,30569,1
4460,18242,0
14940,14913,1
3308,3442,1
30685,9873,0
22524,6149,0
22287,22090,1
20605,20530,1
26848,26956,1
19722,30244,0
5720,29138,0
28639,28625,1
26904,26992,1
10732,24925,0
10307,10182,1
13696,672,0
31966,31599,1
15169,751,0
27964,990,0
21627,21822,1
11481,979,0
5566,24846,0
26375,22676,0
24271,24448,1
27804,27590,1
16532,16592,1
13923,13569,1
30776,25456,0
10466,8711,0
26492,21709,0
25159,25466,1
24074,24094,1
8675,8961,1
16007,16467,1
956,983,1
20816,21207,0
18072,18068,1
11138,11125,1
22500,25029,0
7910,7781,1
21642,21579,1
10626,11273,0
7148,27812,0
23674,23778,1
28248,12335,0
22448,6498,0
30565,20736,0
26361,26486,1
18223,18406,1
21212,21231,1
14012,14116,1
26368,18365,0
21321,12236,0
10946,9278,0
30745,30998,1
4205,18165,0
16767,29226,0
24269,24263,1
22963,22873,1
16832,16906,1
9106,9027,1
30124,15089,0
25526,25791,1
7831,7926,1
10784,24966,0
26730,26513,1
5197,19827,0
8692,16127,0
27190,27027,1
3438,3296,1
9057,9001,1
3221,11644,0
21654,21871,1
4702,4827,1
2004,6523,0
8285,754,0
12878,3311,0
29016,17180,0
24333,25672,0
7604,7744,1
28256,16529,0
10848,729,0
2484,5661,0
610,25055,0
13109,13060,1
6037,6275,1
7738,9533,0
17317,20436,0
25648,25632,1
2669,2846,1
21277,21238,1
30452,30038,1
12511,12754,1
13496,13494,1
19676,19847,1
11258,28143,0
5594,12095,0
4501,11529,0
8644,18125,0
28374,28369,1
8477,8178,1
26228,26042,1
8310,8136,1
19508,19831,1
8972,28043,0
20477,20158,1
26914,26572,1
30906,30623,1
12939,12825,1
10607,10881,1
7313,7002,1
2449,2401,1
26499,26477,1
10789,29862,0
30015,30170,1
24272,5793,0
13337,24426,0
31452,4263,0
30687,11846,0
28484,22736,0
21258,21092,1
19801,1269,0
9332,9123,1
5995,11346,0
25478,22791,0
2599,2657,1
8706,8598,1
9163,9075,1
13518,13650,1
26184,26492,1
26960,26907,1
18611,18995,1
13421,13483,1
30351,26887,0
18484,30582,0
26115,178,0
16555,7245,0
4709,4953,1
30212,959,0
2654,2593,1
4097,4473,1
1555,18276,0
30203,30046,1
28413,872,0
9100,9314,1
30195,6782,0
3207,13535,0
19380,19497,1
1123,1105,1
17104,17174,1
424,298,1
27206,27222,1
13033,13144,1
11337,11290,1
14517,27657,0
9016,9203,1
893,28693,0
31149,23976,0
9999,21845,0
23396,23022,1
11572,28205,0
29888,29908,1
5857,23414,0
1732,13650,0
23777,11153,0
6072,6208,1
5966,5569,1
21096,21040,1
18204,1147,0
851,737,1
19682,4070,0
6961,24401,0
8849,8876,1
21332,12551,0
10057,10386,1
6709,19443,0
29986,10920,0
2813,29168,0
20055,20469,1
28813,6359,0
12951,10644,0
6641,24062,0
29682,27082,0
3179,3238,1
26308,26406,1
15173,15269,1
5704,5844,1
8045,31888,0
31817,31570,1
12209,18704,0
25113,25063,1
15814,731,0
28917,24341,0
1351,1173,1
9671,18784,0
10285,7526,0
30932,30814,1
11296,6731,0
30273,30004,1
31166,11846,0
18885,18649,1
29718,29799,1
19372,19401,1
25975,25652,1
13365,13208,1
2516,2375,0
15022,15243,1
25655,25922,1
10417,11345,0
17358,9910,0
10735,3745,0
5431,19338,0
29728,29683,1
25106,25405,1
479,202,1
14374,14366,1
6549,6961,1
11285,11383,1
16941,2004,0
8453,8069,1
22578,16993,0
3086,23907,0
21904,21651,1
24094,24386,1
15075,14906,0
26003,11391,0
12492,11589,0
18298,18444,1
29728,29860,1
4903,4501,1
808,957,1
2102,20933,0
31645,31603,1
11732,11899,1
21926,21788,1
10144,10434,1
25312,321,0
31428,20629,0
11515,9308,0
2031,14103,0
29158,4117,0
9800,9936,1
12278,3294,0
22444,18154,0
13570,10277,0
7767,29721,0
21351,21359,1
16078,16111,1
25959,4475,0
5405,5101,1
10836,8752,0
24661,24667,1
27781,27749,1
15560,15736,1
22563,22566,1
19223,30401,0
27690,20526,0
20859,20530,1
6204,6472,1
29174,29447,1
25590,25757,1
26545,26744,1
25323,17158,0
31111,31314,1
16883,12573,0
10044,10384,1
5067,5032,1
804,24409,0
11188,21634,0
10847,18795,0
1792,1730,1
29283,12942,0
233,17050,0
12603,12999,1
27958,30521,0
11007,12596,0
2299,2409,1
30293,30451,1
23885,31132,0
23605,17053,0
15465,21160,0
26713,26653,1
17800,17699,1
7163,7489,1
13639,20962,0
23023,23481,1
24633,24839,1
16246,1408,0
12648,12881,1
4055,4379,1
8510,8522,1
24441,28687,0
14106,14416,1
9237,9424,1
9784,9936,1
6538,31177,0
19864,28968,0
9732,9774,1
20527,2173,0
15024,15173,1
31738,19837,0
28823,28797,1
9268,9140,1
9612,7571,0
29744,29660,1
4726,4890,1
798,894,1
8722,27976,0
9453,9195,1
31304,29312,0
5298,15693,0
3343,3197,1
18672,4444,0
30887,30720,1
14841,8213,0
18816,132,0
4848,27744,0
22606,22982,1
17620,14741,0
15344,15158,1
27378,27169,1
365,217,1
9449,9430,1
22697,14221,0
27372,8526,0
4392,4797,0
21109,21173,1
13949,13931,1
5579,29964,0
9647,9946,1
24177,1092,0
30806,28776,0
1217,30577,0
17572,17549,1
21300,21098,1
457,42,1
17212,17427,1
8541,23606,0
7936,16563,0
25224,25267,1
10768,16270,0
23187,23175,1
22876,22963,1
2866,31659,0
12574,31417,0
10648,10893,1
31244,26815,0
26402,12285,0
23267,10688,0
13558,13860,1
21253,21180,1
3329,11443,0
6802,12180,0
23866,23547,1
12212,12193,1
18090,18051,1
2236,2320,1
26470,26209,1
28178,28350,1
18657,18537,1
1344,1254,1
5877,23788,0
19139,19024,1
24031,24003,1
3647,3750,1
16830,16588,1
16071,7206,0
21654,31881,0
15087,15261,1
29299,20145,0
11213,13644,0
7364,12391,0
25379,25293,1
19378,14681,0
21152,27648,0
6974,6572,1
30759,12533,0
14295,6688,0
28617,3291,0
30900,6977,0
9913,967,0
19708,16982,0
28488,31047,0
10062,14934,0
6083,14626,0
31725,31726,1
5117,302,0
30436,30253,1
7188,7119,1
22874,22518,1
23254,23425,1
15761,15732,1
25630,14671,0
6910,7224,0
5720,19094,0
30170,30191,1
9587,31403,0
28097,24846,0
5857,5688,1
23691,5462,0
12853,12644,1
5801,5505,1
22673,22615,1
20002,20490,1
29790,29928,1
3668,3512,1
10830,10587,1
13712,13955,1
17528,17119,0
11107,11010,1
478,20788,0
15844,875,0
27999,17030,0
8524,8869,1
9318,9107,1
14390,6082,0
6613,25219,0
21147,21346,1
16733,16976,1
23693,3641,0
7925,23183,0
16141,29199,0
13242,13119,1
11262,11381,1
17732,23576,0
18948,18519,1
20032,18866,0
13893,22604,0
29844,29639,1
22283,11950,0
6538,12904,0
14111,14168,1
26030,15872,0
17588,2883,0
2758,13319,0
18650,18654,1
28069,10659,0
28893,28140,0
14036,14326,1
6198,6065,1
14078,14363,1
18870,18864,1
26469,15819,0
23968,20091,0
8328,27865,0
283,30833,0
7142,4292,0
22607,22667,1
6723,6547,1
3844,3852,1
26760,2582,0
16729,16721,1
7288,7420,1
5651,5870,1
28936,28785,1
14331,14076,1
12128,13242,0
22614,12630,0
7228,11699,0
759,2577,0
29934,18361,0
8740,8672,1
16766,15430,0
18948,20268,0
10668,10683,1
29287,7904,0
12160,4079,0
24092,24377,1
9012,9167,1
10829,6902,0
16153,16124,1
23392,22035,0
7993,8201,0
21124,21479,1
139,184,1
19893,6657,0
29811,29967,1
8904,21517,0
6921,6597,1
17063,4894,0
24648,24546,1
10111,7791,0
8791,8984,1
6412,25456,0
3035,4303,0
20199,27613,0
18298,4659,0
15210,15308,1
69,14083,0
30876,30858,1
18487,18025,1
27390,27196,1
28069,21897,0
9705,27669,0
7264,6688,0
24704,24928,1
27125,13199,0
7435,11059,0
5474,27836,0
13036,13499,1
20058,3435,0
19438,14642,0
26379,2398,0
9035,1383,0
7157,7012,1
7914,7567,1
30771,30701,1
8563,21802,0
27036,21478,0
21447,18987,0
13560,17243,0
12270,12331,1
30584,30524,1
22271,29581,0
12186,23071,0
5913,28451,0
9580,9886,1
29251,30260,0
26208,26323,1
12244,29573,0
23523,19225,0
14709,14756,1
29145,29083,1
4158,4346,1
20792,20690,1
10537,10630,1
31454,31125,1
1645,12292,0
18025,7858,0
8822,13353,0
10351,10390,1
11557,11812,1
17313,15095,0
15099,15147,1
21085,28329,0
10878,10750,1
24093,24420,1
19502,19720,1
11730,30066,0
18628,18607,1
4564,4997,1
28065,28227,1
2723,4754,0
13092,13030,1
10501,18143,0
28931,9094,0
19105,14827,0
31557,1767,0
5921,5782,1
14327,14289,1
28721,15498,0
16594,16925,1
26882,26522,1
11040,11085,1
19473,19386,1
14379,28572,0
31836,4039,0
3563,1693,0
14073,16652,0
15458,15246,1
26273,26378,1
23551,23119,0
6587,6608,1
17002,17208,1
18163,18240,1
15877,15645,1
9110,9080,1
13660,26035,0
19230,4241,0
24471,24230,1
20281,20166,1
12829,3725,0
16083,10041,0
2643,2852,1
26803,18112,0
30311,30323,1
29120,25376,0
29222,29024,1
21068,23240,0
17665,17888,1
20631,20749,1
21729,27209,0
13278,18470,0
24470,5222,0
31655,31829,1
31524,12164,0
28008,27729,0
27744,30726,0
2387,31307,0
31809,1784,0
16327,30148,0
27248,10062,0
19727,19684,1
9274,9187,1
7201,308,0
14614,14640,1
20787,20747,1
6843,11935,0
13404,27565,0
31134,21059,0
18059,4298,0
28622,29529,0
18013,18113,1
18642,13840,0
15347,15019,1
24308,15293,0
1843,14874,0
22075,22190,1
16125,8320,0
28436,28235,1
6443,7330,0
11521,11788,1
21373,21113,1
8181,27068,0
15259,15415,1
19701,13043,0
31746,26434,0
31753,31839,1
31487,2770,0
26153,17649,0
4331,4228,1
765,1666,0
6944,6825,1
26209,26051,1
11686,11950,1
6903,10941,0
17306,28557,0
12969,15222,0
26609,8589,0
6275,6304,1
1937,1792,1
12838,12837,1
8916,18397,0
20008,20053,1
9600,9613,1
20390,20112,1
15576,24268,0
7309,7269,1
19630,26897,0
20688,29297,0
30411,6395,0
13232,13236,1
9120,9052,1
31020,31246,1
13102,13044,1
27892,987,0
28456,20470,0
28873,16948,0
22325,16399,0
1935,20834,0
6487,4997,0
7044,30843,0
17494,7144,0
30065,30379,1
9632,9620,1
15925,15781,1
18581,1694,0
6071,6062,1
834,26003,0
16543,16704,1
20959,20832,1
24998,6916,0
5486,5178,1
18148,19058,0
11965,27402,0
11645,6232,0
16110,10356,0
30975,30812,1
12561,12754,1
4221,12101,0
18390,18169,1
17507,27521,0
2779,2777,1
16862,16616,1
28889,28784,1
18037,16117,0
20191,20042,1
27005,18693,0
24831,14912,0
3016,3368,1
21323,26040,0
30800,31926,0
29552,29724,1
14296,14407,1
21925,29063,0
129,27088,0
30256,30077,1
25300,25324,1
31726,31826,1
3890,24505,0
23554,9743,0
20801,26077,0
6619,6609,1
9130,9126,1
13490,13154,1
13863,27403,0
17047,17019,1
30842,30567,1
26146,29269,0
28490,11877,0
29326,24976,0
6246,6190,1
7368,7307,1
27128,28417,0
20362,5321,0
18803,18939,1
26096,26301,1
21387,18776,0
25133,30840,0
22715,22885,1
10172,10485,1
30352,30305,1
9522,16532,0
7624,27937,0
9967,9565,1
10911,11794,0
31451,9248,0
8326,31453,0
3235,5273,0
13714,22739,0
21103,10655,0
14196,10310,0
24656,24514,1
30270,11230,0
10908,10744,1
9995,20328,0
25501,25893,1
31661,31523,1
27424,27064,1
1915,1845,1
24102,24076,1
19330,23683,0
18027,13509,0
11012,22689,0
6120,75,0
12655,19110,0
15935,4536,0
12174,12224,1
20187,18839,0
10917,6794,0
12722,12700,1
29863,29790,1
20614,21136,0
20556,20549,1
9361,9156,1
25068,2,0
21308,2956,0
27299,18062,0
21971,21546,1
4425,4067,1
5189,5224,1
27047,27113,1
22134,2344,0
999,12059,0
7838,6111,0
2575,2551,1
15683,15838,1
19166,19300,1
3623,18904,0
21255,21340,1
14259,20531,0
12312,5171,0
3026,3190,1
19240,19210,1
22424,12590,0
5209,5438,1
6837,17558,0
31377,19299,0
7060,7189,1
16981,16660,1
11095,11473,1
12480,12174,1
27174,4810,0
11008,11496,1
19372,19027,1
27227,27205,1
19382,2827,0
24962,24716,1
19750,19643,1
15256,19937,0
4874,4602,1
29123,21405,0
8957,25016,0
5975,8505,0
27462,27290,1
9048,9239,1
29401,29042,1
19263,19186,1
6004,6031,1
17137,17051,1
11215,11094,1
31834,31862,1
25534,25803,1
11413,11453,1
8928,23237,0
13615,6065,0
30745,2253,0
11433,9258,0
13035,13424,1
30062,8847,0
28319,24681,0
17278,17180,1
19086,20470,0
20456,24400,0
2343,17111,0
1797,14,0
385,684,0
18538,15404,0
21646,2090,0
101,19492,0
3385,1539,0
10420,10363,1
11173,29098,0
4190,6785,0
29432,7038,0
22912,22730,1
13069,13197,1
20212,4599,0
27150,27313,1
12020,28990,0
10653,21834,0
3785,3767,1
20196,5144,0
30842,10097,0
17010,6004,0
28216,28293,1
19273,7847,0
22680,22924,1
15595,15613,1
4181,19593,0
5162,8368,0
28531,28622,1
6329,18304,0
126,11706,0
19219,14153,0
26800,16824,0
14013,14304,1
29431,8181,0
16844,16925,1
27610,13706,0
25653,25520,1
12529,24703,0
5833,5793,1
31451,7744,0
30437,30335,1
30543,30581,1
27381,9860,0
11601,29526,0
886,368,0
10925,10920,1
23775,29905,0
29760,867,0
19712,19818,1
23844,23715,1
21315,21153,1
30025,30285,1
1000,1311,1
29538,4515,0
6013,9556,0
29468,29509,0
16094,25853,0
9605,9551,1
26416,26039,1
21745,21616,1
12971,12970,1
15029,15125,1
17771,17811,1
5506,18385,0
28441,12199,0
15782,18338,0
18330,17233,0
10053,226,0
11988,18214,0
15112,18920,0
14382,19620,0
14760,14628,1
8932,14215,0
109,23974,0
28625,16113,0
27125,27387,1
26194,6162,0
9943,9745,1
6113,6421,1
28194,24887,0
6971,6541,1
23645,4368,0
2883,25538,0
5091,2410,0
17954,22781,0
29345,29354,1
26260,23161,0
28173,25992,0
28954,15669,0
14656,14879,1
18771,10379,0
25510,25994,1
15175,15369,1
26322,26230,1
5174,5221,1
25476,27495,0
27912,1485,0
28068,28438,1
28613,25036,0
5511,5898,1
26903,5915,0
2217,2271,1
22989,22932,1
11889,19232,0
31221,17311,0
21084,30790,0
20824,20939,1
22368,22172,1
25746,25572,1
4527,4591,1
30728,5153,0
4902,3676,0
20732,18010,0
25480,25219,1
18007,23680,0
7966,7723,1
3318,3378,1
298,14,1
26500,7604,0
21791,14083,0
31651,31535,1
20517,20732,1
17893,17750,1
26455,20420,0
24244,24172,1
8111,8151,1
24257,30158,0
7729,7652,1
13286,13473,1
1537,1500,1
20604,20908,1
12551,2159,0
12616,14334,0
28880,9956,0
17851,17869,1
8524,20423,0
9887,9715,1
12194,12302,1
4457,4194,1
28946,20950,0
2885,12134,0
10759,12660,0
8634,3071,0
28333,28382,1
10495,5752,0
24332,24389,1
22117,22123,1
18560,18722,1
21025,12516,0
6320,6000,1
10264,28588,0
29085,13462,0
4560,28908,0
6170,3867,0
31375,29229,0
1145,12508,0
12882,21762,0
1979,1909,1
16470,3337,0
9433,9382,1
1837,1933,1
7055,7461,1
20573,28913,0
512,691,1
12745,12660,1
16916,16696,1
1051,14424,0
1432,1132,1
9369,12347,0
28981,10793,0
26640,26747,1
22954,22918,1
20973,3370,0
31302,9333,0
29089,29363,1
10587,10520,1
2198,14450,0
6062,25413,0
7632,7735,1
8466,8108,1
25127,25089,1
2474,2040,1
21287,21403,1
1937,23260,0
9003,9285,1
30645,31861,0
4328,4140,1
13883,25591,0
26127,401,0
27764,10206,0
664,18452,0
19204,28012,0
8638,8605,1
24415,25951,0
7667,1705,0
27830,27796,1
10124,10375,1
7253,7056,1
1192,1298,1
7958,21420,0
17054,14540,0
11726,11758,1
23664,23564,1
25824,4181,0
1007,1360,1
19416,9655,0
10202,10325,1
19387,24787,0
16583,16861,1
19324,19476,1
5040,20505,0
6569,6915,1
29965,29858,1
10605,13899,0
26730,9052,0
5057,8992,0
1184,10632,0
5781,5739,1
6049,2995,0
22364,22214,1
15558,20690,0
3739,13581,0
31923,15874,0
1350,1245,1
22571,9542,0
23585,14560,0
8603,26844,0
4862,4829,1
5676,5698,1
428,271,1
28597,27205,0
12294,12594,0
19006,19488,1
31054,31198,1
28077,28236,1
26887,26867,1
26710,24586,0
28842,24460,0
24742,24634,1
8439,8261,1
4529,30842,0
12693,25712,0
21161,21107,1
1292,1170,1
8138,8445,1
29521,14978,0
13916,12192,0
4076,16890,0
15973,12105,0
26864,26679,1
8893,1461,0
18032,12688,0
26678,26058,0
13007,6610,0
1424,1337,1
1063,1052,1
30902,30627,1
8629,8252,0
15146,15389,1
11303,11412,1
29302,29029,1
7872,10851,0
1087,16394,0
9808,9830,1
15301,28116,0
19378,19318,1
9307,9145,1
2460,2205,1
26148,28530,0
26524,26979,1
18991,13152,0
5881,5854,1
11094,25737,0
8879,8811,1
19579,19758,1
12836,23265,0
14536,14906,1
4540,4594,1
24673,24998,1
25468,25123,1
3473,3275,1
21699,21585,1
18433,18040,1
26196,15714,0
6193,6496,1
30749,30538,1
21561,21819,1
30002,13876,0
11132,27099,0
14144,23263,0
31284,24004,0
29145,20092,0
17835,17608,1
19490,6641,0
28627,23531,0
31704,9759,0
9400,9446,1
19510,19955,1
5402,15784,0
3269,3351,1
25744,25816,1
9242,29329,0
11069,29688,0
20388,13030,0
9487,1768,0
26497,26128,1
19928,19533,1
9417,11291,0
21746,21731,1
22027,22328,1
12623,12803,1
26099,25512,0
30471,30148,1
12921,12735,1
28710,28751,1
59,470,1
8596,29395,0
7556,7642,1
20050,20177,1
25880,25725,1
24011,24403,1
19482,19065,1
4934,20106,0
13807,5005,0
4075,14904,0
31436,26465,0
19987,19945,1
30818,2302,0
105,14704,0
30028,30067,1
28456,7416,0
18125,1319,0
3546,3559,1
16706,16760,1
12841,24119,0
29098,29287,1
20335,27216,0
6442,25144,0
7114,8403,0
25259,23406,0
15393,23085,0
31396,31200,1
26472,26143,1
18527,7739,0
6629,20578,0
28719,28993,1
29142,29057,1
5315,19511,0
3085,29697,0
5322,5124,1
17506,20140,0
13028,17200,0
15618,8550,0
14172,18268,0
8586,22058,0
30995,8395,0
11696,22203,0
15261,15276,1
1993,30341,0
12905,12882,1
30335,22386,0
24652,17248,0
15262,15329,1
16624,16819,1
9644,15291,0
19746,18659,0
5490,11626,0
12991,12565,1
31499,31453,1
10107,10402,1
23246,23142,1
16415,9249,0
1050,1066,1
28269,28313,1
10058,10148,1
13809,13639,1
28030,15417,0
15618,15841,1
5504,20479,0
6527,9885,0
18633,24746,0
15112,13542,0
16532,16900,1
26166,17232,0
24789,24912,1
17656,31872,0
3414,3138,1
1334,1060,1
12094,12388,1
1122,1424,1
2123,29992,0
24001,24399,1
19335,19168,1
3647,3793,1
27126,27024,1
25665,19743,0
16460,16020,1
5292,5217,1
31271,31246,1
11425,11221,1
25850,25985,1
2236,2385,1
1829,23084,0
11674,11897,1
25816,21093,0
26501,26860,1
19776,4432,0
30603,30167,0
6638,6969,1
19580,31464,0
18728,23222,0
10011,3487,0
23399,11998,0
7456,26119,0
25228,4342,0
15552,15856,1
1384,22139,0
8074,8107,1
7723,28796,0
7920,28637,0
23307,23145,1
6645,23650,0
4550,12686,0
22905,1263,0
10115,28571,0
25216,25178,1
23393,20155,0
1791,25070,0
25542,25827,1
12984,12798,1
11553,31611,0
6062,31185,0
6644,6637,1
26230,26462,1
10954,22432,0
30686,19184,0
1425,1346,1
28796,28818,1
24392,7745,0
11204,11147,1
21399,21189,1
9398,9359,1
19585,19533,1
20714,20077,0
9585,14753,0
2094,10719,0
16239,16015,1
256,451,1
20307,20376,1
11329,11436,1
2326,6470,0
21214,25688,0
7877,23439,0
22733,26305,0
25162,8298,0
23284,15051,0
22051,18945,0
13989,13585,1
31600,7510,0
17207,21356,0
12945,29373,0
13036,10250,0
25172,25488,1
27964,4677,0
23466,10058,0
19759,23382,0
3589,4843,0
25564,25968,1
31234,31193,1
1228,28489,0
13206,13445,1
8304,28557,0
14776,14721,1
30880,19270,0
8282,8321,1
18888,18133,0
13813,13646,1
15146,15124,1
21313,539,0
242,29828,0
8303,8441,1
16164,16064,1
13818,8156,0
17266,17493,1
3247,3129,1
10814,18834,0
27443,26223,0
2740,2875,1
2632,2734,1
31273,31471,1
23580,3036,0
14011,24649,0
18553,18712,1
22259,26763,0
18048,22507,0
1982,29581,0
30543,30946,1
30801,20975,0
30405,12092,0
29076,29310,1
11725,29699,0
12294,20906,0
19537,19648,1
17101,17012,1
4443,4045,1
9717,27378,0
20402,20328,1
24659,5067,0
16857,16725,1
8321,8315,1
31515,31700,1
25224,25460,1
15894,21409,0
27765,27623,1
30623,17133,0
22592,22502,1
9935,22646,0
19888,13741,0
15915,15527,1
26429,26003,1
12586,3792,0
2872,2945,1
24700,9511,0
10689,4172,0
28681,19347,0
6339,12925,0
15661,9907,0
25744,31465,0
8638,20654,0
4338,4040,1
30213,18994,0
488,369,1
10706,10887,1
4770,9641,0
522,16190,0
2763,27816,0
23514,6845,0
9175,17807,0
8523,8920,1
24728,24869,1
19871,19714,1
2536,25301,0
21252,27448,0
13420,26341,0
2810,2812,1
24281,24013,1
17560,17741,1
523,972,1
15002,20989,0
5443,16523,0
2158,2011,1
31984,11524,0
23818,23678,1
27684,27966,1
20489,20088,1
16305,3274,0
22889,22810,1
8910,8534,1
20353,2326,0
11265,29694,0
6252,7163,0
4807,4928,1
3976,3554,1
1196,17258,0
21757,21898,1
31573,31957,1
31003,31178,1
15165,29341,0
1816,1967,1
7026,1403,0
22044,7411,0
4628,4980,1
17310,17290,1
28631,946,0
14147,24221,0
17912,15905,0
31745,31654,1
9340,19105,0
25430,25223,1
27675,22423,0
24190,30966,0
9192,9128,1
25393,25221,1
20468,7581,0
2043,2063,1
13273,30285,0
9865,7932,0
28931,28833,1
25377,6409,0
9444,19403,0
3550,3757,1
14233,20451,0
17335,7565,0
10706,29502,0
11193,1338,0
19835,23760,0
26686,19246,0
31613,31926,1
14251,14184,1
14063,31094,0
12989,16706,0
29630,21392,0
12705,12544,1
31713,31741,1
15601,26935,0
25183,25258,1
6981,6956,1
26104,26093,1
31734,31860,1
8999,31734,0
26749,26804,1
22293,1495,0
31982,9332,0
18176,4647,0
25964,5370,0
10760,10765,1
9526,30942,0
31962,12179,0
10936,10580,1
4071,15699,0
23123,23445,1
31107,31059,1
21998,26903,0
17945,4226,0
29942,23089,0
12080,12374,1
9555,14106,0
19995,19835,1
25316,25370,1
18706,18589,1
465,351,1
30309,16485,0
16921,13169,0
19811,19860,1
16670,16660,1
26270,26169,1
4982,4990,1
19799,12091,0
16559,16580,1
7773,31557,0
6800,22347,0
17796,17949,1
20053,1091,0
19423,19360,1
17577,17562,1
16644,12906,0
16883,27389,0
20795,20656,1
519,30553,0
23980,28192,0
4782,5229,0
6310,6258,1
16371,7813,0
11772,14337,0
29720,11486,0
3113,3407,1
4190,7502,0
5847,5353,0
26745,8161,0
25222,27164,0
14895,26089,0
25653,25962,1
9757,7327,0
15940,8934,0
7536,7962,1
11043,12745,0
2983,2919,1
1052,1206,1
5933,31815,0
26893,104,0
21874,24318,0
21545,21685,1
7734,22597,0
10786,10863,1
13427,11483,0
11805,11802,1
28520,28879,1
18032,24552,0
1578,31407,0
30692,30861,1
18919,30626,0
21403,20217,0
1599,21211,0
8754,8500,1
1481,1402,1
18200,29901,0
21139,21063,1
6454,6222,1
17705,17548,1
24873,24867,1
14664,14707,1
3574,26213,0
7318,23366,0
27142,27284,1
29383,29367,1
5896,30982,0
7764,18559,0
23319,23465,1
26849,26952,1
12121,27183,0
15022,28752,0
19037,19066,1
31063,31276,1
26155,26231,1
20472,20293,1
1149,13672,0
31761,20273,0
8625,3589,0
26390,26283,1
9130,9032,1
21561,12939,0
10421,20073,0
25446,12351,0
11944,11989,1
1910,1755,1
15998,15648,1
13996,13723,1
28166,28228,1
22598,22951,1
6479,19532,0
22914,22869,1
6984,25049,0
25974,27963,0
11951,11509,1
22781,11519,0
23583,23627,1
6426,6494,1
31878,19045,0
3517,16378,0
13371,13224,1
9367,1175,0
18593,18566,1
10260,15002,0
14500,7125,0
22494,29937,0
27681,27614,1
31025,24105,0
10435,20393,0
24672,24839,1
11777,11785,1
15990,15520,1
1192,1154,1
8401,27943,0
5256,5025,1
21465,21165,1
832,20867,0
10952,6833,0
27083,12405,0
3129,3481,1
10641,10541,1
5044,5280,1
27520,5217,0
23607,7466,0
19159,19143,1
19156,19043,1
30365,17003,0
17902,6561,0
17121,30344,0
3742,26234,0
26019,28342,0
29223,29023,1
31246,31109,1
4660,1745,0
22663,19033,0
11352,17134,0
213,22,1
22920,6555,0
24184,24226,1
20833,19139,0
5399,28005,0
16647,16740,1
31711,862,0
4932,4944,1
28531,28619,1
6545,6832,1
5151,5227,1
28362,17675,0
31475,31292,1
10290,10324,1
30883,23970,0
5239,26570,0
16206,16203,1
6691,6595,1
31796,27656,0
3701,3569,1
21831,21555,1
22171,10068,0
2361,5547,0
7173,7467,1
2565,2793,1
28092,28144,1
14238,31276,0
11009,11378,1
30152,6691,0
30536,14841,0
3682,16721,0
195,8718,0
10864,10615,1
26802,26764,1
23713,23671,1
25884,25628,1
26153,26248,1
25637,5728,0
26327,26468,1
8445,8495,1
2080,5307,0
11822,11727,1
4756,25302,0
11840,11600,1
14289,22164,0
26365,1364,0
31753,31937,1
8387,8445,1
28849,28527,1
16489,16348,1
18491,12987,0
21231,21352,1
1582,28156,0
28296,28162,1
9192,9486,1
17882,17535,1
18604,18711,1
5009,5174,1
8957,8502,1
18739,18881,1
14909,14661,1
16715,16510,1
544,501,1
27720,27754,1
23277,23421,1
5947,13986,0
5482,23514,0
20866,20755,1
18208,18364,1
26244,16041,0
31679,20634,0
13558,28826,0
2732,2993,1
28410,28293,1
18882,14545,0
23007,23018,1
13453,14188,0
31062,31014,1
18616,3398,0
4969,4552,1
15471,22181,0
5736,5514,1
28841,29073,0
25800,25509,1
10219,10227,1
21964,5791,0
15626,3149,0
3203,30327,0
7231,8537,0
4159,3469,0
28759,28401,0
1884,1523,1
15931,15877,1
13386,12049,0
28122,28128,1
15308,15108,1
21849,5998,0
8266,8339,1
4889,4968,1
21599,21507,1
13292,18164,0
30738,30723,1
22065,9873,0
7226,13088,0
8891,17032,0
13256,13327,1
3680,21,0
9254,18539,0
1911,1528,1
19869,19947,1
1774,1988,1
12497,12383,1
7421,6041,0
27945,27566,1
29343,29017,1
12330,10636,0
28330,29531,0
30866,30697,1
6017,6001,1
26955,26810,1
18429,18441,1
7739,23321,0
6429,6441,1
28270,22697,0
1343,12007,0
10079,10112,1
29062,23480,0
27585,27589,1
10555,29097,0
7579,28750,0
31911,31610,1
24226,11639,0
25200,25266,1
19292,493,0
28943,29427,0
3336,3496,1
5052,8805,0
19289,14241,0
29269,29108,1
13922,13905,1
25843,25832,1
18831,18603,1
28118,6131,0
25815,25814,1
30554,30621,1
11366,11813,0
13387,4769,0
8609,8948,1
15177,4562,0
5380,5048,1
27697,27542,1
27791,20395,0
1822,1991,1
11318,11140,1
26133,26270,1
30123,30434,1
5512,5696,1
2040,26860,0
13021,31861,0
28839,15992,0
8494,9947,0
11783,13965,0
8368,8328,1
20964,20622,1
17007,17345,1
31210,31094,1
5352,25337,0
16196,16417,1
28620,17394,0
24043,6444,0
1488,12762,0
17144,17288,1
6687,6764,1
9586,9945,1
25993,25653,1
28760,28829,1
14643,14986,1
25867,13370,0
11579,9225,0
12094,5631,0
6725,3285,0
12607,21019,0
28023,9709,0
13675,13715,1
1585,1800,1
15540,15882,1
5168,14933,0
24862,31028,0
27464,27400,1
7098,661,0
17858,17752,1
5718,5919,1
12203,12397,1
9867,14977,0
7691,7762,1
31420,22446,0
7059,7081,1
30941,30968,1
6370,6427,1
20268,12525,0
19247,19018,1
11399,11145,1
29861,29624,1
25242,2841,0
645,12416,0
29387,8045,0
1281,21585,0
14622,14999,1
15067,15329,1
19442,19355,1
21552,21697,1
23867,9389,0
22518,349,0
21556,19324,0
1524,1984,1
9632,10119,0
2393,19017,0
13185,13274,1
4096,4456,1
16704,15191,0
24493,11099,0
20925,20794,1
6901,898,0
23018,21676,0
22027,22050,1
26646,26920,1
341,8126,0
21281,21041,1
18963,5976,0
30747,30560,1
3668,7346,0
2862,77,0
16131,16035,1
10199,10417,1
18279,18268,1
28787,28927,1
27165,23788,0
11844,11706,1
21112,7157,0
1038,3879,0
2436,781,0
21007,27622,0
10610,10724,1
5671,24937,0
3856,19096,0
17607,25394,0
2865,18996,0
8838,8906,1
18158,18275,1
30099,5116,0
22536,22703,1
17985,29920,0
24423,24307,1
2773,2876,1
1007,1279,1
20674,20156,0
23712,23612,1
24770,24905,1
30230,30007,1
1697,25292,0
13026,13419,1
7676,7880,1
16824,22490,0
18453,18429,1
28660,28880,1
10400,23617,0
15938,15900,1
3268,17564,0
22165,29723,0
26012,17204,0
13722,13700,1
2279,2331,1
30533,30999,1
2133,2182,1
31460,3595,0
13075,4260,0
25874,2624,0
18110,8905,0
21496,6997,0
15679,2775,0
21075,21021,1
2832,2665,1
30092,30098,1
23968,3442,0
14664,14667,1
26929,26846,1
18556,19049,0
28187,14955,0
4168,4050,1
28636,30985,0
5915,12558,0
21732,21693,1
29145,29238,1
6837,14216,0
4699,29163,0
26882,257,0
6852,6727,1
28502,26668,0
30657,30866,1
11242,20995,0
11450,25765,0
8268,539,0
22892,8889,0
8856,8648,1
16768,31034,0
18128,8510,0
1377,1407,1
16430,30100,0
20633,20974,1
5678,5862,1
4065,4418,1
5821,17403,0
14475,29618,0
22935,22532,1
29988,25518,0
25484,10627,0
16167,4253,0
29077,29085,1
14546,14551,1
30936,31909,0
2469,2022,1
12731,7763,0
18714,31753,0
1222,1094,1
31371,31320,1
2348,19495,0
11121,20133,0
7381,7003,1
22745,22778,1
31027,31455,1
11289,11333,1
17532,10734,0
17698,22122,0
13714,5912,0
8165,20644,0
17075,17092,1
22626,22723,1
27752,27634,1
22767,16149,0
16275,16126,1
15274,3744,0
21265,595,0
8488,26451,0
27494,23832,0
13613,13836,1
16074,11200,0
7559,7848,1
5666,5650,1
28043,3112,0
26991,26646,1
2290,12239,0
14488,14448,1
16300,26354,0
6713,4310,0
175,9830,0
29406,7075,0
9704,9767,1
29810,29936,1
21549,26316,0
12391,12263,1
16867,1880,0
9531,9595,1
5518,5678,1
3208,3106,1
11016,11041,1
13803,31126,0
12769,12736,1
27791,6118,0
21125,25163,0
21530,25850,0
9730,16094,0
5792,5997,1
6624,6723,1
301,16351,0
31679,28155,0
12116,12389,1
19000,19038,1
15822,16282,0
7449,28096,0
10071,10117,1
7341,7074,1
2657,2729,1
13185,6386,0
22060,22091,1
6038,24702,0
30185,849,0
19276,19225,1
10755,24662,0
16759,27239,0
28041,28076,1
11421,22103,0
6218,6568,0
2239,29640,0
30421,17722,0
15435,12845,0
15071,19408,0
23484,10103,0
6635,6581,1
17819,17824,1
20324,20465,1
5245,31582,0
2991,2502,1
13102,13388,1
2806,2888,1
12846,12805,1
23856,7726,0
5155,27891,0
15761,7873,0
28955,28671,1
28111,28038,1
5211,17675,0
31285,15504,0
17869,17709,1
4382,4402,1
27988,26644,0
27175,27493,1
27984,27934,1
24306,8249,0
18283,18475,1
24757,15749,0
19786,19517,1
9054,9249,1
25524,11247,0
25104,15778,0
13436,8582,0
27628,27671,1
11490,9821,0
3402,3247,1
24475,7263,0
29586,26246,0
2233,12220,0
15354,3885,0
19703,385,0
25161,31750,0
12168,12333,1
3197,8320,0
10847,12701,0
3198,3322,1
20786,6312,0
3310,7356,0
13469,9233,0
2402,2427,1
18987,18556,1
8578,25180,0
29977,19126,0
6230,6381,1
28334,28484,1
25777,25962,1
11243,11071,1
13591,1080,0
6691,6939,1
11964,9085,0
28375,28098,1
14881,26594,0
11075,14621,0
1956,13393,0
20084,20246,1
20373,20005,1
12960,12592,1
28248,28469,1
19840,17069,0
5297,5451,1
19121,19049,1
3042,16569,0
6546,6604,1
30669,295,0
12319,12448,1
1254,1412,1
10901,10795,1
3296,9757,0
7189,15298,0
18453,26588,0
27920,27918,1
30431,4846,0
18040,25393,0
15022,25467,0
13628,7011,0
27183,5450,0
23489,23485,1
6343,26212,0
5306,5292,1
23271,23256,1
28137,6767,0
3474,16032,0
26314,26769,0
27916,27685,1
13439,13000,1
15496,4460,0
10523,21788,0
7800,7758,1
19513,20265,0
12007,18937,0
1674,1517,1
13075,28194,0
18818,18515,1
24532,24528,1
17861,899,0
25283,23549,0
16985,3649,0
8975,20367,0
18414,3611,0
17488,17168,1
30482,30232,1
29248,11025,0
7021,7198,1
12384,12067,1
24270,24439,1
25630,7502,0
27942,27796,1
16902,16588,1
2282,4172,0
10871,29506,0
25939,25662,1
28983,16362,0
2096,4564,0
363,294,1
16014,13499,0
26591,26576,1
18243,2687,0
22443,22065,1
31325,14014,0
5250,10868,0
15643,15692,1
19375,19587,0
22136,25306,0
1220,30545,0
4720,1214,0
15703,15790,1
24764,15015,0
5107,5085,1
14238,14137,1
27951,27814,1
21505,20730,0
22119,28599,0
11748,11759,1
5923,5958,1
734,510,1
27244,27481,1
76,29193,0
2101,11433,0
27403,6367,0
11035,17311,0
28766,28550,1
7309,7413,1
6778,1984,0
16932,16890,1
26464,23637,0
17554,17870,1
31137,31379,1
27687,25133,0
17897,17781,1
12875,12881,1
31503,9767,0
30068,30446,1
12875,12961,1
12673,846,0
5564,5569,1
3894,1161,0
24611,24909,1
27653,22972,0
10303,10218,1
17216,789,0
3369,9382,0
4319,4450,1
17034,17230,1
30870,27211,0
2227,14006,0
9981,26502,0
4582,4819,1
10410,10141,1
22980,22915,1
815,603,1
5266,5002,1
26809,26830,1
27082,27438,1
1442,1399,1
17144,5677,0
28814,28536,1
11480,6423,0
16246,16213,1
24774,30284,0
5607,31948,0
11775,11948,1
3451,10607,0
19804,19601,1
625,523,1
28572,2129,0
10100,9678,0
21931,21973,1
26484,26011,1
23442,29154,0
22657,22633,1
4789,4584,1
21071,11151,0
30491,30012,1
2460,2066,1
21413,21104,1
14926,14976,1
22937,3024,0
18448,26303,0
19303,26634,0
22583,22992,1
18905,26974,0
9065,9489,1
9904,9548,1
31465,31092,1
31942,31662,1
17186,17364,1
20857,3000,0
1767,1840,1
16713,30250,0
346,494,1
31388,20325,0
12147,15450,0
23713,23899,1
27578,27712,1
16622,31261,0
7504,17265,0
19096,25712,0
551,10036,0
2228,2306,1
3336,3485,1
20397,20401,1
4920,6827,0
27884,8809,0
22482,22387,1
1620,25918,0
28775,19682,0
3763,3863,1
17863,7100,0
25086,25257,1
30953,30905,1
10092,10171,1
29928,29786,1
5071,31264,0
10805,10906,1
30480,1222,0
9545,5168,0
20819,6439,0
10180,28536,0
9445,9107,1
18620,18730,1
26092,26127,1
16855,16964,1
3518,28253,0
2744,2573,1
18826,18626,1
10463,28717,0
4823,18930,0
26034,26111,1
5617,18111,0
23351,24715,0
21128,21359,1
14186,27791,0
26862,22813,0
22024,15883,0
18960,18618,1
1254,11145,0
2554,3670,0
33,83,1
6627,6615,1
19619,12862,0
10892,10829,1
22100,10387,0
12580,7390,0
31951,21570,0
19504,19508,1
7051,7194,1
15238,17614,0
30671,30786,1
26113,26380,1
26887,26556,1
9834,24029,0
15510,15978,1
19331,19309,1
6076,6334,1
29510,23246,0
25302,25376,1
24436,12479,0
12393,12313,1
26048,26005,1
30649,25073,0
10301,10149,1
31599,31829,1
9967,20313,0
8348,20383,0
295,133,1
2265,2112,1
2900,11732,0
4939,850,0
2723,2509,1
8408,8231,1
28469,28388,1
21849,14072,0
7900,7579,1
23735,23541,1
31141,31053,1
9398,9265,1
24577,24941,1
7991,7871,1
5736,25338,0
8191,10362,0
327,30465,0
8908,8522,1
21557,21753,1
11472,20405,0
14573,31142,0
14801,3263,0
30011,30169,1
10605,14133,0
4316,12702,0
14244,14273,1
21378,21093,1
20544,16361,0
29693,29983,1
29022,4531,0
23979,23598,1
750,796,1
24829,24583,1
28408,3901,0
9479,9400,1
26502,27369,0
21735,21866,1
30512,18204,0
11057,17140,0
11529,11932,1
8454,9512,0
7719,7892,1
30502,8442,0
27652,27792,1
21554,21724,1
25229,3580,0
14626,14735,1
26123,29730,0
13021,25648,0
5481,23509,0
12191,7189,0
6614,6957,1
8714,8573,1
5376,5020,1
31101,31351,1
10047,10320,1
10524,10740,1
21234,15644,0
250,225,1
13208,13127,1
2478,2237,1
28044,28414,1
19895,26395,0
24016,24323,1
11355,8442,0
2825,15591,0
19086,28269,0
26902,1506,0
27196,6835,0
5992,18506,0
30414,30302,1
12323,7512,0
22298,22150,1
5815,3018,0
7755,24341,0
7462,8237,0
92,2119,0
9956,9701,1
29695,29675,1
14067,14393,1
23758,24428,0
28827,28861,1
19714,13439,0
22921,22573,1
11346,24015,0
14667,23187,0
26777,2744,0
25957,25633,1
11844,8253,0
22001,5554,0
29132,29242,1
29340,27969,0
2811,2876,1
4036,19403,0
1137,1283,1
29211,709,0
26591,15032,0
15865,15986,1
20686,20927,1
28741,28521,1
18519,5402,0
20985,10221,0
19017,1154,0
26737,19392,0
5117,4912,0
5149,5963,0
17054,7568,0
18117,18749,0
10991,8844,0
15043,24210,0
28910,22612,0
18080,26528,0
5483,5130,1
28349,28199,1
23269,8597,0
7538,18499,0
30085,30360,1
1581,15323,0
8447,8238,1
28077,8631,0
8870,13356,0
29332,29430,1
31041,21433,0
2125,2083,1
7148,94,0
6674,6606,1
6255,6022,1
26441,26187,1
7280,23472,0
23597,31856,0
30074,1117,0
7912,2724,0
17108,17035,1
15611,459,0
20904,20775,1
3459,9715,0
15836,3383,0
29084,9560,0
3435,3478,1
9512,9735,1
19678,19979,1
4779,4619,1
1040,1411,1
10699,9357,0
16026,12806,0
6840,6597,1
5537,5506,1
19972,19945,1
13170,7721,0
7125,24781,0
18904,14667,0
18686,18797,1
13123,13236,1
24629,4880,0
2647,10943,0
26220,5578,0
11493,11495,1
14521,377,0
22859,25813,0
26303,26280,1
30824,12010,0
7546,7580,1
6649,26963,0
18038,5046,0
6858,1740,0
20764,27769,0
15517,15656,1
23895,23643,1
7210,6777,0
10791,12882,0
29348,29235,1
5365,7295,0
11812,12367,0
28393,13231,0
11064,22256,0
10210,17747,0
14925,30353,0
31990,31550,1
6675,6663,1
26733,4475,0
6552,9551,0
3970,3181,0
13265,29636,0
15930,28433,0
6523,6883,1
24090,15030,0
15136,19999,0
5306,5356,1
11009,26512,0
30945,27576,0
18857,18835,1
28548,10901,0
24052,17789,0
2942,5784,0
16997,30672,0
28350,28061,1
15077,17333,0
485,21033,0
12556,12876,1
11755,18635,0
15963,10761,0
17837,17781,1
22553,22800,1
29467,29288,1
23392,23245,1
30250,2228,0
7580,74,0
6342,6285,1
7180,3432,0
30019,30088,1
20067,20198,1
5978,5996,1
19418,19324,1
251,260,1
6353,6303,1
9472,9432,1
5887,31271,0
21623,1322,0
15415,15079,1
13389,13275,1
31637,31665,1
19777,19716,1
28564,16944,0
14266,24499,0
18233,18307,1
17970,17783,1
19634,14113,0
9433,6130,0
23029,2894,0
9242,1847,0
8219,8449,1
3090,3282,1
29500,7942,0
26303,6334,0
803,21939,0
330,18199,0
4393,29639,0
2886,2515,1
31928,17050,0
16878,23058,0
3684,3785,1
6862,13967,0
5412,5089,1
4892,14856,0
19992,15446,0
22074,21700,0
5893,5653,1
25645,25831,1
19038,19135,1
4836,4599,1
7371,9363,0
26900,26683,1
3441,17285,0
23268,14964,0
30487,30497,1
9587,9837,1
17475,17217,1
16099,16614,0
19452,19361,1
4800,4546,1
17972,17878,1
61,34,1
9989,9612,1
27861,10044,0
14044,14391,1
25871,25927,1
26163,26140,1
2952,2761,1
4475,4367,1
29823,12652,0
23492,16720,0
31522,2341,0
23382,31022,0
28882,28952,1
2548,29420,0
19777,4278,0
26791,26655,1
22372,22217,1
5770,5832,1
6732,6948,1
20663,7954,0
24852,24991,1
17034,17290,1
17780,17532,1
6625,2226,0
25085,2884,0
1707,31549,0
3688,26709,0
19392,21368,0
18539,18519,1
4767,17304,0
13207,13199,1
21098,21325,1
7114,7193,1
30118,30338,1
4217,9718,0
3429,1355,0
24564,6683,0
23681,23507,1
4689,21712,0
14695,4329,0
30347,30003,1
9442,13431,0
21600,21943,1
28817,28527,1
17225,17001,1
18938,18902,1
16404,16034,1
6141,6115,1
1818,29672,0
15129,15326,1
20383,20497,1
30650,30635,1
15553,15667,1
8175,867,0
5836,5649,1
21809,13777,0
2396,30238,0
4832,15192,0
29058,29222,1
1535,1594,1
8251,3400,0
16733,16508,1
6991,27987,0
27003,16419,0
2145,2305,1
17316,13386,0
26544,7798,0
27083,27304,1
344,495,1
5148,25980,0
14790,14955,1
21276,1359,0
22825,22801,1
3525,21473,0
6098,6116,1
1710,21207,0
17110,17243,1
29602,6385,0
29706,29934,1
26124,26383,1
11477,17617,0
26573,5595,0
2432,2010,1
16412,16097,1
4841,4961,1
10864,15694,0
25150,25261,1
19033,24141,0
16320,16486,1
2810,2729,1
18393,23470,0
22289,22268,1
12724,12996,1
24396,29275,0
25730,4290,0
29954,13352,0
1046,1232,1
24489,14856,0
10970,13042,0
15355,7603,0
4328,22947,0
14663,400,0
7784,7678,1
24793,24701,1
28170,28201,1
14072,14431,1
8445,8017,1
12515,4874,0
25743,25713,1
30726,12417,0
8005,8196,1
2296,2205,1
12857,18075,0
2998,21333,0
1772,14113,0
21127,21259,1
8998,13728,0
30551,27483,0
12254,27096,0
19051,19458,1
30741,30624,1
19893,19767,1
16951,24076,0
31260,31172,1
30126,3043,0
18456,18050,1
22639,22976,1
1940,1664,1
10942,10796,1
555,500,1
16149,12121,0
19216,19205,1
25092,25445,1
18424,6958,0
12358,12438,1
26112,1405,0
1481,13627,0
13414,13309,1
13128,13479,1
17443,4477,0
24814,24653,1
3072,21333,0
21510,21730,1
2272,13506,0
30544,26809,0
3554,16002,0
9474,9457,1
17131,17407,1
11966,11947,1
17553,17607,1
25237,25395,1
28488,21717,0
24716,24921,1
4314,8797,0
28002,25587,0
22189,22402,1
1750,1627,1
192,276,1
7286,8889,0
11125,3240,0
23254,9530,0
16706,24935,0
15178,844,0
23661,11744,0
20968,20812,1
19395,19346,1
29714,29785,1
22554,22718,1
7680,23860,0
18091,12388,0
6292,6444,1
9761,9752,1
29774,22158,0
1167,31688,0
23394,24572,0
27726,27584,1
14804,14624,1
17027,17470,1
27715,27529,1
13929,13910,1
31741,8335,0
276,113,1
20705,23178,0
10055,22597,0
10920,30349,0
27393,27091,1
20568,20576,1
29116,30382,0
21364,21161,1
19150,761,0
31589,20117,0
31802,31457,0
14177,14485,1
7112,2951,0
4033,10777,0
21537,29442,0
27777,3151,0
31271,1770,0
23942,23532,1
13367,13056,1
14856,14835,1
6759,25803,0
29335,7852,0
8439,8398,1
24887,24946,1
19477,19344,1
27468,26400,0
24798,23464,0
25993,19243,0
30807,10000,0
4123,710,0
29268,21373,0
31665,30039,0
6898,6768,1
22549,22694,1
31009,31057,1
12425,14148,0
2262,2242,1
16586,16757,1
12512,12508,1
29278,24357,0
13419,20274,0
9300,27712,0
12009,9290,0
4794,30365,0
8281,23427,0
10554,10545,1
21505,26693,0
17163,25443,0
27471,27247,1
8129,8012,1
5224,169,0
5362,31705,0
9323,12501,0
29661,20531,0
14664,14689,1
10894,21033,0
9256,9891,0
6889,28834,0
4515,4880,1
20805,20613,1
23422,19696,0
711,554,1
8297,21728,0
9734,3557,0
10558,10699,1
14790,2287,0
1399,1050,1
13782,13802,1
20795,28317,0
13606,13996,1
995,6219,0
20416,20160,1
29287,29474,1
25368,25140,1
13634,31405,0
18984,18786,1
9058,25916,0
3505,5286,0
6683,15333,0
24797,27113,0
29718,3743,0
18568,15682,0
17627,17866,1
29043,19970,0
24986,24558,1
22769,12231,0
7640,7572,1
28391,28048,1
13450,28482,0
7505,7940,1
27505,27765,1
29170,4729,0
9381,9364,1
20844,9306,0
466,91,1
11060,11370,1
28546,28869,1
11136,11228,1
6141,6222,1
1972,1748,1
23584,23654,1
2682,13514,0
19957,18687,0
2894,2802,1
11007,11205,1
17600,9325,0
5670,5680,1
9829,2685,0
25569,25861,1
31099,31271,1
31223,3369,0
26832,7475,0
19317,6966,0
4223,4278,1
755,799,1
30261,30249,1
2667,2914,1
6348,6394,1
16819,16764,1
3560,3553,1
16613,16689,1
11733,11629,1
29717,29674,1
3307,6325,0
26347,26145,1
22622,10163,0
21341,21381,1
3255,27681,0
24955,24522,1
8218,8027,1
31303,31127,1
5572,26865,0
16821,16827,1
2188,12466,0
20496,20347,1
16321,31809,0
7678,3030,0
5624,5894,1
30280,30087,1
7758,26426,0
21522,21886,1
7922,11653,0
29369,1916,0
6262,6008,1
12364,15603,0
6115,11636,0
21947,24716,0
12606,12838,1
9342,8613,0
20994,20952,1
31105,20808,0
23787,30077,0
25495,12600,0
21293,21846,0
336,3969,0
22329,5397,0
29035,2182,0
17634,17522,1
4114,4397,1
27202,19930,0
25651,804,0
31846,31641,1
6105,6471,1
24344,9645,0
12128,7358,0
7750,7871,1
31751,19280,0
3347,3311,1
29430,22692,0
14126,14141,1
16574,8499,0
13865,12179,0
28383,28018,1
29115,29053,1
19764,19674,1
928,25165,0
27679,27895,1
22563,22524,1
18727,10607,0
26100,26215,1
23711,23753,1
24277,18329,0
4380,31258,0
13811,13714,1
26636,26510,1
3280,3096,1
578,18839,0
156,173,1
25825,10620,0
28266,31097,0
25044,29682,0
20747,26669,0
28233,28235,1
18556,18645,1
14474,14324,1
31024,26963,0
27378,19415,0
3621,3618,1
5202,5462,1
21284,19997,0
18256,18447,1
5353,9926,0
2919,2642,1
7198,8785,0
22026,8749,0
5584,31382,0
19889,7396,0
2101,2235,1
1435,3992,0
7613,17147,0
15553,17625,0
18236,18195,1
24030,24241,1
21673,31550,0
16126,16229,1
10483,10312,1
290,5779,0
26884,20340,0
13320,13413,1
1561,24325,0
22384,22013,1
10951,19414,0
10106,16790,0
2788,2735,1
31353,8395,0
13189,14321,0
11950,5088,0
14915,14541,1
27867,27968,1
14333,14283,1
2231,30130,0
31760,17775,0
19601,19822,1
31395,31308,1
12347,27702,0
15845,15626,1
12022,12159,1
16818,1795,0
7972,11392,0
1715,1566,1
2414,2353,1
30784,23572,0
9065,9433,1
30911,25293,0
23802,14496,0
22815,25507,0
23372,18313,0
9965,15126,0
18580,18515,1
12048,12049,1
10635,10976,1
5666,14101,0
26254,1084,0
2244,29735,0
27709,9640,0
19653,19759,1
11511,11583,1
10132,17960,0
24980,7171,0
4235,4161,1
19732,23911,0
5586,29779,0
13422,13354,1
12208,12309,1
6120,6114,1
8544,21396,0
28275,5583,0
24213,4593,0
18961,7810,0
26036,10240,0
2630,2587,1
9852,9947,1
18555,2932,0
17517,17531,1
15952,15976,1
14347,2823,0
9196,23803,0
30693,30676,1
16369,283,0
27346,7423,0
9034,615,0
2306,28374,0
17850,17612,1
4269,4111,1
442,392,1
29988,29505,1
20168,20426,1
13869,2623,0
1991,10237,0
24222,5717,0
15078,15015,1
7745,7584,1
22629,12906,0
4004,719,0
18621,23054,0
26543,236,0
26052,594,0
12329,29126,0
10997,25550,0
20105,2859,0
7658,7621,1
27322,27081,1
17682,30367,0
26182,26369,1
13838,13992,1
22095,22364,1
13494,10999,0
11636,2327,0
26933,21619,0
13614,226,0
11810,11812,1
5959,5528,1
30450,4787,0
19930,25986,0
11641,11756,1
27834,23792,0
19224,19447,1
14311,14446,1
8495,8330,1
23530,23838,1
24518,18255,0
6201,18624,0
1351,7131,0
23972,23853,1
16611,16982,1
15337,23448,0
28912,28568,1
8371,28122,0
10120,4748,0
1602,31238,0
17949,17721,1
16585,16690,1
2964,2635,1
24284,17383,0
5461,31499,0
15245,28150,0
21901,21681,1
1654,6345,0
23250,23128,1
24257,8250,0
8853,8776,1
28299,8846,0
22338,18831,0
21194,21352,1
2887,24154,0
20431,25742,0
8413,28800,0
9193,9375,1
21070,21410,1
13965,1033,0
8552,22645,0
15662,15574,1
27917,27921,1
14608,14557,1
24289,3635,0
15481,15184,1
11709,11516,1
19440,8628,0
17865,17722,1
17001,17407,1
17257,10449,0
21090,26705,0
26409,26288,1
27589,27566,1
23879,31517,0
21718,21730,1
20508,20812,1
10222,6356,0
6570,6928,1
19217,16014,0
28352,28476,1
28604,20982,0
2582,31761,0
20331,20439,1
6389,6039,1
23623,23672,1
14661,14752,1
11577,29178,0
15252,4233,0
28493,28039,1
26817,26788,1
12562,12717,1
28540,894,0
15140,19995,0
29112,19233,0
1842,1135,0
25560,25556,1
5538,5714,1
15446,15135,1
19641,11713,0
3960,3549,1
26190,26177,1
10490,16770,0
31771,24772,0
1359,7804,0
5516,30120,0
12334,14349,0
9079,9406,1
30147,13556,0
23954,5103,0
9357,24318,0
4303,9016,0
13748,13792,1
23788,23685,1
11767,11985,1
811,759,1
4707,4805,1
17423,25536,0
3633,3908,1
16624,15978,0
12266,12172,1
3070,3261,1
27783,372,0
3025,3144,1
14655,18498,0
31270,31494,1
20879,20705,1
2948,2715,1
15947,15648,1
29123,1936,0
20705,20801,1
28904,28993,1
27678,27528,1
19313,19413,1
12630,12585,1
5256,5221,1
9152,9346,1
10564,14763,0
1108,23287,0
23484,26359,0
18453,18423,1
28748,28756,1
20505,20971,1
27745,27950,1
18232,18207,1
9804,7015,0
29571,22635,0
21449,16607,0
1407,1092,1
25364,25392,1
17027,17238,1
6547,30685,0
9439,9249,1
13694,11580,0
23690,18349,0
19638,19876,1
20164,26484,0
23853,12940,0
5140,5483,1
5081,30909,0
25350,17840,0
27620,9751,0
7112,20580,0
3989,22445,0
11270,9700,0
28888,28738,1
4570,2127,0
1367,1118,1
9439,18980,0
23544,2236,0
4611,4653,1
4123,4223,1
2890,2815,1
7706,9533,0
24576,19956,0
27881,27915,1
7757,7844,1
25498,31726,0
12137,12396,1
17231,17309,1
29956,29972,1
7197,7131,1
4595,14166,0
3810,26429,0
20105,29844,0
1933,12898,0
3709,20864,0
29610,29815,1
28218,28320,1
6096,6203,1
14136,14273,1
30789,30872,1
14638,14833,1
6595,18133,0
982,12034,0
19539,19532,1
29308,29080,1
17810,27695,0
7798,7734,1
14776,14611,1
17547,17522,1
10010,10124,1
30453,18243,0
29382,29310,1
29474,19999,0
29597,31464,0
14352,14145,1
26243,14924,0
12436,24558,0
14389,13930,0
6173,6333,1
5765,20336,0
27052,15497,0
31923,31523,1
16519,2986,0
9399,28228,0
27018,18200,0
13899,4943,0
8970,9770,0
26500,16423,0
18829,18971,1
25432,8872,0
6512,6527,1
1425,15247,0
14634,14910,1
801,818,1
12747,25570,0
9606,13960,0
10408,10423,1
2763,6744,0
23636,7388,0
2899,1316,0
21743,17066,0
28485,2992,0
6718,16467,0
5710,18727,0
12814,22444,0
8184,8453,1
16987,16942,1
23800,11082,0
21324,26901,0
8939,8836,1
11513,21299,0
18431,18392,1
5299,21171,0
2817,2829,1
28764,26218,0
25689,25916,1
27599,27502,1
27586,27813,1
25487,9838,0
30202,10638,0
1013,1141,1
4410,4260,1
15798,15549,1
3599,3545,1
29005,4989,0
30021,30267,1
7750,7781,1
31344,31053,1
11743,11571,1
4028,8518,0
16923,23459,0
30140,27577,0
4778,9034,0
31959,26905,0
8153,6108,0
15198,5954,0
3770,3509,1
19743,19865,1
11911,7065,0
10562,13987,0
29251,29088,1
7415,2044,0
18980,13982,0
17636,17686,1
3090,11171,0
8938,31662,0
3894,18637,0
169,460,1
12882,12582,1
29515,3735,0
18305,18381,1
23757,23510,1
17706,17573,1
4368,4321,1
25758,14339,0
22070,22260,1
9187,9147,1
14447,24365,0
27648,18688,0
14810,14910,1
28355,29868,0
28861,28706,1
1726,4122,0
13412,19134,0
28332,27210,0
28552,8142,0
10930,10836,1
20622,20838,1
14869,14733,1
9156,14132,0
24573,3206,0
29700,7424,0
31684,20771,0
4431,30420,0
12327,12311,1
12178,12142,1
16575,16932,1
5404,7070,0
7998,8497,0
27998,26584,0
9623,9881,1
15362,7247,0
26250,9670,0
18521,30607,0
25479,26357,0
3,18153,0
15495,15600,0
14613,14672,1
14959,14932,1
318,391,1
17912,17682,1
24843,20797,0
20150,7337,0
7481,7074,1
24011,24277,1
8744,8578,1
13026,13494,1
25657,25980,1
18194,2698,0
490,30192,0
15531,2297,0
25090,25203,1
354,428,1
14757,14800,1
16223,16335,1
5860,5548,1
18116,30008,0
29858,20587,0
18591,18942,1
8023,17873,0
16282,16143,1
2873,2735,1
16791,16712,1
5917,30949,0
675,11923,0
5521,4431,0
7008,7406,1
23482,23256,1
24179,24279,1
11318,18532,0
31561,2060,0
20274,20497,1
26782,26889,1
8461,8308,1
3057,18798,0
29736,6673,0
23344,19880,0
20308,20309,1
13879,27738,0
30610,30887,1
18861,18769,1
15639,15987,1
13088,13264,1
13633,22224,0
31562,31712,1
14005,14107,1
13656,27452,0
29071,30273,0
13795,11907,0
3880,3536,1
3240,17869,0
15053,15338,1
6933,6510,1
8440,8336,1
9530,9629,1
26978,26649,1
214,19048,0
5770,10064,0
1159,1363,1
17851,1425,0
13140,13838,0
16622,18035,0
28123,28407,1
4697,4957,1
1891,840,0
29292,29155,1
16785,16771,1
29343,29390,1
3643,26171,0
17601,5900,0
21553,16737,0
631,585,1
1389,1127,1
12101,12103,1
9682,18087,0
26129,13283,0
25466,30497,0
25686,21364,0
12294,12411,1
13164,13211,1
9143,9047,1
29753,29812,1
20754,3785,0
24019,5224,0
22036,31680,0
13641,13991,1
19860,4070,0
17388,17153,1
13678,1345,0
4126,14851,0
28788,6513,0
31820,31726,1
21159,21032,1
28090,28461,1
17516,25231,0
21069,5274,0
29169,7069,0
19217,8992,0
24773,26915,0
25037,2127,0
26704,15230,0
30081,30211,1
23458,15729,0
25876,24554,0
7430,7101,1
8908,3083,0
5453,5189,1
30985,30975,1
6182,17624,0
23170,23491,1
29435,29323,1
3770,15416,0
13763,13616,1
2600,2555,1
8972,24155,0
29785,29522,1
11524,11760,1
4947,10835,0
10473,11387,0
28695,28761,1
29672,29506,1
28477,28274,1
2166,2072,1
30748,30844,1
26952,27110,0
30789,30796,1
3505,3557,1
6507,4706,0
27490,17818,0
4190,4176,1
29690,4310,0
29396,29186,1
28191,28067,1
20555,27156,0
23696,23907,1
29175,27815,0
7453,7098,1
29566,29712,1
22456,22193,1
27246,27094,1
15704,15871,1
18122,18082,1
21480,21418,1
21965,27941,0
23286,23285,1
10053,10495,1
25631,25814,1
321,78,1
11748,11657,1
27336,27033,1
24945,3971,0
31361,31224,1
18847,18825,1
15703,24383,0
9286,9441,1
27949,21498,0
3758,7527,0
4811,4825,1
26159,4996,0
9369,9453,1
4265,4467,1
6282,6001,1
19594,28729,0
22695,22586,1
24399,3676,0
7738,23642,0
28200,28028,1
9224,9281,1
13994,13826,1
23266,3666,0
21573,21568,1
21556,24129,0
31916,31539,1
16199,16360,1
31827,31600,1
9211,9063,1
19069,19322,1
14719,14519,1
29358,3546,0
28757,9361,0
7419,7094,1
15500,15670,1
777,23268,0
8278,29405,0
6237,4224,0
12277,9699,0
20157,21072,0
19349,12884,0
26021,4289,0
25767,25797,1
1149,1444,1
457,384,1
23999,23688,1
11598,14041,0
28805,26595,0
13742,13509,1
19262,13465,0
30524,20525,0
31534,20053,0
29621,4326,0
22932,22722,1
18277,18437,1
5735,5561,1
24967,4292,0
26226,24471,0
18695,18718,1
11594,17263,0
24249,24310,1
12585,17136,0
12852,338,0
14895,14648,1
27368,27137,1
16778,27177,0
25859,22743,0
4885,26809,0
4105,28078,0
11972,31775,0
5949,1439,0
17791,8593,0
16895,862,0
5841,14126,0
1211,13701,0
1532,1715,1
7597,7680,1
3164,6854,0
26158,13297,0
25087,28169,0
16882,16843,1
18652,18525,1
13424,28267,0
20653,21142,0
10014,20325,0
30905,30594,1
20392,13164,0
11025,23785,0
6914,18878,0
21714,21539,1
27881,27752,1
5385,5295,1
15157,15144,1
4343,4258,1
17903,17622,1
29163,29180,1
17352,14678,0
9091,9393,1
29087,10923,0
22598,26970,0
14910,11483,0
28057,15066,0
21228,31500,0
2769,6385,0
29714,29524,1
28702,28830,1
8351,8108,1
20687,18717,0
4406,7112,0
426,17897,0
10731,28057,0
13447,13362,1
25877,25514,1
16245,11520,0
1117,1095,1
24226,24356,1
3070,29405,0
9682,9739,1
17581,17533,1
1361,1476,1
30391,18056,0
15522,5972,0
11039,11317,1
13045,14859,0
27445,4702,0
3771,21105,0
3904,3739,1
25334,25190,1
22509,22763,1
19760,19544,1
14527,1137,0
3411,23619,0
17785,17652,1
21182,26053,0
13335,13343,1
23382,8908,0
686,891,1
16865,3245,0
21002,12575,0
12098,12360,1
31942,31849,1
22825,16818,0
26023,26250,1
22992,30707,0
27470,690,0
29827,4853,0
1481,1069,1
29213,29398,1
11189,11482,1
18963,18720,1
8620,8557,1
20240,20300,1
2861,14074,0
4254,4134,1
31179,7038,0
19962,19850,1
27345,27303,1
20178,20121,1
18429,18257,1
22245,22237,1
29046,29339,1
26297,20451,0
22038,30208,0
10199,17305,0
14841,24625,0
633,17448,0
5037,5032,1
4418,4054,1
25981,25570,1
28437,9726,0
11408,5650,0
16396,13430,0
27429,12008,0
26377,26048,1
15305,3955,0
10852,21911,0
18566,9177,0
24812,31662,0
23720,23574,1
18426,8712,0
1671,1913,1
2645,6665,0
8142,8209,1
27065,27480,1
4069,5835,0
31261,30276,0
12449,23980,0
22906,22637,1
24968,7585,0
30904,30893,1
3381,3243,1
27424,27141,1
11426,11309,1
24517,27511,0
29257,29197,1
6785,6538,1
13793,25877,0
8699,8652,1
21181,21466,1
14716,14750,1
5913,5907,1
22458,7521,0
11053,19918,0
18576,18573,1
481,28893,0
22858,19578,0
26777,26830,1
12497,12216,1
10106,16032,0
28156,14755,0
16801,17221,0
7953,20401,0
13056,15205,0
15933,9051,0
16996,16835,1
17690,8556,0
29738,29969,1
31730,31739,1
27200,16813,0
18315,14753,0
28832,30241,0
1136,17875,0
14134,14204,1
26604,26563,1
6822,6852,1
1480,1375,1
28912,8512,0
21310,18925,0
9557,28264,0
16388,25410,0
93,408,1
16620,16816,1
19670,19750,1
26707,26698,1
13373,25376,0
6587,24202,0
14109,23317,0
11120,11281,1
15064,15011,1
1175,23425,0
16867,19435,0
30223,30027,1
8438,19417,0
6777,6876,1
16422,21777,0
1651,30764,0
21509,30136,0
20113,20428,1
27174,27648,0
11516,10922,0
27578,27852,1
14010,15463,0
20530,17607,0
29654,29846,1
1751,1553,1
21321,21475,1
17318,17310,1
10942,876,0
20703,16121,0
402,14881,0
12252,15795,0
6682,9828,0
27734,27828,1
18743,18596,1
29763,6776,0
870,575,1
13762,13829,1
23859,11682,0
8835,8891,1
17663,17937,1
30575,25270,0
30116,24837,0
16552,16751,1
27213,23351,0
22260,22368,1
6331,22643,0
5197,5839,0
10476,3931,0
22466,23017,0
14537,15608,0
12383,4303,0
21898,9564,0
29733,15485,0
2257,2177,1
9851,9658,1
31865,1364,0
23253,26999,0
4687,29185,0
4855,4702,1
943,644,1
5249,5485,1
20818,20594,1
15023,15391,1
2106,2112,1
4831,4848,1
4859,4617,1
29223,29352,1
8156,21534,0
8917,8991,1
8948,13805,0
8869,8513,1
18963,30510,0
6355,6351,1
4162,24769,0
25285,31914,0
4057,4495,1
22057,22195,1
21945,21965,1
18775,18886,1
26466,26296,1
3762,3668,1
22176,22083,1
5126,562,0
26199,22140,0
4784,2563,0
21488,21320,1
30439,30427,1
4950,25633,0
46,397,1
20861,20744,1
30141,26094,0
5466,5463,1
1307,10541,0
19715,19903,1
28398,19926,0
29992,21638,0
16652,16597,1
27224,27149,1
2351,26783,0
751,17727,0
10067,10396,1
30843,30688,1
28962,28571,1
29856,29745,1
17598,17975,1
20768,8704,0
29344,29369,1
11640,22951,0
11419,1102,0
22835,22780,1
10662,1563,0
22539,22990,1
332,11608,0
1486,16367,0
8191,8354,1
7971,7512,1
17346,17378,1
7111,6447,0
14763,24387,0
13756,7244,0
1912,11445,0
13411,30530,0
5391,14063,0
2305,14539,0
19073,19297,1
27300,27270,1
9185,653,0
1154,1194,1
22128,26945,0
16154,8555,0
31934,31871,1
7574,7523,1
8514,8834,1
18764,15696,0
20729,1061,0
26940,26592,1
7453,7365,1
14806,24050,0
14091,14046,1
11847,11645,1
14920,6480,0
17812,9146,0
12826,18833,0
12907,12910,1
29831,18211,0
24348,24121,1
31202,13686,0
21247,21498,1
12687,25648,0
25266,17036,0
30619,26808,0
8301,14758,0
31421,2029,0
8981,25372,0
9559,28283,0
11239,31998,0
27825,1942,0
10395,10923,0
16380,28812,0
14790,14554,1
2073,10882,0
30005,13026,0
30052,3734,0
4898,18663,0
14013,29763,0
3902,3071,0
274,5,1
18902,10033,0
29657,29581,1
293,305,1
29859,29802,1
10424,10437,1
22372,22411,1
16447,31056,0
5886,5524,1
9100,27277,0
6753,6573,1
26279,17088,0
11112,11028,1
21597,12252,0
10646,10786,1
11381,11186,1
21060,21184,1
14332,14035,1
29433,6115,0
6895,28322,0
11861,11596,1
17297,2221,0
22095,22047,1
1716,22934,0
4699,23236,0
25700,25701,1
5912,5628,1
10166,10489,1
5451,28176,0
30345,8629,0
9685,9557,1
64,23186,0
4405,8643,0
17685,20396,0
6636,6742,1
29680,29575,1
14504,2420,0
3366,22139,0
26386,26201,1
10005,29956,0
26139,16422,0
14778,15458,0
22238,27138,0
24703,24861,1
28257,16613,0
16697,16775,1
30542,30816,1
2362,28922,0
20586,20119,0
9765,129,0
22888,5925,0
13982,16847,0
21083,1146,0
20875,20559,1
590,715,1
19043,19127,1
31743,23434,0
11030,14982,0
89,318,1
11486,9923,0
17491,14936,0
6010,23140,0
16871,16992,1
8776,8524,1
6025,6310,1
28508,2052,0
12449,747,0
8375,13807,0
643,909,1
2935,2538,1
22409,6230,0
14683,14628,1
14556,24778,0
12599,13417,0
10044,10201,1
75,29560,0
28035,28431,1
23185,1849,0
8510,8808,1
4115,4203,1
24404,24008,1
451,20,1
12832,15882,0
8482,8166,1
14331,14032,1
9165,9340,1
21629,21556,1
7895,7956,1
17817,17821,1
2298,24104,0
7044,7175,1
17449,17375,1
17297,17405,1
22531,20765,0
9488,9375,1
3465,24657,0
5985,5656,1
21844,21809,1
24436,24178,1
28364,21447,0
21325,21257,1
3888,29432,0
6670,6771,1
1671,1866,1
21506,27761,0
11887,11665,1
23512,23729,1
22373,12946,0
13892,13570,1
18449,18146,1
9568,18793,0
2227,3066,0
17112,17381,1
13221,26768,0
9646,2267,0
27110,23631,0
13126,23498,0
977,27630,0
972,559,1
10979,10595,1
10298,10383,1
4757,13497,0
27926,12386,0
30910,25728,0
26926,7921,0
24431,24389,1
6166,6185,1
1537,3506,0
19035,8249,0
28566,25236,0
24212,8681,0
18418,18188,1
12228,26176,0
1623,1925,1
19340,176,0
4209,4265,1
23326,23486,1
20695,20728,1
265,4247,0
25259,25146,1
22956,13519,0
17855,17979,1
6573,6776,1
21374,25074,0
7727,7854,1
31677,31942,1
18956,15788,0
30402,30317,1
1930,1717,1
23716,20696,0
25148,20248,0
12922,31614,0
30124,6569,0
30305,30248,1
21644,23340,0
25200,25087,1
12973,12944,1
24792,22099,0
8287,808,0
4779,4942,1
24621,24761,1
1731,14888,0
31386,31106,1
706,31833,0
24708,24719,1
10927,10728,1
28418,52,0
3813,3628,1
11498,11236,1
17485,6991,0
8472,8397,1
8153,17427,0
4802,26264,0
18345,8619,0
10388,10061,1
24788,3163,0
2430,21767,0
21049,5488,0
30098,30455,1
1643,28991,0
466,28914,0
6524,213,0
20193,20292,1
12437,12210,1
11199,11002,1
17488,17295,1
14201,14193,1
30994,22550,0
10845,26151,0
22260,15700,0
15649,483,0
12569,13077,0
5767,5027,0
17906,10976,0
27360,5755,0
27794,7093,0
12886,12744,1
7201,31127,0
20796,27524,0
13227,13038,1
325,282,1
23172,23285,1
5155,6831,0
20086,25209,0
6918,19765,0
3434,3159,1
24978,24679,1
4285,4223,1
17606,202,0
17165,31789,0
8383,8585,0
31759,31815,1
14545,24800,0
11521,13851,0
31243,25304,0
40,90,1
15227,14290,0
6079,802,0
7268,10855,0
20060,20285,1
22494,22408,1
15846,5535,0
12610,12886,1
27247,26552,0
2494,2232,1
1607,1850,1
23001,23218,1
6533,6608,1
27245,21216,0
21934,15730,0
1947,1571,1
10681,20208,0
2265,7287,0
6541,17539,0
16318,16076,1
15833,7577,0
28518,20586,0
4451,16061,0
3490,3185,1
13621,13790,1
13047,11078,0
8999,8733,1
8140,6664,0
16819,16875,1
31766,31873,1
18565,18590,1
3100,3021,1
9854,2478,0
10259,2341,0
10122,10088,1
15700,15902,1
31823,31951,1
15760,10844,0
16604,16684,1
11054,11388,1
15975,11464,0
29111,18171,0
15516,13763,0
14901,14670,1
28382,24086,0
6806,2738,0
22300,3637,0
8157,8056,1
3070,681,0
28783,28944,1
29566,14119,0
9394,8786,0
8875,5753,0
30482,30315,1
3684,19651,0
5373,17390,0
4626,4893,1
23054,8444,0
1144,1437,1
21731,4093,0
12898,12634,1
22617,22798,1
18484,26214,0
11634,11638,1
27041,30662,0
2501,2867,1
11506,21345,0
2041,2013,1
5372,5920,0
3936,3649,1
18397,18483,1
10592,10614,1
11453,27304,0
29247,29488,1
25563,25740,1
18264,9626,0
21351,21233,1
1589,27739,0
30175,1382,0
27563,11511,0
28047,28326,1
7699,2509,0
22192,19036,0
24360,23341,0
29808,29918,1
2685,2703,1
22247,22471,1
24260,24331,1
7758,7881,1
30422,21835,0
7837,7606,1
8371,18011,0
15831,15651,1
15298,11540,0
8336,8373,1
21976,21996,1
21813,10024,0
28714,10489,0
21299,9391,0
15462,17236,0
19098,5121,0
30068,8603,0
9817,30268,0
3591,10142,0
23578,2225,0
23710,23554,1
7981,5816,0
24314,24146,1
4296,4194,1
2895,10269,0
13758,2984,0
4487,2909,0
12004,7059,0
1755,23869,0
16632,25020,0
19195,19274,1
2009,3571,0
13820,20592,0
12905,12563,1
14346,14359,1
9032,9085,1
8471,18494,0
21491,21354,1
999,644,1
18683,18960,1
12294,28442,0
28973,28550,1
20824,20956,1
31092,29481,0
7169,20256,0
11963,11712,1
20794,17034,0
25241,25250,1
22410,14455,0
26845,26882,1
5028,5138,1
24724,24982,1
26256,26231,1
28440,12448,0
23315,25484,0
18382,18285,1
5180,5127,1
6562,31383,0
16429,25374,0
29742,29824,1
22300,22089,1
30012,31038,0
11094,9124,0
26564,26609,1
15221,21610,0
8344,8065,1
13316,13014,1
27086,27002,1
6534,6987,1
7571,27120,0
8693,8930,1
5501,5721,1
12598,12704,1
21400,21476,1
19756,28467,0
26884,26572,1
30418,11754,0
1117,11173,0
30558,30690,1
29123,12461,0
4419,4434,1
6485,6390,1
21498,21443,1
12859,31956,0
13643,13591,1
7435,7092,1
15281,15449,1
2623,8106,0
5946,5540,1
29693,4196,0
17183,13269,0
27555,30575,0
4185,8247,0
6201,6374,1
14671,14617,1
31054,31215,1
24962,24900,1
13550,22069,0
2103,4593,0
24895,22631,0
13427,4550,0
10533,10686,1
23823,14985,0
8800,8723,1
11629,11650,1
10807,10693,1
29914,10114,0
20619,5681,0
29103,29051,1
15412,6763,0
4221,4302,1
30762,4113,0
16058,15007,0
31607,31772,1
31148,20187,0
9150,9370,1
15649,15566,1
6761,6868,1
15630,21063,0
29206,12573,0
19948,19545,1
13816,8171,0
76,6859,0
17352,17112,1
15035,15472,1
14125,14448,1
12746,5934,0
24753,24704,1
15988,15841,1
17609,17733,1
4891,2301,0
30450,11646,0
1793,1652,1
23780,23979,1
16125,16158,1
10401,10357,1
963,6887,0
28295,28441,1
15285,27381,0
9594,9501,1
4930,13658,0
1484,1059,1
30187,30357,1
3800,3989,1
13733,13678,1
3139,3184,1
28279,28111,1
17875,28446,0
12523,27122,0
25139,25276,1
23632,23821,1
17844,6912,0
1497,20681,0
3661,3582,1
13937,31010,0
19142,1176,0
22850,22623,1
26422,26077,1
4399,26714,0
27664,6289,0
30281,30351,1
4771,23953,0
17383,17107,1
18012,18357,1
22218,22313,1
20699,30088,0
19256,31813,0
8725,8584,1
27651,27574,1
5378,25139,0
8841,3627,0
14696,14542,1
27358,27039,1
23473,24661,0
7461,18187,0
8625,15765,0
22194,22433,1
2472,2391,1
16977,16818,1
2892,16384,0
22330,22347,1
18767,3527,0
24124,24261,1
26307,26073,1
10246,10468,1
19608,19782,1
19505,24186,0
31536,13405,0
21797,21670,1
9706,7436,0
13512,13602,1
8665,23648,0
12507,12919,1
5668,312,0
2542,2930,1
31705,31823,1
15495,15352,1
27631,22830,0
18628,1742,0
30805,17239,0
18154,18521,0
21986,21502,1
5041,23855,0
18807,18711,1
31805,31213,0
1488,1082,1
29123,29119,1
31657,28124,0
14413,14072,1
21307,21137,1
3558,3816,1
28475,1221,0
14397,14186,1
20684,20748,1
12923,12945,1
29195,29460,1
1742,5591,0
23792,23648,1
9376,7777,0
2426,2198,1
19046,19192,1
9250,17978,0
27922,1375,0
18860,18942,1
5929,5686,1
4312,14143,0
8164,8223,1
701,4759,0
8621,17958,0
26175,0,0
15794,5983,0
227,83,1
25313,25115,1
22277,22440,1
6590,21750,0
21638,21717,1
31272,31188,1
7376,23416,0
11902,22275,0
26246,6615,0
11474,11157,1
11521,29955,0
11761,7720,0
30353,22247,0
11494,11023,1
16091,16259,1
10215,23624,0
22341,15748,0
27914,27574,1
30938,15115,0
6845,5478,0
8836,24274,0
31830,29419,0
25681,25941,1
21701,21955,1
31520,31726,1
24088,26708,0
29122,29436,1
31189,13332,0
4596,4595,1
11915,11569,1
7637,5923,0
28582,8284,0
30005,30162,1
18003,18102,1
20880,20716,1
19671,19635,1
4738,4871,1
8950,10121,0
15745,1108,0
29943,29516,1
27459,27261,1
29748,29736,1
24315,24123,1
17727,10989,0
26116,26264,1
15692,5524,0
21881,17003,0
19779,11324,0
30291,17743,0
31709,31850,1
15749,15697,1
26119,26442,1
22088,17017,0
19148,1364,0
25174,12062,0
12406,5772,0
2074,11609,0
15283,15403,1
8301,11319,0
17363,17015,1
12826,12975,1
17903,3196,0
28667,10144,0
9287,9617,0
13258,1055,0
7850,22622,0
1457,19779,0
11081,12360,0
30121,4726,0
31721,31722,1
23503,23857,1
18391,13687,0
24637,30827,0
25228,597,0
27080,14476,0
30255,30096,1
110,12279,0
22752,24070,0
22040,10747,0
16796,16778,1
7274,26100,0
24886,24998,1
23577,28771,0
11096,11325,1
14015,14406,1
13632,3180,0
13799,13930,1
7422,3424,0
10501,10548,1
23984,23830,1
22325,22429,1
17977,472,0
20312,20415,1
15886,16807,0
31903,31991,1
19566,19739,1
8863,6666,0
7497,7042,1
27878,12171,0
26626,22282,0
5291,5289,1
5026,5150,1
22025,13260,0
1330,1171,1
18296,17407,0
24047,24204,1
23655,23650,1
11899,12436,0
2352,12429,0
15695,15508,1
4519,4776,1
24349,24364,1
28345,28109,1
5235,4705,0
3628,26588,0
15422,15329,1
21173,21076,1
10967,10671,1
25812,4729,0
16726,1837,0
23352,23033,1
15116,17978,0
3927,3766,1
9387,29551,0
28891,28781,1
10249,10125,1
22545,517,0
782,24911,0
8621,8904,1
12594,12843,1
25252,17404,0
18755,19271,0
10793,28550,0
8548,5806,0
23191,14163,0
10530,10794,1
5082,12295,0
3021,3433,1
24645,11939,0
17379,17339,1
1606,1752,1
27450,27355,1
27119,27157,1
15847,15811,1
19243,19444,1
9240,9055,1
13913,13834,1
23755,9159,0
14361,14150,1
23194,24259,0
15895,5857,0
7532,4555,0
22403,22013,1
14918,20637,0
1157,1286,1
26209,26438,1
17556,17929,1
7907,16910,0
17089,14540,0
22061,22021,1
2159,2242,1
6117,6496,1
23715,20411,0
13352,13477,1
12378,24018,0
18950,3422,0
7057,28357,0
26508,26756,1
1494,11046,0
2570,5186,0
29589,29415,0
23457,6125,0
8428,8004,1
14999,14942,1
14553,14760,1
21104,2168,0
27412,25464,0
12241,12417,1
29974,7481,0
1074,20392,0
11512,11822,1
10792,10785,1
28816,28728,1
5082,15319,0
4703,858,0
3724,4928,0
21418,12974,0
27896,16772,0
25536,16887,0
15489,31117,0
12411,24544,0
31742,31637,1
24327,24239,1
1573,1869,1
8995,8801,1
1038,1183,1
6029,22895,0
18520,18591,1
11677,26447,0
12056,17621,0
17249,3698,0
9195,22045,0
23883,23651,1
743,18763,0
13214,2110,0
5258,5007,1
2701,2958,1
20501,20998,1
6748,6820,1
19480,23679,0
19072,9492,0
6283,6317,1
17207,17212,1
12115,20551,0
6820,6042,0
27327,27295,1
18111,18040,1
4868,9605,0
5865,5658,1
2591,2769,1
1322,13044,0
19352,16863,0
27496,48,0
17764,17720,1
28037,28460,1
30156,7001,0
26591,3478,0
26549,6666,0
28777,21760,0
26637,13167,0
9218,9009,1
22056,6504,0
11371,19329,0
9056,9137,1
20895,30283,0
28837,1631,0
23518,23787,1
30889,19779,0
6023,17786,0
30773,203,0
18177,4607,0
15073,23627,0
9580,9599,1
8266,8276,1
28240,31730,0
24172,10492,0
804,947,1
29943,11668,0
19109,22818,0
1541,1523,1
24975,12034,0
11372,12664,0
25563,25871,1
26410,26342,1
12643,12588,1
28555,31347,0
17939,3644,0
10628,10991,1
27099,2004,0
19280,19341,1
29975,29904,1
27167,723,0
22180,22432,1
12683,3712,0
4524,4946,1
18657,18635,1
15497,5564,0
14757,14666,1
29514,29547,1
3038,3446,1
24086,24078,1
17286,17173,1
21282,30696,0
23285,23100,1
11487,11004,1
20375,20230,1
8547,8691,1
29212,29460,1
11144,18025,0
15448,19729,0
27803,27660,1
18736,14212,0
19233,20188,0
3682,3536,1
27145,27167,1
9472,16270,0
15119,311,0
19043,28205,0
2248,29758,0
20412,20377,1
2486,4157,0
12526,12598,1
14880,12290,0
20138,20422,1
3281,29121,0
22491,22309,1
20342,20391,1
28089,29797,0
6863,2158,0
15126,15296,1
25954,23554,0
1339,1003,1
29571,27548,0
18884,18755,1
23997,23647,1
9136,9319,1
30181,20168,0
14190,15013,0
25086,25039,1
17806,6508,0
21972,17502,0
20843,20617,1
3561,28089,0
607,840,1
17058,18903,0
15082,15120,1
29223,29095,1
7780,7977,1
5732,5583,1
21135,21439,1
15561,16222,0
8584,8514,1
18948,18999,1
4137,4457,1
28843,29813,0
22551,20791,0
15157,17515,0
6037,23358,0
27863,6475,0
29493,14919,0
30256,30180,1
5904,27228,0
27177,12784,0
24522,30613,0
25877,16577,0
13592,13685,1
13970,30690,0
9579,16963,0
17840,17885,1
26121,6751,0
6001,6164,1
13493,13175,1
26182,26403,1
17738,17764,1
12920,12901,1
10183,15801,0
28775,28726,1
2475,2387,1
22189,23170,0
29974,29546,1
22235,22460,1
28449,28463,1
27277,27497,1
12793,12774,1
28733,28668,1
10900,7969,0
31737,31886,1
25680,25635,1
13630,11985,0
1880,1875,1
25620,28831,0
22800,22561,1
16500,17923,0
29279,29022,1
26455,26069,1
22056,22354,1
25495,25433,1
10290,11097,0
10810,10955,1
8728,5552,0
7100,7438,1
15246,26220,0
3223,3080,1
13369,13246,1
11333,13367,0
27313,27062,1
8794,5655,0
19278,19037,1
30695,21496,0
2486,2196,1
11828,11629,1
7202,7401,1
206,14095,0
7153,17556,0
1061,1337,1
10276,10488,1
4239,4006,1
20963,23546,0
8088,19593,0
6493,20943,0
10025,28974,0
24223,24462,1
6670,13400,0
31480,31261,1
15824,15987,1
13129,13158,1
18835,882,0
11333,27883,0
629,15847,0
5529,5545,1
31886,20112,0
23956,23680,1
28882,1984,0
8295,11584,0
9500,9625,1
27953,1540,0
17127,17174,1
28404,28188,1
30953,723,0
17247,2330,0
4125,10149,0
10572,10648,1
11128,9020,0
28245,15837,0
28388,28122,1
27596,30566,0
27001,27103,1
12650,3527,0
24991,29846,0
26029,26425,1
20168,3196,0
7628,7931,1
25127,27933,0
24987,24731,1
10483,10385,1
2364,2168,1
28506,28909,1
19769,24635,0
12404,12091,1
8494,8164,1
23329,23014,1
1908,1634,1
11111,28002,0
27846,27830,1
4439,2206,0
19671,19520,1
5497,5209,1
3440,3339,1
17789,10208,0
354,276,1
2313,20729,0
18626,30688,0
27113,2458,0
12283,11809,0
17255,17169,1
19957,11508,0
16545,16872,1
21595,25824,0
26171,4383,0
10807,10984,1
23069,23379,1
10139,30345,0
4133,4335,1
5581,5817,1
29502,29515,1
23664,5336,0
29718,29779,1
22705,22506,1
4393,4398,1
10666,17807,0
26894,30322,0
5797,5560,1
19989,19618,1
30976,30527,1
7767,27914,0
26117,26500,0
18817,400,0
25680,25842,1
17503,17994,1
23682,27443,0
13855,28815,0
1665,17349,0
27243,27349,1
17661,17982,1
8003,8415,1
28795,17184,0
31491,20276,0
25410,25052,1
30329,30121,1
8693,17477,0
5207,19891,0
31130,10850,0
28019,30441,0
20590,20869,1
9181,23220,0
5854,5750,1
62,3320,0
15020,15438,1
17343,10584,0
19907,19960,1
31646,31845,1
10806,30787,0
14283,2103,0
8753,8569,1
25110,25234,1
10361,17015,0
8736,28790,0
27312,29,0
13127,2939,0
10921,25842,0
14204,14321,1
27250,23382,0
2180,2332,1
2257,2292,1
1711,1901,1
20901,30114,0
26495,15385,0
14098,14400,1
5355,12636,0
13117,4654,0
10328,10234,1
12133,17919,0
23164,10273,0
26052,26185,1
27265,25806,0
19293,19229,1
26874,28502,0
31034,10469,0
610,23870,0
6259,3820,0
17289,1561,0
31757,7762,0
21135,7195,0
9635,5852,0
24717,12114,0
13175,5487,0
28943,23375,0
9326,9186,1
9676,9762,1
9937,12277,0
17215,29151,0
15464,31987,0
16947,28334,0
6761,31952,0
10664,20677,0
18083,18277,1
2986,1156,0
22416,22073,1
13119,22287,0
26404,26017,1
7091,7428,1
4544,24125,0
13211,13252,1
26323,24104,0
13473,22375,0
24489,24336,1
6660,8202,0
17847,19274,0
27620,6608,0
30640,30855,1
29047,29018,1
16175,26456,0
8999,28784,0
18719,18500,1
31340,28548,0
22067,4945,0
29023,29261,1
9413,19334,0
22948,21622,0
8206,28402,0
8945,5504,0
24627,26514,0
19670,19918,1
9914,9942,1
16935,23161,0
5411,13419,0
20126,8847,0
21751,23020,0
28422,28020,1
30512,30809,1
12471,1084,0
17652,17941,1
14331,10121,0
25313,25480,1
8837,17569,0
5830,10008,0
6070,8541,0
17359,17390,1
22056,22181,1
5471,5171,1
23622,18612,0
19491,19344,1
21750,11021,0
26114,14752,0
16584,16952,1
6859,13500,0
17402,17498,1
11103,1494,0
24917,23418,0
3982,24891,0
1678,30804,0
1473,19115,0
4564,13193,0
7044,9273,0
5100,27747,0
21847,21806,1
10217,14696,0
3811,11751,0
10060,10443,1
12312,5136,0
12912,12532,1
1993,1751,1
7190,7100,1
14909,14564,1
17765,5055,0
23099,15491,0
23186,23286,1
25974,29983,0
1225,14114,0
12088,12421,1
16450,16092,1
3866,8667,0
31882,31737,1
19493,2577,0
16163,9471,0
28784,11854,0
4960,20065,0
8803,8820,1
15863,15682,1
6099,11411,0
3813,3831,1
2929,4141,0
30620,21009,0
9921,7206,0
28495,27915,0
5366,5355,1
4570,19,0
24290,24159,1
13675,5866,0
15695,14679,0
6399,6025,1
1471,1110,1
10257,2978,0
10275,2396,0
28390,28396,1
19366,7385,0
24032,30693,0
11255,27787,0
12811,12866,1
10731,12192,0
5194,18237,0
28538,26482,0
18873,18935,1
6972,6764,1
29206,28985,0
6634,6824,1
21632,4546,0
16033,25148,0
31352,4912,0
16296,7355,0
27623,27510,1
11362,11278,1
24865,24530,1
3900,3930,1
6142,26997,0
9545,9990,1
27199,28205,0
8670,24171,0
3419,15130,0
2621,2518,1
16381,17815,0
30553,30651,1
3050,22921,0
3588,3642,1
9922,8653,0
7,12212,0
73,410,1
5012,17355,0
18703,15034,0
24074,24652,0
26719,20398,0
26744,23682,0
16419,19974,0
29387,29343,1
29289,29160,1
25887,25859,1
27264,27010,1
29399,29071,1
31223,14033,0
5038,26746,0
7060,24181,0
17731,14535,0
30581,30970,1
22943,22917,1
141,439,1
6802,6929,1
30980,10850,0
13949,7544,0
26941,7071,0
1475,1226,1
9971,31033,0
11861,11545,1
13672,13591,1
19559,29910,0
28555,4013,0
3030,31832,0
8232,517,0
15918,15631,1
273,9670,0
25129,25427,1
27187,27125,1
6040,6338,1
20617,20642,1
20231,2468,0
1456,22316,0
21272,21437,1
31823,31590,1
6017,19837,0
12640,1452,0
16849,3819,0
13111,13417,1
29395,9899,0
20772,20734,1
718,17811,0
31775,16477,0
21304,21075,1
8471,8131,1
27075,7143,0
12410,12311,1
22062,4052,0
28050,12467,0
23790,13622,0
22596,22945,1
10461,30549,0
17914,17945,1
31451,31007,1
14720,7973,0
23508,23769,1
3094,8149,0
11556,28772,0
7933,11234,0
23040,31550,0
17043,18586,0
11453,11187,1
29055,29167,1
8352,8047,1
29351,18731,0
1572,1959,1
14146,14376,1
8824,11837,0
26395,26231,1
13821,18108,0
14937,10738,0
3258,5212,0
20113,31375,0
10507,9817,0
9047,9331,1
20432,6617,0
22351,11641,0
7080,7127,1
22490,22098,1
18474,5840,0
12973,5811,0
5180,5299,1
13128,9780,0
17513,26180,0
12438,26552,0
10514,10806,1
28829,28605,1
20515,20724,1
2432,2066,1
31109,6446,0
26651,26578,1
31010,31444,1
5333,25053,0
2399,17476,0
4987,19453,0
19220,3533,0
27901,27851,1
30105,30384,1
14659,28457,0
8145,8280,1
5182,2356,0
11037,10275,0
1244,1278,1
3299,30791,0
19787,19864,1
20528,20790,1
8626,4999,0
2457,2345,1
15626,15620,1
13244,13036,1
28379,15105,0
4954,4880,1
29689,30714,0
4325,4213,1
26919,26801,1
16184,27450,0
14929,14556,1
25690,25851,1
12764,26184,0
8482,8210,1
1482,23753,0
2533,2780,1
7265,7167,1
15416,15419,1
24377,29767,0
6462,6161,1
4779,6190,0
28099,28323,1
300,26666,0
8764,16562,0
9487,18116,0
5945,5110,0
4696,29998,0
1697,1574,1
9492,9006,1
29337,29041,1
30229,30315,1
5663,17007,0
7722,27913,0
24620,24728,1
5838,19413,0
31495,31294,1
9129,24421,0
11572,5694,0
13092,31257,0
17242,11854,0
9723,21742,0
14518,20088,0
3822,27679,0
12504,26776,0
19690,31775,0
30613,31167,0
16330,4930,0
6688,6623,1
702,723,1
14629,9590,0
9395,27080,0
30414,13598,0
25948,25695,1
27609,26889,0
31427,11826,0
3018,3098,1
18732,18758,1
7042,23336,0
17963,17528,1
30598,30904,1
30854,13840,0
16918,22732,0
12044,12154,1
20924,20626,1
18734,6262,0
25595,19073,0
23418,23296,1
31948,17004,0
3169,3436,1
7741,27414,0
17257,17057,1
19994,19713,1
6858,6873,1
11240,11265,1
6969,6855,1
21496,21142,1
6805,6694,1
18985,661,0
3299,28133,0
1919,1718,1
13570,25547,0
5529,9929,0
19203,25579,0
2042,16163,0
31067,12326,0
5607,27153,0
13761,5221,0
17767,12502,0
4244,4262,1
15164,15369,1
11312,11091,1
1565,1669,1
18456,23081,0
8373,12006,0
28474,28385,1
23997,6593,0
13868,3136,0
18452,5197,0
5954,5805,1
6081,22272,0
3911,3592,1
10364,10363,1
244,6140,0
3571,21018,0
6615,6827,1
873,16425,0
783,504,1
16703,10657,0
3096,3071,1
28445,12142,0
26719,30322,0
15363,15081,1
24887,27741,0
4523,4716,1
17385,17138,1
3946,30478,0
29553,29557,1
30193,30157,1
4541,25223,0
17259,17101,1
30903,30942,1
18359,18440,1
1909,7750,0
5074,17342,0
23121,25762,0
13354,29569,0
12786,19062,0
5675,16323,0
15733,15528,1
6349,6207,1
15006,15232,1
30332,30067,1
14973,14794,1
3409,3272,1
3905,21044,0
4889,4133,0
30103,30030,1
22585,22831,1
28812,28595,1
5949,15924,0
26696,28953,0
6132,6113,1
29824,18327,0
3164,3456,1
5544,5986,1
30010,30440,1
22006,13465,0
17814,29915,0
3687,3604,1
28715,28958,1
28906,7083,0
19278,6402,0
15908,27927,0
9254,9077,1
16555,16889,1
23536,23736,1
30054,638,0
10432,26672,0
11221,11455,1
24134,24112,1
8656,8712,1
20897,20982,1
6952,6500,1
21673,21570,1
28034,25111,0
27347,29747,0
8396,21858,0
11249,11084,1
12998,12661,1
1941,1867,1
17916,5052,0
26071,26073,1
1323,1204,1
4065,2523,0
15482,12218,0
20811,20623,1
21033,20730,0
6589,25804,0
20178,20110,1
1936,13192,0
24180,24030,1
5327,27385,0
24188,24356,1
3502,3584,1
25273,25357,1
24,344,1
20524,20572,1
27104,30425,0
11763,24472,0
23601,23538,1
2653,30445,0
4720,4707,1
4741,4955,1
6044,27338,0
4715,4922,1
4698,21687,0
31719,15924,0
4995,6387,0
16129,9005,0
14170,14370,1
31975,4944,0
2401,17625,0
26657,28014,0
280,27579,0
31558,31540,1
28013,28000,1
8842,23798,0
16449,16316,1
15023,15261,1
11315,11291,1
23530,23773,1
19478,30326,0
762,874,1
22478,22182,1
29319,29102,1
10655,10946,1
10869,27946,0
29643,29831,1
29203,2074,0
22146,7683,0
9064,9117,1
8429,13472,0
18546,21344,0
4946,27373,0
18829,18711,1
6291,25719,0
10009,16947,0
16580,16829,1
19298,17615,0
3819,14524,0
14947,14847,1
24826,24705,1
6128,6352,1
10961,10886,1
27929,17347,0
28112,11319,0
1047,1150,1
16745,3207,0
1991,1540,1
5390,5343,1
23950,23551,1
19426,19353,1
5712,8038,0
8997,14890,0
16104,16211,1
28635,18449,0
17009,10399,0
22304,22201,1
6090,5665,0
17766,5476,0
4737,9418,0
28794,28789,1
21382,566,0
11501,11862,1
15259,15257,1
4384,20010,0
23377,23021,1
23476,3310,0
18876,9013,0
14533,3407,0
15027,15418,1
19766,30352,0
10750,10646,1
27823,10250,0
25989,16161,0
31644,31567,1
23447,23819,0
1347,1432,1
9784,9633,1
13837,13836,1
16263,19180,0
18564,18903,1
20446,11571,0
23543,7854,0
14597,884,0
17942,17535,1
12989,17020,0
31325,31314,1
24534,2829,0
4685,23504,0
12015,12488,1
4682,4573,1
9589,9956,1
6458,18460,0
25759,7594,0
1170,1433,1
28512,27626,0
22583,22682,1
29992,24838,0
8696,15033,0
3328,4784,0
7828,7622,1
3778,22892,0
9503,9961,1
26340,26070,1
29822,29576,1
20609,19429,0
1321,22729,0
26191,26329,1
16864,30013,0
20824,25033,0
43,254,1
1950,1976,1
13293,13161,1
27134,17712,0
22447,22310,1
13244,1640,0
23814,513,0
23951,23604,1
31992,11626,0
25332,25041,1
1791,8557,0
28955,28540,1
28,7924,0
1847,1592,1
27151,9665,0
46,28750,0
5830,16907,0
23942,23956,1
5018,5195,1
23645,23580,1
24549,24552,1
18533,22320,0
18270,18152,1
19430,19327,1
23368,17614,0
14506,14946,1
28545,28938,1
14099,3573,0
26834,26747,1
27387,27124,1
600,726,1
14444,14355,1
8445,14637,0
3353,3152,1
31888,17773,0
15544,15833,1
10473,28182,0
23672,905,0
20535,29775,0
2302,29777,0
10797,17069,0
17548,2130,0
7522,7811,1
17339,17113,1
10307,4741,0
30500,30669,1
614,629,1
30739,30734,1
1384,11628,0
8505,8728,1
23813,23983,1
13546,10538,0
7346,885,0
21588,572,0
17918,17902,1
13802,21249,0
3543,20998,0
4707,5333,0
25103,31510,0
7109,11532,0
11145,11127,1
26605,855,0
18670,20768,0
3929,3674,1
9283,20152,0
13131,5996,0
17529,10272,0
15558,15969,1
10550,31999,0
19090,19415,1
20952,2418,0
9189,1074,0
8702,29095,0
5955,5874,1
31251,18191,0
16358,21539,0
29344,29150,1
7111,10833,0
12401,4159,0
2327,2242,1
19864,19995,1
30700,30959,1
26599,6781,0
22413,22277,1
1964,14268,0
29362,26189,0
6584,6578,1
7548,7626,1
18702,4479,0
17901,14265,0
24815,24770,1
17486,16599,0
22561,22342,0
6416,6393,1
20950,23468,0
19310,19254,1
30487,30188,1
26481,26382,1
18170,18058,1
29691,10611,0
13404,3158,0
28889,25379,0
9660,1096,0
27479,3616,0
20197,20149,1
24077,24083,1
10512,30872,0
24756,4227,0
10198,14568,0
24653,2763,0
31687,31731,1
12892,12982,1
12705,12668,1
27593,27856,1
24245,24185,1
26120,26400,1
27599,22125,0
20160,20884,0
31041,31455,1
12609,6594,0
16111,16261,1
1380,1241,1
16595,16780,1
20163,10721,0
6391,23200,0
26256,15301,0
25784,25875,1
12991,12506,1
7403,5626,0
23645,26885,0
13403,26256,0
2639,2560,1
9198,9037,1
25578,25513,1
31411,31494,1
24749,24638,1
4458,4430,1
12130,12022,1
28570,28685,1
25682,29829,0
4632,4823,1
8127,8074,1
11711,11769,1
20425,20243,1
30066,30270,1
28934,17447,0
6567,21552,0
6300,19676,0
17064,17198,1
14559,10469,0
20127,20210,1
12225,12149,1
12897,27038,0
19815,851,0
7565,7999,1
17687,20138,0
17478,29518,0
4564,22474,0
12544,12688,1
207,380,1
22971,28485,0
16143,16242,1
24591,24915,1
20341,20119,1
211,3422,0
13143,13348,1
18217,28223,0
14202,21926,0
24997,20395,0
18354,18340,1
2677,2650,1
21275,21383,1
8467,232,0
8205,19404,0
16304,16259,1
22318,22038,1
11732,11719,1
10539,10762,1
3237,25213,0
27994,27775,1
9645,15333,0
21878,16854,0
30341,30047,1
11025,11267,1
8866,8725,1
7307,7203,1
25661,25532,1
21757,25739,0
15318,15477,1
27041,27485,1
17387,17171,1
6238,12042,0
1446,1442,1
2172,12210,0
17572,9616,0
4005,4252,1
27520,27908,1
7134,30665,0
15701,15565,1
31582,23570,0
20923,20773,1
1941,1914,1
15836,15840,1
26231,26486,1
7386,28394,0
20502,20593,1
9635,5547,0
17473,1968,0
3822,14836,0
25748,25762,1
22327,12862,0
13839,13599,1
3607,3663,1
9440,9144,1
8380,12018,0
24853,24632,1
14421,22937,0
29791,18822,0
8267,8155,1
7794,7716,1
8718,8983,1
29827,29703,1
27700,27600,1
5145,30113,0
19785,19974,1
29371,1447,0
24133,8767,0
1752,24985,0
2365,3902,0
15911,4986,0
17384,21763,0
7398,7315,1
19179,19338,1
9588,9677,1
3656,14696,0
21579,13677,0
21279,31122,0
29027,22474,0
20644,20506,1
31383,31276,1
19858,18415,0
5724,8075,0
19777,19948,1
17395,17316,1
30930,21791,0
8166,8047,1
29164,28887,0
9229,9176,1
14017,5895,0
15411,372,0
7748,25781,0
14750,14761,1
28283,28419,1
18834,18911,1
328,238,1
6554,31402,0
9729,26639,0
26581,26306,0
26684,26822,1
21366,30177,0
9807,9691,1
26993,26676,1
4214,7442,0
30133,30318,1
11631,21652,0
6304,6261,1
13957,13921,1
20513,29883,0
21996,21650,1
30547,30753,1
29434,16053,0
12204,12168,1
1148,1317,1
11627,11643,1
9556,9883,1
6392,25644,0
11065,12794,0
27667,14021,0
13756,26715,0
10846,1031,0
4878,4976,1
28015,28208,1
17745,25561,0
15937,1700,0
21210,21355,1
15445,15283,1
13313,1326,0
709,730,1
17280,17227,1
28250,28357,1
13462,14595,0
2297,2399,1
6118,6152,1
26806,26929,1
30843,30624,1
10445,10331,1
1551,1635,1
17055,5816,0
1552,3030,0
11762,27611,0
15900,15990,1
30234,12011,0
3652,3699,1
14767,30569,0
18719,18858,1
9671,6729,0
22361,31200,0
19921,24668,0
30137,313,0
27599,6905,0
16888,16906,1
21290,21069,1
854,874,1
31381,31477,1
20252,20313,1
381,111,1
23643,3690,0
24206,24053,1
13216,13068,1
9418,29348,0
29338,29232,1
18940,18719,1
20183,20366,1
16343,25892,0
5687,5773,1
15927,15914,1
4300,4232,1
24178,24053,1
17963,17628,1
7613,7548,1
8972,22846,0
23496,23162,1
1496,1121,1
31116,31182,1
16718,16709,1
20571,10468,0
29189,29009,1
23415,23147,1
30577,30794,1
12845,12977,1
27928,10317,0
14419,29954,0
30878,30656,1
7116,7190,1
29426,2104,0
10918,21292,0
14349,14380,1
4567,4530,1
9377,21436,0
17378,17029,1
26995,26528,1
11879,18133,0
7862,9864,0
23070,29327,0
6159,6107,1
31809,18581,0
11059,24060,0
30895,10927,0
6716,6584,1
10902,25183,0
22229,22357,1
18828,18717,1
26382,24985,0
28058,28046,1
26589,14205,0
18434,18437,1
5266,5435,1
9823,24528,0
28934,28788,1
8085,8209,1
15680,23601,0
28406,8910,0
15342,18667,0
6268,3475,0
19960,18549,0
14286,14430,1
5881,5501,1
6169,6105,1
19498,19473,1
9781,9870,1
23275,23496,1
5301,5261,1
1341,1140,1
22029,19429,0
13924,13592,1
3302,2016,0
27950,1741,0
31813,31986,1
6395,6286,1
13010,18985,0
11731,11906,1
25569,25899,1
30803,26255,0
29684,19414,0
30963,30756,1
16471,16149,1
20305,1888,0
23565,12316,0
8669,12911,0
26079,31805,0
26831,26916,1
22709,8403,0
12850,12874,1
3208,3129,1
9460,9495,1
11182,20701,0
6867,3955,0
3844,3639,1
25245,25424,1
13915,4868,0
9145,9143,1
29411,8751,0
11889,11599,1
10298,19314,0
21880,21640,1
5153,11493,0
18015,20225,0
24632,24528,1
13685,15484,0
4483,23476,0
26676,11957,0
28074,28164,1
28260,24140,0
531,30126,0
8261,13585,0
28684,5478,0
10970,10955,1
12245,12473,1
10809,25834,0
4853,23792,0
11909,11598,1
31374,31498,1
14146,7013,0
14313,15912,0
28191,28485,1
21180,21040,1
1880,1790,1
14032,108,0
26577,12658,0
13785,8900,0
18600,12797,0
12144,12079,1
1634,1626,1
10973,5993,0
24997,25840,0
7611,8212,0
6031,31451,0
10815,19887,0
18480,18034,1
3874,3893,1
21318,5406,0
13370,13054,1
7115,2055,0
29055,30675,0
57,103,1
26252,26451,1
27224,23092,0
11713,11971,1
11061,9614,0
6699,7794,0
5991,24111,0
13098,30839,0
24579,24775,1
986,5796,0
2856,20608,0
24435,19387,0
13516,22257,0
15707,15913,1
25602,10290,0
30493,30001,1
11493,11203,1
18058,10965,0
27694,27513,1
12702,22782,0
29581,29531,1
9836,26470,0
852,20845,0
28995,28825,1
15475,15292,1
6389,12874,0
6046,21364,0
1306,483,0
19334,20956,0
13656,13895,1
3360,22026,0
9302,9007,1
27130,10504,0
16176,16325,1
3091,17568,0
20491,20333,1
30654,30998,1
15527,15689,1
30389,30103,1
12025,2723,0
31565,31616,1
26260,26282,1
27913,27622,1
15583,4106,0
27997,27912,1
16075,30907,0
20747,20763,1
14839,18560,0
4502,20104,0
29297,5452,0
13787,29620,0
7324,11714,0
21566,21988,1
12974,20620,0
30001,9860,0
13771,13954,1
21081,29032,0
25837,7743,0
11517,11724,1
9807,5579,0
29817,8880,0
769,999,1
11831,11644,1
16177,16232,1
9488,9957,0
14756,14786,1
5758,21,0
20874,20739,1
13541,20800,0
29151,29847,0
14429,14063,1
10368,655,0
13726,5750,0
23207,23277,1
24714,24811,1
22727,22976,1
19284,12601,0
15459,15283,1
6015,27973,0
12351,12347,1
29242,15230,0
20160,20103,1
3025,3074,1
15338,8375,0
20112,8456,0
4263,4378,1
22522,29419,0
31667,9446,0
19752,10743,0
9234,19051,0
10567,9521,0
13367,13175,1
10665,10654,1
22396,22361,1
22030,22436,1
28967,5054,0
29331,29131,1
16842,16603,1
31304,31055,1
1476,9437,0
19689,19725,1
25007,27635,0
3604,9738,0
664,12154,0
11984,11848,1
17493,17446,1
24341,24348,1
25003,25481,1
30749,24628,0
8694,8835,1
30579,18659,0
15563,15705,1
9301,28823,0
24588,8612,0
19431,19116,1
28472,28130,1
18084,19223,0
27263,27155,1
24578,16039,0
4120,4194,1
28887,28928,1
2124,25565,0
22207,12166,0
6086,7844,0
28325,2071,0
12710,14603,0
16560,31631,0
6860,6995,1
11606,23942,0
24855,17767,0
705,10902,0
13051,28193,0
16567,16562,1
3410,3252,1
13962,329,0
20531,20950,1
7868,7960,1
6659,6504,1
29087,19481,0
10088,10093,1
3428,31675,0
29265,29152,1
16694,4492,0
3323,18769,0
8459,15336,0
8678,6568,0
23363,23312,1
558,26615,0
11759,11990,1
9225,12421,0
3785,3797,1
11090,11121,1
4128,10169,0
14635,14830,1
30510,30890,1
19104,19130,1
2189,14206,0
20784,28266,0
4405,27410,0
7309,7089,1
28472,7705,0
29246,21607,0
2470,4503,0
30358,25673,0
29193,14679,0
28796,484,0
18749,14515,0
18476,6276,0
31630,31525,1
11641,11559,1
772,644,1
28647,28820,1
154,357,1
3488,3042,1
13071,13111,1
11788,18814,0
18104,18470,1
18714,9597,0
3940,11805,0
19076,15924,0
18676,25195,0
28761,28659,1
12254,17958,0
31962,17308,0
8597,16768,0
783,947,1
20758,20951,1
18870,12237,0
20646,20624,1
22063,22714,0
839,622,1
301,10515,0
30085,19223,0
13813,13841,1
29055,14407,0
5720,28783,0
21802,21521,1
8205,8019,1
20559,27445,0
1795,1737,1
31158,31048,1
3910,3655,1
363,18110,0
25053,8801,0
11898,29448,0
8555,8705,1
24148,24144,1
18330,18451,1
663,916,1
25367,25123,1
21068,21022,1
15171,5855,0
9183,19271,0
5447,10401,0
24851,24732,1
983,20814,0
18282,5381,0
19647,9953,0
17743,23343,0
7698,5168,0
17896,17953,1
7151,7303,1
1604,25443,0
12199,12488,1
10559,10807,1
15664,13047,0
5269,5372,1
3055,3673,0
28588,28960,1
20322,22538,0
18456,26509,0
3922,7055,0
1513,1620,1
1286,28278,0
28308,28294,1
15938,15775,1
18674,29054,0
30208,27349,0
15641,15728,1
10206,10302,1
20982,20538,1
2888,2553,1
7365,10559,0
28533,2740,0
10165,10478,1
24504,24965,1
21033,13872,0
24843,24508,1
20081,20162,1
774,11226,0
12506,12706,1
8254,8032,1
837,11779,0
6716,7500,0
28384,29890,0
31661,30348,0
18005,18300,1
25249,25204,1
9461,9435,1
10375,16143,0
16498,16079,1
26044,26345,1
18307,5490,0
486,376,1
8353,8279,1
28142,8043,0
10810,10993,1
29356,26544,0
1120,1209,1
20450,10204,0
19845,19726,1
15136,15273,1
21412,21051,1
2925,10861,0
9373,9136,1
1459,1434,1
7171,7252,1
29181,29216,1
22743,22879,1
6148,18025,0
16424,16344,1
31013,31095,1
10114,10369,1
18115,18103,1
11063,11172,1
408,49,1
31688,31973,1
28496,28040,1
1466,1495,1
2990,2888,1
12503,12577,1
9086,9077,1
28253,28333,1
13905,13716,1
9138,28617,0
15954,15641,1
27796,27613,1
26276,21166,0
1068,1169,1
3891,24551,0
28500,9085,0
7423,10923,0
22259,11384,0
12052,12190,1
8350,220,0
10735,7850,0
27913,27734,1
24717,15209,0
10051,10109,1
1439,14297,0
6428,31185,0
12539,12803,1
28701,28639,1
31843,31902,1
1382,1226,1
21805,28130,0
31292,31311,1
16166,16096,1
14975,11724,0
27374,27227,1
23469,15198,0
14207,14354,1
606,13131,0
326,391,1
14626,6291,0
30805,28586,0
30246,30169,1
29343,3657,0
24764,24705,1
5246,14711,0
28850,9263,0
10662,10984,1
8850,19557,0
3097,3149,1
26647,26605,1
30504,30525,1
19978,19868,1
515,6204,0
8387,8244,1
7777,9820,0
6148,5313,0
31014,7191,0
17217,17418,1
12718,12672,1
16961,16591,1
22787,22745,1
6564,6849,1
9211,9405,1
29187,29182,1
31430,31489,1
2566,2952,1
27564,27991,1
5737,16719,0
6911,6906,1
22208,22060,1
8809,30902,0
31064,7120,0
531,3380,0
16407,16408,1
25893,10770,0
9594,10702,0
4741,4563,1
10928,4271,0
23038,12408,0
13520,13972,1
16602,16671,1
24049,2613,0
2308,3488,0
4733,4712,1
24056,24340,1
10376,10041,1
9617,9561,1
25551,25870,1
10576,10518,1
20551,20946,1
25396,25029,1
12208,20435,0
30952,30877,1
22804,17736,0
16903,16941,1
3014,12386,0
13004,13452,1
18355,10405,0
26535,20857,0
8431,17953,0
31656,8801,0
10950,1524,0
12512,29332,0
16628,16610,1
15352,15322,1
3384,3023,1
13586,13298,0
11320,11347,1
19554,28956,0
24073,18399,0
27997,22266,0
19377,19119,1
3132,3452,1
22496,13052,0
4119,167,0
22063,1643,0
17843,5054,0
17846,920,0
10451,10179,1
16758,16933,1
20950,8283,0
13648,13532,1
498,2322,0
1252,1420,1
3961,3506,1
14908,14707,1
5471,5053,1
5690,5966,1
22433,4998,0
31223,30374,0
19636,19713,1
5218,5041,1
17039,12501,0
22592,22643,1
274,469,1
20769,20579,1
8392,5242,0
18084,18060,1
10034,27241,0
3779,3857,1
17818,29598,0
16473,25034,0
5985,3547,0
31568,31957,1
24098,24113,1
1138,1030,1
13777,9265,0
10179,2134,0
12220,13523,0
6793,18399,0
9924,21269,0
1888,21227,0
6193,10967,0
4910,4892,1
2534,2611,1
30376,30224,1
1207,1487,1
13647,13635,1
5478,5316,1
21356,24192,0
7057,7411,1
17835,17893,1
30126,28545,0
735,539,1
5637,5646,1
17405,27708,0
15168,4617,0
18883,27070,0
24726,24764,1
16808,9640,0
28545,22684,0
28599,28801,1
23046,23204,1
24650,24503,1
8802,4730,0
3610,3564,1
3220,10048,0
13727,13768,1
17912,17906,1
14771,14508,1
13114,13052,1
29230,31636,0
18540,18767,1
18355,8526,0
12996,1563,0
29835,16695,0
27179,27347,1
20065,22576,0
19484,22246,0
19179,11865,0
4712,4549,1
25754,29082,0
21972,21844,1
1613,1953,1
2876,31348,0
30241,18119,0
9513,9572,1
1762,1874,1
20450,20498,1
18437,18086,1
19496,19067,1
2727,2893,1
3216,23535,0
20011,20395,1
11551,11513,1
10662,26063,0
14019,17459,0
9046,5225,0
28493,21948,0
19230,2484,0
24512,29124,0
499,30078,0
19083,9679,0
30340,16840,0
31139,10901,0
14400,14479,1
31816,30807,0
24912,24634,1
8254,29139,0
23917,18545,0
8919,25206,0
2147,12312,0
25447,25131,1
26969,3902,0
9406,2676,0
20291,11045,0
311,243,1
27791,27803,1
26056,7583,0
29626,3820,0
30760,27581,0
7642,7584,1
9948,9949,1
30340,29862,0
9560,7268,0
15496,13840,0
6695,6946,1
21841,14979,0
29911,18279,0
1745,1785,1
14542,24236,0
27677,27856,1
92,21964,0
18891,9001,0
2701,2747,1
30675,30616,1
9780,16831,0
11734,1022,0
11647,10557,0
13720,13731,1
8076,16559,0
13015,27534,0
4281,4405,1
30678,30659,1
24276,30750,0
9829,9551,1
3697,3563,1
19888,10922,0
29758,17239,0
9527,18731,0
1992,1606,1
8734,10696,0
2513,17116,0
28749,28494,0
11240,11679,0
12734,11180,0
24400,24448,1
23702,591,0
9636,30609,0
27468,19700,0
10376,10451,1
13700,13636,1
18088,357,0
5755,30556,0
26922,5729,0
31788,7472,0
5883,15984,0
6556,6983,1
4478,4362,1
17920,17520,1
13839,20385,0
28003,20964,0
11896,9439,0
15940,15745,1
16681,7405,0
2382,2463,1
30017,30376,1
526,734,1
16202,16135,1
20399,19624,0
29823,29989,1
14246,26296,0
6794,6841,1
780,28956,0
31997,26119,0
19374,19094,1
14062,14102,1
15220,16432,0
27953,27510,1
24868,24667,1
14746,21193,0
20597,20906,1
17105,17451,1
28074,28394,1
3782,18220,0
31961,880,0
11659,11737,1
25030,13936,0
11126,23381,0
13495,15536,0
22400,12811,0
30625,19653,0
18985,18600,1
11123,11245,1
15454,15068,1
23840,27202,0
1912,20450,0
28311,5499,0
17957,17877,1
2773,28216,0
4005,24155,0
17326,17324,1
8276,20332,0
2997,29921,0
26540,26711,1
5160,25064,0
78,309,1
2443,29577,0
25660,3729,0
22507,29402,0
14021,14022,1
16609,16930,1
2833,2800,1
31176,31467,1
10202,7405,0
27659,18996,0
26291,27984,0
29566,29836,1
24621,17466,0
27208,27111,1
1683,1612,1
25341,11677,0
20887,20616,1
31119,31375,1
686,5835,0
15959,28284,0
25261,20780,0
1582,1975,1
11421,780,0
5485,5049,1
22257,30768,0
29066,22767,0
21588,21993,1
2454,4328,0
1601,1648,1
11407,11495,1
18006,26699,0
31194,1325,0
23017,19162,0
11183,11322,1
333,27816,0
20227,20216,1
23421,24199,0
4053,4044,1
13931,2486,0
16644,28199,0
12332,6110,0
1558,1705,1
29545,29559,1
14192,13170,0
2934,2873,1
27206,18434,0
3282,21891,0
14376,18675,0
14570,14755,1
7848,27661,0
1904,15223,0
20295,20306,1
25513,25826,1
4748,4600,1
19800,19603,1
580,17646,0
1778,1910,1
16185,16408,1
27025,27156,1
27859,27811,1
26534,26564,1
20560,20787,1
10673,10605,1
1951,1558,1
24940,24672,1
14372,7190,0
4744,21551,0
4367,4220,1
20497,20490,1
22271,22108,1
30942,3204,0
24784,24684,1
28372,28450,1
2082,14457,0
3883,3734,1
6412,31053,0
521,868,1
3140,3037,1
6431,6484,1
27213,20144,0
27840,27652,1
22937,22114,0
15861,15721,1
8227,8144,1
26850,13014,0
27245,27132,1
17613,25753,0
9501,26587,0
31102,30867,0
25686,25762,1
2292,2328,1
8118,17639,0
8722,19843,0
27528,23565,0
29181,29203,1
15841,15651,1
17831,17948,1
11076,30050,0
5780,15007,0
5530,5616,1
29343,29347,1
6385,22022,0
7433,15988,0
25470,2496,0
7640,8393,0
7248,1152,0
26353,13081,0
13223,13317,1
10808,27511,0
15211,6680,0
27381,27961,0
8506,13986,0
18478,17636,0
323,28,1
11212,11127,1
3857,13440,0
9124,5691,0
26992,26525,1
21985,21978,1
17562,2417,0
20651,20990,1
12223,10761,0
6469,6095,1
20129,30484,0
28688,23005,0
10881,10368,0
6695,14131,0
11987,11956,1
21943,21774,1
24303,24109,1
11270,4830,0
21564,21932,1
7651,7875,1
20778,20703,1
18216,12807,0
7742,7820,1
30408,30146,1
16974,6375,0
30986,30715,1
17812,30795,0
26970,26865,1
16002,16499,1
20643,1068,0
28953,28571,1
5654,5926,1
28189,28210,1
27898,2698,0
31552,31672,1
6473,6109,1
14434,10141,0
23091,23154,1
197,324,1
732,12720,0
21889,18233,0
31695,11214,0
27017,18449,0
20969,20375,0
31368,31414,1
18154,18132,1
5201,13093,0
31388,31287,1
14457,14492,1
2679,2842,1
23826,3156,0
29249,29115,1
12860,12780,1
10011,23192,0
13619,13758,1
6668,26957,0
10670,22846,0
2242,2045,1
30092,18576,0
17766,17962,1
7906,28722,0
14968,29318,0
20513,26366,0
39,3558,0
2607,2669,1
4473,26703,0
10838,3749,0
3249,3207,1
18720,24588,0
24970,29816,0
25997,26339,0
676,791,1
6438,6334,1
27155,13271,0
27824,27719,1
8415,14641,0
25714,25790,1
28600,28009,0
29965,29672,1
25066,25304,1
29073,29161,1
19999,19814,1
23479,31481,0
14149,14016,1
27738,31166,0
22890,22727,1
30155,1734,0
10909,10556,1
4264,12412,0
6493,1881,0
24398,24080,1
20953,5405,0
27110,27204,1
12538,12717,1
12764,30916,0
19710,14753,0
7676,1517,0
8877,15509,0
26928,26780,1
18022,19875,0
17109,21541,0
20159,20493,1
27252,27332,1
4531,4716,1
6678,13529,0
18211,18226,1
26772,26729,1
29384,1622,0
23712,30121,0
25404,25124,1
1153,9100,0
30133,29663,0
7691,11862,0
3358,1087,0
8356,3974,0
30713,10639,0
21837,24211,0
20897,20992,1
26003,26196,1
22302,238,0
22174,152,0
22940,22614,1
19051,19060,1
29678,29969,1
16749,23684,0
19036,19073,1
18761,18616,1
6066,5762,0
443,303,1
9064,9120,1
18908,18626,1
27079,9209,0
5310,2106,0
12930,23335,0
7772,7966,1
15753,24281,0
19378,19230,1
11190,24054,0
19329,25124,0
15823,15996,1
14125,20477,0
26806,26878,1
6684,27019,0
3221,3203,1
21289,21439,1
7144,7481,1
13853,13780,1
96,167,1
19870,5440,0
13948,19141,0
17607,4426,0
10918,10777,1
6302,8541,0
5564,22763,0
17574,5045,0
9972,26774,0
13312,13258,1
7208,7495,1
5340,26011,0
13389,13224,1
1278,1388,1
1544,8970,0
27826,100,0
3336,20991,0
14350,14212,1
24737,24686,1
3422,3005,1
1984,2228,0
8765,27154,0
24145,24432,1
19679,13045,0
26745,30423,0
17394,4942,0
23689,15637,0
17487,17439,1
5512,963,0
17986,30343,0
28154,7539,0
14472,14344,1
2618,31450,0
30518,18266,0
21091,21216,1
11331,6395,0
7816,8705,0
10333,10156,1
1990,1892,1
1093,9813,0
13364,11792,0
3852,26748,0
18993,27843,0
24538,9170,0
10964,10517,1
23610,23830,1
7478,9304,0
2237,15303,0
5060,12165,0
24767,24562,1
16805,16333,0
22672,22534,1
29779,29593,1
23725,23847,1
9198,9283,1
8119,8457,1
9015,17533,0
11371,14005,0
9355,31748,0
29225,5086,0
16451,16352,1
8635,29820,0
996,811,1
4515,4776,1
19895,19562,1
12886,17178,0
13887,13514,1
5857,5971,1
8738,7758,0
25244,25426,1
31601,31532,1
13988,1574,0
17280,917,0
25738,6447,0
24647,24591,1
26368,13480,0
9840,2846,0
18583,24811,0
16421,5787,0
5635,25892,0
12130,12014,1
10989,10551,1
4817,12699,0
3047,3458,1
5487,31734,0
20730,24017,0
12915,12506,1
9343,22579,0
8999,8998,1
23224,23131,1
4042,4280,1
30081,30231,1
26398,26100,1
22659,22708,1
18518,18749,1
8495,8360,1
13145,13470,1
15655,22451,0
7589,29207,0
4211,5698,0
21896,21990,1
3649,9000,0
23732,16872,0
26936,1830,0
19207,19280,1
8978,377,0
11849,11893,1
27548,31218,0
11050,17944,0
21808,11901,0
20363,20362,1
3270,25718,0
249,56,1
26031,26287,1
17752,22970,0
16316,16476,1
15496,2646,0
27249,18057,0
22039,24172,0
360,30767,0
20451,22598,0
14947,8358,0
18269,18158,1
31634,31760,1
27244,6046,0
28319,28325,1
22166,15884,0
9996,5678,0
30028,30326,1
27863,14945,0
13073,13151,1
4541,31738,0
14660,14845,1
5840,25457,0
22288,9252,0
15111,8393,0
31048,31270,1
29367,13180,0
11069,5365,0
5758,5729,1
9457,9205,1
6322,25136,0
29195,17150,0
29147,29288,1
27890,27954,1
3458,3268,1
13319,18386,0
30226,30311,1
5330,4880,0
503,20754,0
17904,17994,1
14458,26525,0
2593,19591,0
11849,11820,1
24227,22982,0
3955,24501,0
17608,585,0
24086,24403,1
20732,20523,1
26632,10512,0
13556,13760,1
13443,11858,0
2927,2641,1
30787,30805,1
24615,14756,0
9069,31107,0
25531,11988,0
28100,16611,0
22498,22419,1
12426,28587,0
13089,4904,0
13117,13248,1
29868,4261,0
2414,1681,0
25010,12872,0
4889,12002,0
30848,14421,0
4126,15545,0
18841,169,0
15499,19158,0
29139,7773,0
19169,19471,1
29491,29306,1
18322,19010,0
27456,630,0
29638,29815,1
23825,30368,0
14385,25454,0
26790,26674,1
24303,24108,1
3490,3291,1
338,133,1
482,48,1
29490,29045,1
7308,24066,0
27808,8077,0
22872,22971,1
29617,12602,0
14786,14068,0
5766,1334,0
15253,15197,1
19062,19160,1
4988,4996,1
26085,10249,0
3977,3853,1
27130,27256,1
6518,20054,0
19138,19350,1
14108,14266,1
3542,3918,1
27257,27395,1
7716,7726,1
20341,5263,0
13864,13630,1
6222,16058,0
9273,25289,0
19678,10768,0
17668,17769,1
31371,31499,1
31525,31823,1
12782,31744,0
22236,22102,1
3606,27205,0
20846,20754,1
5785,26434,0
2881,17085,0
23274,20337,0
3419,11286,0
12772,26239,0
17915,17531,1
31082,31081,1
31108,31359,1
7694,1655,0
13265,17212,0
22326,16022,0
17562,17984,1
8344,31815,0
18838,18918,1
20916,16101,0
23297,23246,1
1330,1495,1
2910,2619,1
19857,19893,1
22627,22915,1
15883,15886,1
22307,4033,0
24423,24059,1
21890,21751,1
30960,4504,0
30771,30836,1
3336,4633,0
11978,28728,0
15223,15221,1
16030,6198,0
14789,1859,0
13046,29965,0
22412,27487,0
22057,4622,0
14937,26877,0
26995,26787,1
18249,25063,0
10035,10271,1
31974,10403,0
7405,7496,1
15478,22014,0
20478,20133,1
14153,24670,0
26310,26212,1
12448,12310,1
1412,8363,0
7511,7903,1
25360,25410,1
11606,9727,0
19595,19628,1
2192,3638,0
22595,22622,1
905,315,0
25340,25025,1
216,372,1
9306,9126,1
11279,25394,0
31640,8731,0
1609,1731,1
15861,19217,0
18522,18580,1
11600,11964,1
27369,5202,0
1852,21152,0
7002,7400,1
15422,15262,1
25816,25930,1
29970,29565,1
14178,14333,1
11388,11399,1
3676,3866,1
19356,24151,0
4565,4798,1
14482,14498,1
22827,10248,0
12620,12663,1
13158,13221,1
8437,8142,1
13949,17377,0
23639,23771,1
27623,27968,1
3501,3879,1
24130,25340,0
22322,7105,0
19609,27408,0
18807,29941,0
31961,543,0
2738,2762,1
9069,4050,0
30625,24960,0
16728,27693,0
9996,381,0
22515,2992,0
5784,23770,0
12986,14479,0
4621,4677,1
22841,16835,0
22100,9637,0
16610,11061,0
26440,26229,1
23055,7458,0
651,31273,0
12026,12357,1
4573,24157,0
24445,15991,0
21653,21876,1
20385,20201,1
31932,31975,1
28123,21612,0
10636,10865,1
16742,6820,0
13285,13445,1
19699,19745,1
12139,12452,1
15868,15635,1
2173,2028,1
17572,17599,1
8468,8346,1
16788,6913,0
13803,13856,1
16824,16578,1
1549,1880,1
28603,28807,1
27337,27208,1
7746,7696,1
14771,31570,0
9324,9017,1
2688,2741,1
7164,7564,0
13088,13022,1
8521,8788,1
1146,1340,1
29060,15951,0
9772,20892,0
16252,12753,0
29545,29597,1
4547,4833,1
11507,11877,1
11102,11462,1
14228,23409,0
28071,28295,1
23411,23416,1
30001,14177,0
13008,13365,1
9841,10248,0
15480,15305,1
26923,26576,1
18431,16232,0
6417,2817,0
15215,9396,0
14020,14047,1
18135,30849,0
22495,22406,1
12507,12850,1
6509,6674,1
24957,24760,1
29330,13478,0
16623,16839,1
12833,12953,1
16484,31811,0
26282,12778,0
19769,19727,1
12079,11323,0
24790,12042,0
2262,2058,1
24168,24158,1
14443,26429,0
20249,20101,1
6743,6648,1
424,7,1
30306,30204,1
13978,12497,0
9489,26274,0
9354,22896,0
19804,19883,1
14344,14056,1
23381,23253,1
14025,16786,0
27684,21775,0
15150,19625,0
26209,26277,1
8135,17806,0
15507,15577,1
24124,24165,1
19871,19858,1
28720,28728,1
15829,10431,0
31594,12710,0
20945,20661,1
20794,20547,1
5278,5380,1
9529,20978,0
18190,18262,1
10222,10416,1
25744,25565,1
23509,24282,0
27518,27823,1
22060,22174,1
19502,7313,0
10138,11801,0
16587,9597,0
22485,22497,1
22841,16793,0
28757,28690,1
26773,10542,0
1560,8112,0
3466,3310,1
23042,27585,0
30193,8907,0
8088,8102,1
11317,22015,0
13776,27545,0
23974,17908,0
31970,19702,0
12312,12448,1
15749,22115,0
24867,24649,1
540,19853,0
24145,24197,1
24486,12863,0
22138,28625,0
16959,18029,0
1859,7774,0
6537,22598,0
14009,14362,1
2800,2655,1
15390,15433,1
30166,30334,1
17050,5627,0
12416,18456,0
28913,28582,1
16103,16183,1
4787,4808,1
31782,31827,1
28174,28215,1
2975,2950,1
16396,12099,0
28188,28005,1
9883,5520,0
7013,7321,1
18527,18886,1
27760,27670,1
25890,25941,1
26895,29271,0
11210,5393,0
21367,21216,1
22009,20479,0
18588,21153,0
17470,17151,1
29469,9009,0
24293,26554,0
13636,28298,0
10889,10753,1
26312,14140,0
8476,8234,1
29542,17957,0
31068,31399,1
26498,26117,1
8553,8665,1
17855,26196,0
8410,8350,1
11115,29954,0
30352,6253,0
27669,31343,0
17047,19413,0
28680,28635,1
16155,22638,0
22280,3932,0
10809,10998,1
15841,15920,1
15132,15003,1
12830,24538,0
8028,22387,0
20846,22306,0
9994,9991,1
6052,6330,1
24592,24676,1
1108,23762,0
21988,19478,0
27485,13314,0
11349,11464,1
29731,27510,0
8309,8426,1
16725,16184,0
8151,8049,1
24073,24379,1
311,451,1
14115,14217,1
9082,9303,1
22365,22657,0
10453,9142,0
8229,23610,0
20155,20362,1
7269,17086,0
6339,1324,0
12762,7032,0
25760,25663,1
1724,27058,0
27584,27782,1
20935,20525,1
17069,17131,1
30445,12377,0
23692,23807,1
22487,24074,0
8418,8379,1
20692,6014,0
20786,20705,1
12751,16464,0
5095,5046,1
4720,26227,0
16098,16262,1
23502,23744,1
31505,31569,1
25687,25523,1
12566,4878,0
30037,19082,0
27122,27107,1
29992,29756,1
5919,31453,0
11917,17657,0
8210,8067,1
597,557,1
26238,18068,0
16305,26698,0
8393,8065,1
27308,2852,0
31400,19964,0
8452,8373,1
20024,20130,1
1554,16040,0
27835,27588,1
30527,22779,0
19152,17058,0
266,164,1
26928,26550,1
3389,23945,0
27252,27241,1
22143,22283,1
18394,18350,1
131,7347,0
31492,18206,0
31975,31967,1
16682,27851,0
3134,735,0
9760,9965,1
7281,7196,1
21412,30806,0
20607,8822,0
11282,2676,0
20490,7064,0
1696,1589,1
30231,24920,0
4863,4767,1
18314,18156,1
10452,23688,0
25892,9371,0
19480,14205,0
23178,23414,1
28573,30425,0
15123,15420,1
16459,16207,1
31431,31257,1
19727,19526,1
25665,5368,0
11337,20147,0
31715,26985,0
28855,28987,1
5127,5283,1
13216,5654,0
8429,8310,1
12964,27031,0
773,17298,0
31547,31609,1
26491,26273,1
17878,22034,0
24502,24893,1
15065,15318,1
19233,19168,1
338,1884,0
21463,21477,1
12891,12621,1
1383,1249,1
118,270,1
19515,19847,1
5734,5969,1
2413,2301,1
4950,23889,0
22508,16237,0
18640,18514,1
12950,16768,0
3331,3320,1
1708,5623,0
25428,31721,0
6168,28127,0
29467,29074,1
18677,30011,0
236,413,1
19785,30987,0
24525,2355,0
26121,25218,0
31707,31688,1
29014,7140,0
7144,7228,1
19008,4562,0
22972,2502,0
18545,18629,1
15758,11312,0
2637,16907,0
29539,31808,0
31053,31475,1
26454,26169,1
29178,29387,1
4962,4690,1
17728,17656,1
9037,8964,0
3355,29678,0
1083,1358,1
7499,7054,1
27813,19397,0
1031,1143,1
16900,16858,1
8226,1883,0
17043,27814,0
6134,6222,1
11611,30118,0
26620,26541,1
11204,7920,0
31179,31172,1
1353,1039,1
7045,7196,1
27691,11614,0
14293,14128,1
13821,13539,1
30047,30229,1
15480,28516,0
6468,16499,0
25709,10375,0
12656,20741,0
1678,1542,1
457,29088,0
23757,21934,0
24430,10770,0
14434,14042,1
24953,24582,1
11779,11650,1
8641,31657,0
18907,18777,1
28084,28142,1
30055,30192,1
8276,8279,1
12696,12936,1
25615,5225,0
5524,5561,1
25262,25025,1
17927,30356,0
2930,2762,1
9692,17188,0
28588,28985,1
26859,4787,0
2659,2970,1
2225,2726,0
14622,29172,0
17014,17092,1
10338,3918,0
24368,24160,1
10224,26257,0
4433,9190,0
18016,18431,1
17489,17163,1
4667,4561,1
7077,7013,1
27477,18245,0
31742,31663,1
5954,12413,0
23688,12975,0
2954,13511,0
22438,1679,0
10223,10118,1
6756,6703,1
22159,22126,1
15516,15880,1
16412,21177,0
10807,16615,0
31073,6297,0
3869,3519,1
23207,3344,0
16979,16977,1
28389,23813,0
23289,23048,1
6818,6982,1
27256,27336,1
12385,12485,1
8260,8052,1
25890,25898,1
10978,3866,0
31323,15802,0
25902,25673,1
936,552,1
1058,1379,1
29311,11023,0
27946,27744,1
21396,16052,0
16604,17440,0
29233,2807,0
23436,23242,1
15562,30997,0
24455,24265,1
19943,21223,0
153,19215,0
5842,1882,0
1988,666,0
23446,23406,1
4906,4616,1
5382,5309,1
1372,10548,0
31297,20159,0
29246,29497,1
30081,30309,1
24071,24335,1
26054,30419,0
11138,11273,1
10998,10996,1
8539,16858,0
23107,11972,0
23463,23395,1
7831,7954,1
9561,9652,1
6924,23363,0
31775,31773,1
25894,27141,0
4517,27446,0
4204,4137,1
6022,6035,1
18072,3040,0
28989,28609,1
7210,26772,0
5355,26341,0
23102,14245,0
8780,8595,1
31017,23483,0
24350,6894,0
30827,11553,0
8150,8241,1
16129,3817,0
3056,3063,1
8091,8447,1
975,29247,0
9255,25007,0
2395,25992,0
13061,13481,1
4523,19651,0
15750,15788,1
26037,24442,0
14187,4535,0
30044,29029,0
12842,12695,1
28988,28559,1
13370,2053,0
6917,6836,1
23680,10333,0
14165,14218,1
27888,27877,1
15750,15986,1
18330,18082,1
3075,3180,1
16112,26468,0
30914,25010,0
25128,25297,1
29916,28201,0
2470,2352,1
24494,26406,0
19447,27100,0
19350,13207,0
30500,30735,1
2731,2706,1
15404,15000,1
13697,13940,1
31167,10411,0
11017,23604,0
12229,12329,1
7441,12423,0
17776,17918,1
8025,22587,0
14303,20207,0
2789,2858,1
18828,3929,0
26267,2807,0
15334,15296,1
25272,2962,0
31643,1927,0
4375,4018,1
28360,28097,1
10647,10603,1
2502,2629,1
19233,5497,0
8428,14167,0
25627,31859,0
19841,31193,0
10892,10741,1
19921,19611,1
17963,9980,0
22874,22907,1
26611,3161,0
29954,4108,0
22825,29110,0
11849,29608,0
9739,31012,0
25547,25678,1
22163,8460,0
20495,20118,1
20196,31986,0
29626,25725,0
28998,27602,0
15517,15977,1
23259,22654,0
12786,20136,0
28044,13329,0
9409,9289,1
24488,24074,1
5178,5219,1
12832,12756,1
16474,16062,1
3253,3182,1
4073,4452,1
31013,31194,1
4072,20207,0
27782,27656,1
20764,20526,1
9222,14385,0
1970,1520,1
12360,4671,0
20938,25487,0
19105,19265,1
13834,5261,0
5787,164,0
20341,20177,1
24370,24302,1
23271,23452,1
10534,10631,1
1620,6801,0
15863,28715,0
13979,25218,0
12717,12558,1
29358,29436,1
1341,18653,0
31362,31288,1
19139,19175,1
27487,27472,1
30414,18398,0
6357,23330,0
31212,31363,1
19635,19583,1
15173,14748,0
11747,11942,1
22076,28472,0
1070,1202,1
5399,17264,0
31625,31647,1
8729,24540,0
14428,14137,1
31330,23749,0
9718,909,0
25600,14416,0
24790,24789,1
4983,4610,1
339,17430,0
9936,9627,1
3639,3623,1
29877,29880,1
12178,522,0
15685,26880,0
27662,1603,0
15799,27359,0
12634,12573,1
21223,21103,1
6579,6718,1
612,810,1
31932,31685,1
12649,1101,0
30022,30325,1
27444,27468,1
6648,9085,0
20924,20782,1
8535,7080,0
3436,23997,0
31149,31355,1
14051,22102,0
12437,12355,1
1816,18960,0
21888,20445,0
22918,22944,1
19286,10982,0
21137,21296,1
28574,28555,1
20675,20767,1
28276,9030,0
16237,9974,0
15550,15744,1
609,760,1
4240,4386,1
21357,25712,0
31752,31913,1
27583,28702,0
12075,20300,0
30367,6474,0
9942,11319,0
7426,31024,0
16244,16392,1
11057,17079,0
27740,26670,0
31000,31049,1
7862,3403,0
9378,14431,0
811,9010,0
31235,31086,1
30118,5005,0
16300,16209,1
6886,4055,0
5137,5073,1
6952,6822,1
15516,1008,0
30878,3048,0
10236,29741,0
5511,21708,0
2780,2754,1
17901,17852,1
24873,12527,0
4504,4734,1
31140,31275,1
27045,20794,0
31781,21134,0
29643,29657,1
9674,9824,1
6707,6959,1
21030,9755,0
27746,27773,1
14230,14135,1
19466,7541,0
19359,27098,0
18100,18375,1
676,30822,0
11406,11185,1
21777,2653,0
7019,7453,1
31551,31891,1
17020,17253,1
18634,18710,1
27229,21953,0
14283,27812,0
10620,10992,1
13915,8649,0
4763,4599,1
714,29484,0
9803,676,0
12064,12021,1
15550,15634,1
28328,28210,1
31046,25943,0
91,299,1
25320,25268,1
31676,31745,1
26187,1524,0
29513,13098,0
17842,17748,1
15853,15738,1
22623,22792,1
25063,25461,1
23276,23121,1
24193,24282,1
31606,20346,0
11694,11507,1
13063,15348,0
30612,28168,0
20987,26612,0
3425,5510,0
26950,26557,1
1662,15878,0
16912,16934,1
13412,13030,1
7107,7049,1
15037,15105,1
24033,5353,0
25161,25100,1
26100,5443,0
12339,12033,1
7491,29178,0
7576,7991,1
12853,14310,0
27054,27495,1
23426,23180,1
892,850,1
16374,5682,0
7426,7390,1
22219,22399,1
148,367,1
24382,27682,0
30464,30481,1
8315,13739,0
25962,25628,1
1100,1207,1
25005,26947,0
26491,17736,0
2841,972,0
14358,26210,0
18643,1126,0
14075,14142,1
2292,3198,0
8278,3351,0
30517,30767,1
7557,7804,1
21542,5629,0
7058,16961,0
5625,5741,1
13274,8316,0
6786,6863,1
20595,11759,0
22589,8018,0
31290,20096,0
20458,23508,0
8249,26289,0
5237,23233,0
16229,23227,0
20751,20876,1
29488,12331,0
5486,5138,1
6739,21373,0
28776,28883,1
13144,15208,0
4091,4445,1
31144,31294,1
1812,1787,1
9754,9897,1
23353,9199,0
14352,14232,1
5939,12231,0
15944,15723,1
27086,1066,0
28399,13896,0
28192,27743,0
16943,16608,1
21681,16752,0
2872,2595,1
15047,15386,1
18210,18280,1
22300,22153,1
25526,25987,1
15973,2452,0
30633,30568,1
215,5455,0
20645,20688,1
18971,14577,0
21889,21950,1
30703,30522,1
17008,27212,0
10547,7387,0
6280,6331,1
31997,6373,0
21809,23410,0
10412,10193,1
25771,1319,0
15503,15813,1
5848,5040,0
12665,12567,1
12007,20417,0
3373,3414,1
3499,11937,0
20785,20786,1
17396,12980,0
6176,8725,0
18733,18872,1
17103,17171,1
15490,15167,1
29392,9698,0
1746,11550,0
29864,29738,1
3535,12862,0
31955,31504,1
28870,28957,1
31071,21083,0
9505,7402,0
15458,15266,1
10717,10634,1
3502,3678,1
7325,29560,0
545,22945,0
133,320,1
13906,13791,1
11278,11057,1
16587,11278,0
15489,15119,1
125,15,1
7528,7863,1
30672,23528,0
22218,30055,0
20507,20759,1
21082,315,0
8120,8432,1
17795,17686,1
7368,7453,1
13594,26864,0
23803,23738,1
16066,2326,0
8593,8876,1
6634,6914,1
25509,25616,1
27426,27026,1
4915,13241,0
15316,15304,1
14780,6921,0
7084,7427,1
12098,12269,1
26796,26936,1
12735,12591,1
3478,19787,0
7228,16399,0
13625,29833,0
1301,1283,1
30295,30119,1
20960,20619,1
18127,18404,1
24836,24750,1
29153,29442,1
14667,12192,0
8233,28365,0
17303,17354,1
2890,2872,1
25140,3001,0
320,25950,0
6440,6416,1
26280,26129,1
24641,24876,1
23264,10697,0
8891,12903,0
21060,14574,0
6317,6324,1
11362,4899,0
10860,10951,1
23942,23739,1
16796,30420,0
16167,8956,0
31670,29974,0
26771,11652,0
18717,18905,1
23123,26739,0
2810,29823,0
23056,20547,0
19101,13163,0
1673,1692,1
28165,28223,1
12367,12540,0
4900,4713,1
5317,5450,1
8868,8714,1
10368,3567,0
15087,15161,1
7856,7777,1
13578,809,0
19699,1130,0
11989,11928,1
31401,1643,0
6137,6418,1
6627,6598,1
7179,10955,0
13792,20117,0
2807,2829,1
18288,4504,0
24703,26532,0
8019,23706,0
2064,1666,0
18672,18664,1
5003,28659,0
1053,29734,0
24833,24821,1
26327,26253,1
26928,16769,0
831,1970,0
10810,26565,0
26080,5511,0
2441,2376,1
16091,16122,1
27897,27913,1
23144,23249,1
15068,15428,1
30656,26136,0
18673,15476,0
1199,1050,1
7374,7245,1
31938,11302,0
11530,11744,1
10493,10159,1
24429,29589,0
8248,8485,1
11666,11682,1
8442,5320,0
31143,3562,0
10011,10280,1
9116,8422,0
23342,23251,1
29273,29034,1
15812,15751,1
14719,20240,0
29395,10794,0
12213,12409,1
23391,22069,0
27915,31925,0
27318,28504,0
13883,20989,0
13696,13731,1
586,533,1
21208,11937,0
14715,6162,0
2485,14869,0
23440,617,0
13605,29008,0
14324,14183,1
2321,3149,0
25984,25633,1
23793,23654,1
29833,12791,0
29958,22832,0
14176,28229,0
16441,16154,1
25582,25998,1
2454,18156,0
27200,27163,1
11716,11686,1
27575,30267,0
1042,1228,1
15266,15536,0
5721,12745,0
11990,11562,1
25658,25947,1
12074,12133,1
10927,10802,1
5642,5951,1
28775,28747,1
31880,14176,0
24900,24844,1
26767,22189,0
315,235,1
72,361,1
16566,16582,1
29669,29500,1
26608,26682,1
26043,26481,1
22786,9463,0
20219,21802,0
5753,5584,1
2079,2454,1
518,571,1
15137,15168,1
2357,2502,0
29913,5976,0
23616,23531,1
6181,6330,1
20761,14149,0
25755,30233,0
4470,4046,1
8599,8661,1
26277,19686,0
21556,2460,0
16938,16956,1
14136,28026,0
27020,27028,1
27591,27895,1
4939,4531,1
31591,31876,1
13519,28076,0
31793,3453,0
15760,4320,0
5789,18224,0
19195,16883,0
1857,1840,1
29060,29072,1
11243,13187,0
12234,12107,1
9912,9848,1
21295,21472,1
10838,10795,1
30871,30817,1
22,439,1
13184,13199,1
23767,23630,1
9814,23840,0
8433,8275,1
25587,25832,1
14684,17371,0
30831,30925,1
7096,7168,1
24419,24325,1
27025,3327,0
24568,15278,0
1836,1529,1
24253,24275,1
2613,2987,1
13157,13027,1
27131,8577,0
10464,25688,0
10826,10915,1
5776,5929,1
13055,13400,1
17497,24899,0
5556,24241,0
23624,18904,0
8338,15017,0
28896,28893,1
2126,11773,0
31218,31310,1
13996,21022,0
30669,30620,1
30337,30420,1
7192,7235,1
4818,4565,1
11874,1468,0
14322,22995,0
19935,19760,1
19453,19305,1
4804,26182,0
13537,17058,0
21100,910,0
19005,19110,1
28988,27776,0
5685,5826,1
22531,2949,0
15946,10978,0
13360,13204,1
8029,21633,0
18263,18463,1
2943,2528,1
19717,650,0
19098,15411,0
4969,4587,1
26896,26770,1
1344,25923,0
26481,11994,0
4593,4848,1
5808,13796,0
19957,15211,0
18292,473,0
5920,5862,1
12120,23608,0
13019,13143,1
12605,19642,0
29389,15046,0
625,16317,0
27483,27010,1
4795,4822,1
22524,22648,1
12919,21901,0
21583,24909,0
18590,18804,1
10527,14746,0
28957,28607,1
28026,28289,1
9072,9121,1
11201,16026,0
30552,17175,0
11226,7897,0
29379,29357,1
16941,16967,1
12317,12128,1
10427,10103,1
18214,18496,1
30946,30923,1
10265,6302,0
13002,13417,1
320,33,1
6694,6649,1
29129,9742,0
7998,7972,1
3509,143,0
26329,26070,1
2671,3431,0
24552,30412,0
11033,11301,1
24526,2176,0
16067,16241,1
5875,1204,0
31717,31631,1
22375,5161,0
13885,662,0
24726,24845,1
17509,28613,0
21473,21183,1
3203,3050,1
26030,3321,0
20647,10078,0
26885,16684,0
24286,10340,0
26552,26714,1
24742,31851,0
2850,20112,0
29772,29820,1
24668,24747,1
27755,27882,1
24150,19650,0
25773,6191,0
17879,7028,0
20358,20094,1
2874,2536,1
21559,27596,0
10791,18184,0
14667,7608,0
26451,10593,0
30057,16691,0
6182,6498,1
31288,10037,0
19864,19609,1
23601,23739,1
17292,17058,1
25672,25955,1
8602,8595,1
9558,9971,1
2751,2941,1
21021,26752,0
17097,17406,1
7092,7457,1
5942,5570,1
20354,19841,0
14986,15560,0
24516,7005,0
18939,14641,0
1349,20100,0
5727,11510,0
13745,13606,1
15591,15326,0
30753,30945,1
20171,20087,1
20234,20144,1
22681,22820,1
931,520,1
19342,19159,1
7535,4118,0
6761,8893,0
21470,1544,0
11502,24549,0
21325,23823,0
15700,15711,1
12734,12554,1
18883,27526,0
18428,18125,1
604,100,0
24922,12712,0
8868,12755,0
3958,3677,1
846,639,1
13183,13251,1
19120,19474,1
16015,16457,1
17679,28419,0
8716,8593,1
11412,11239,1
7177,27889,0
24381,19827,0
23900,23614,1
17278,999,0
15871,17660,0
8721,2703,0
30830,30615,1
18491,18186,1
19746,19520,1
15051,15145,1
18893,18502,1
13638,14063,0
16949,16948,1
26278,6236,0
2221,2051,1
3202,8362,0
26281,16870,0
28217,28340,1
7039,7009,1
15959,15630,1
22108,22211,1
9263,2588,0
1993,26863,0
20703,11242,0
5346,841,0
31852,23955,0
16238,7474,0
21431,21137,1
4024,4004,1
22872,28047,0
21972,21732,1
1487,27207,0
5674,5972,1
19624,8272,0
1129,12630,0
12379,740,0
20916,20943,1
26193,26008,1
24793,24630,1
15376,15358,1
29362,29078,1
9472,31459,0
15921,15875,1
9878,9699,1
31707,31833,1
23491,23479,1
4199,1371,0
6998,3314,0
19649,28546,0
30956,14840,0
17735,17609,1
26692,26955,1
27496,12873,0
12746,12520,1
22390,13652,0
81,292,1
16803,6500,0
16329,16118,1
4090,4069,1
15743,15710,1
24809,3483,0
22032,22234,1
9658,24361,0
10109,4751,0
21259,21247,1
13454,8423,0
4187,4258,1
897,25422,0
4958,30903,0
24822,14044,0
28786,28832,1
28401,843,0
10861,10501,1
16836,30625,0
17607,17799,1
25651,180,0
30350,29477,0
18509,18553,1
1876,25037,0
9983,2028,0
1174,1223,1
18257,18226,1
23300,23361,1
2846,29672,0
4682,12899,0
8342,10532,0
12602,24119,0
15380,15244,1
3549,9261,0
1374,3088,0
8125,8137,1
30930,30912,1
356,13350,0
3690,5510,0
31738,31550,1
25698,25866,1
14009,14251,1
24064,21520,0
24726,27490,0
600,12049,0
9284,15230,0
1104,4233,0
22099,22022,1
15825,20704,0
24536,20938,0
31882,31995,1
26890,26574,1
30636,18637,0
5576,5270,0
20664,25153,0
18367,10235,0
29960,29867,1
24306,24091,1
5067,11595,0
31167,31297,1
29500,21981,0
31317,31375,1
23790,25058,0
13805,13556,1
83,20348,0
4738,5521,0
4607,4778,1
38,377,1
6797,23181,0
5378,5090,1
25537,14710,0
3940,3959,1
26802,4845,0
3484,15782,0
30407,16995,0
30948,30676,1
13254,28304,0
18176,18225,1
28022,28150,1
13998,13557,1
14071,15859,0
10751,6909,0
23050,23041,1
30174,22380,0
6242,14270,0
19745,19961,1
17987,17719,1
19659,25149,0
21841,21984,1
27493,30282,0
10053,7518,0
8108,8433,1
31335,31271,1
19802,18100,0
22114,22483,1
26315,26293,1
12439,12013,1
6547,8161,0
13850,28415,0
5136,14593,0
30875,14141,0
11752,5303,0
15650,18915,0
25591,25977,1
22083,22342,1
29748,5708,0
1832,1923,1
17807,29374,0
21625,21768,1
22050,22321,1
4792,17091,0
7179,4498,0
15388,15139,1
2875,2726,1
747,17421,0
12261,19193,0
9408,9290,1
24445,24185,1
24080,1087,0
28521,28500,1
3860,3768,1
10163,10247,1
24962,24917,1
9472,26358,0
19505,25974,0
177,207,1
31382,9430,0
2905,24287,0
11622,9347,0
27791,27585,1
13415,5842,0
28081,10591,0
3523,3650,1
13225,19970,0
4022,4427,1
5209,13377,0
14441,14108,1
25748,25946,1
5074,5037,1
22371,22148,1
22112,22492,1
28380,28446,1
24924,6363,0
4169,18475,0
22903,22547,1
29964,12223,0
16682,16846,1
24334,24328,1
14809,824,0
31691,31625,1
4832,4943,1
7005,7397,1
16276,16173,1
3292,20527,0
7556,24783,0
24644,24851,1
9332,5116,0
1034,28040,0
26961,26806,1
27117,27205,1
24840,28267,0
28527,9540,0
26046,1424,0
2587,2755,1
14724,14587,1
19113,19327,1
20258,6556,0
26695,26808,1
10924,10718,1
11729,11541,1
9962,9794,1
12505,1385,0
31481,31128,1
4744,4928,1
17331,2923,0
1439,1313,1
27691,20688,0
7304,19531,0
23312,11127,0
20320,20017,1
17529,17952,1
5771,21661,0
16606,26388,0
22369,22310,1
15322,13020,0
20747,30284,0
31953,1774,0
7881,20659,0
27031,3950,0
25647,11637,0
30013,21368,0
1956,13708,0
25847,25931,1
17966,17531,1
14736,28103,0
21940,21655,1
20806,20545,1
28383,28143,1
3333,3470,1
29299,29178,1
1616,14309,0
21925,12272,0
17994,4291,0
30591,30967,1
3463,3157,1
4576,6938,0
15151,1015,0
4618,456,0
22624,22812,1
14239,14468,1
29579,28026,0
8764,23030,0
23077,23064,1
29904,128,0
7748,7625,1
25765,31668,0
12425,12397,1
18396,18034,1
3198,3738,0
15316,2002,0
11477,30310,0
10816,10973,1
20783,13902,0
17942,1970,0
16379,414,0
10541,2547,0
23058,23460,1
16547,16793,1
3518,3862,1
25628,25696,1
31617,27515,0
7195,24317,0
24231,24085,1
26605,10938,0
9202,9488,1
15609,11699,0
3409,26632,0
6271,8930,0
13892,21830,0
6137,21398,0
6128,9009,0
8152,29618,0
7753,9329,0
24172,24014,1
949,10362,0
23495,23122,1
21696,21834,1
20314,20148,1
4953,4816,1
7731,7998,1
8876,26052,0
23013,23036,1
26804,31266,0
19638,19976,1
1882,20849,0
16195,16408,1
9560,26890,0
8442,8044,1
7361,7345,1
17909,17894,1
28758,28948,1
10518,10986,1
27534,26761,0
25407,25346,1
22966,21354,0
7074,22035,0
15652,29737,0
3905,2668,0
23395,23072,1
2981,2906,1
3713,3657,1
864,29098,0
23156,26695,0
9699,9703,1
21546,20153,0
4743,4824,1
16660,16911,1
26477,11121,0
21544,27197,0
18501,18683,1
28079,28168,1
23052,21610,0
25753,25887,1
29097,5689,0
7199,31640,0
2005,5635,0
1103,30965,0
2398,2165,1
25208,27176,0
7895,25907,0
16148,25090,0
30519,13826,0
28221,7200,0
5174,10128,0
20063,16002,0
10521,7336,0
27238,27215,1
17059,1012,0
13217,15202,0
17291,9997,0
7469,13316,0
16278,13870,0
29587,29542,1
15441,15311,1
14441,7866,0
28918,28591,1
26206,26220,1
27432,2448,0
1076,22794,0
15156,15321,1
8498,16605,0
31332,4167,0
2503,19681,0
8342,8154,1
10481,8166,0
7280,26148,0
26860,26914,1
18406,18399,1
28409,28234,1
7473,7148,1
957,19151,0
28986,28560,1
14286,18966,0
25755,25870,1
3903,3516,1
1923,1976,1
1602,28339,0
6105,8491,0
23462,23043,1
31503,24494,0
30900,31590,0
3624,14490,0
30535,3632,0
28286,28149,1
20345,9453,0
5960,4145,0
13980,5297,0
27406,3343,0
21171,21027,1
26202,24890,0
3771,3648,1
29118,29045,1
27615,27587,1
10235,10473,1
5454,5282,1
28968,4461,0
29717,29793,1
6631,3045,0
14907,14503,1
12679,26983,0
24267,14336,0
20367,31557,0
9221,15602,0
31590,27207,0
26667,26696,1
19963,17206,0
21992,704,0
15048,25722,0
23621,23832,1
29207,23820,0
23693,21432,0
22653,5912,0
21678,10052,0
22436,22442,1
24544,24954,1
23712,23859,1
29007,29369,1
137,3834,0
18865,18711,1
23071,23418,1
1907,1507,1
13809,28443,0
3808,8817,0
26267,26486,1
7272,7081,1
8422,8234,1
4153,4045,1
22595,12888,0
26083,29421,0
14337,14072,1
1508,27342,0
7639,7576,1
23639,25592,0
624,1866,0
24271,24152,1
464,3018,0
31290,31095,1
3271,1823,0
10880,24583,0
13636,13465,0
261,12832,0
22071,26268,0
6609,18403,0
13171,13274,1
6447,17695,0
21352,21163,1
28921,28668,1
14724,19734,0
4311,4023,1
27124,22186,0
30605,24625,0
15121,15288,1
23196,23206,1
3390,7399,0
2591,2944,1
21017,21361,1
31218,31245,1
22326,22453,1
8333,27609,0
30974,30613,1
29709,29626,1
8853,24128,0
8262,19664,0
30460,5998,0
27927,27599,1
22549,22510,1
21407,21100,1
12783,12588,1
12148,31161,0
1733,9806,0
11573,16615,0
8169,8184,1
29735,29625,1
11012,4812,0
23347,23351,1
9398,606,0
23739,23520,1
28715,28929,1
22064,22111,1
19041,749,0
2135,19567,0
18856,19119,0
1072,4033,0
12618,13227,0
2599,11499,0
5491,21687,0
23488,23099,1
30244,30487,1
30677,15083,0
15206,15061,1
26324,26198,1
22292,22334,1
2973,2890,1
23259,26633,0
6703,6706,1
1891,11868,0
25750,22007,0
25528,109,0
3268,3186,1
21092,12058,0
25487,25069,1
26865,11769,0
27597,6171,0
19084,19101,1
27141,20182,0
26691,26956,1
9661,9903,1
4930,29645,0
27295,27161,1
7490,7494,1
12882,15196,0
5299,5118,1
15647,11505,0
14508,971,0
11380,11410,1
3518,24801,0
9122,9403,1
22352,22283,1
25021,25356,1
27015,27377,1
69,19231,0
13575,24386,0
18061,18207,1
10103,24933,0
2813,28504,0
20246,20379,1
29823,29641,1
7391,10792,0
8306,26847,0
6721,18286,0
15826,7674,0
31612,31582,1
16154,16038,1
31174,29427,0
30219,30171,1
18418,24021,0
11630,11893,1
20935,20543,1
16373,17315,0
22677,22571,1
30583,8260,0
3390,3412,1
15957,15599,1
5756,28982,0
8928,27662,0
15696,15714,1
1616,2239,0
21421,21087,1
24132,17428,0
5199,20017,0
8785,8633,1
10142,15272,0
30344,30389,1
24128,24310,1
4219,13884,0
3127,9850,0
28576,28943,1
7264,8969,0
25590,25703,1
11506,11689,1
27850,12987,0
21448,11076,0
5265,2354,0
8659,17490,0
6237,19409,0
30974,30511,1
25727,19921,0
26429,26021,1
7547,7746,1
26981,26702,1
30770,30644,1
22569,16582,0
17943,17541,1
21988,21986,1
9170,13888,0
22487,26089,0
19115,19150,1
5672,23206,0
10735,21480,0
31296,16076,0
19141,19416,1
10155,3626,0
30243,30287,1
15897,15965,1
4337,12668,0
24040,24282,1
28401,1484,0
4756,4682,1
6226,28211,0
3579,3815,1
5661,5595,1
1514,1833,1
30001,30025,1
25270,25065,1
20859,27530,0
20109,20032,1
6286,20443,0
7916,7901,1
19385,11346,0
3785,3530,1
26622,22377,0
20735,20584,1
3324,3077,1
1648,1999,1
5172,5463,1
19315,19370,1
13891,13523,1
23226,25782,0
17224,17042,1
30221,144,0
23434,23443,1
1354,1172,1
25793,25555,1
11976,10620,0
26749,5524,0
599,13231,0
28803,20019,0
1454,1172,1
7774,12886,0
13585,13574,1
4237,5361,0
31072,6558,0
23382,23300,1
12979,12861,1
4515,26293,0
5242,5045,1
4593,4831,1
2723,2721,1
22482,22100,1
14225,14331,1
30712,30565,1
19919,19979,1
14223,14429,1
13926,13669,1
2346,2049,1
15306,22612,0
17919,4502,0
13866,13966,1
8086,8062,1
19642,27616,0
12912,12505,1
31504,30789,0
29404,29270,1
21904,21826,1
11486,11072,1
125,20295,0
2993,2869,1
30812,8012,0
27589,12548,0
12295,23227,0
4445,4402,1
23288,23070,1
28501,28809,1
26405,26143,1
838,3372,0
26773,10236,0
30090,30016,1
10815,10764,1
18834,23700,0
17337,31444,0
28719,28987,1
278,439,1
19052,22883,0
26760,26831,1
7320,25364,0
29876,2480,0
28827,28958,1
3483,3423,1
7323,22400,0
927,14951,0
24155,30064,0
1737,1511,1
3066,3223,1
8086,8377,1
7721,7907,1
1694,1505,1
429,4984,0
22312,22305,1
7278,10721,0
28740,28548,1
5230,5224,1
17685,10815,0
26065,26390,1
28790,28623,1
9376,9413,1
10982,10548,1
5422,5373,1
11126,4014,0
8727,8554,1
11478,11470,1
17211,17096,1
30994,30624,1
24526,24657,1
7842,8248,0
11337,25155,0
6070,15477,0
14792,14725,1
1532,1724,1
7809,7890,1
5682,7392,0
3168,5617,0
31559,26403,0
25885,25793,1
27362,27202,1
11513,11978,1
4666,4896,1
7633,28307,0
23621,2661,0
21583,2060,0
29904,29966,1
14285,15694,0
23808,12494,0
21863,21628,1
13185,13417,1
16473,5710,0
15425,15392,1
22650,27980,0
4574,13973,0
2229,18815,0
15416,29943,0
31223,31404,1
27481,27355,1
23764,18464,0
22190,22145,1
17119,17038,1
20060,20122,1
5094,5120,1
12453,6723,0
24585,24707,1
20698,20638,1
23136,23469,1
23271,23368,1
13125,12905,0
31901,31989,1
15980,29429,0
8508,8899,1
1786,1892,1
9707,4063,0
14671,6235,0
31372,18132,0
1117,1439,1
30475,7984,0
7172,7109,1
25724,17526,0
6929,7515,0
3783,26795,0
31688,31841,1
24284,17735,0
23559,22218,0
7397,17865,0
5020,29821,0
12437,22578,0
13223,13046,1
19192,19231,1
28368,10990,0
17261,17223,1
7649,9746,0
12719,12595,1
25218,25371,1
21585,10742,0
26638,6977,0
29283,29364,1
15927,15999,1
25345,10236,0
24122,24257,1
31112,466,0
15292,3431,0
12215,12356,1
26196,27591,0
22249,10898,0
20176,16822,0
23906,1896,0
16935,16661,1
3168,27480,0
5309,17445,0
27245,27031,1
24700,1858,0
18872,26557,0
8520,31817,0
17115,17012,1
27496,869,0
15577,15885,1
24590,24791,1
25396,25186,1
27228,2895,0
6682,6665,1
9243,9199,1
25787,17090,0
16259,16496,1
15957,18010,0
2620,2398,0
26470,26030,1
26363,26104,1
28505,28568,1
29512,29969,1
13734,13503,1
5561,10191,0
13096,23431,0
4931,4630,1
13673,13948,1
10248,21991,0
13722,11720,0
4931,9206,0
12165,27963,0
26540,1613,0
29863,29753,1
13392,23096,0
2904,9921,0
8235,22892,0
23886,31736,0
7489,23103,0
20143,20415,1
9518,9520,1
26985,10405,0
8304,24411,0
8808,8991,1
22028,7955,0
24974,24717,1
5464,5363,1
14650,21376,0
21599,21778,1
21520,21639,1
1743,1668,1
11425,11398,1
7300,7458,1
12287,12177,1
17923,17656,1
17773,31796,0
7377,10725,0
2904,2700,1
8461,8027,1
3048,3029,1
1350,30579,0
22164,8097,0
16612,16501,1
30752,30521,1
444,396,1
14040,14370,1
25038,25303,1
26327,26007,1
11153,11474,1
12447,12340,1
29088,29196,1
7714,23175,0
19361,19453,1
16709,23499,0
16379,16439,1
19964,15086,0
18136,6689,0
30394,30200,1
9419,5961,0
11264,11142,1
8127,8019,1
3402,6600,0
30834,26548,0
27156,4652,0
21166,21355,1
5097,5318,1
22326,22147,1
17199,17301,1
26780,2193,0
15460,21760,0
7836,7879,1
19134,16440,0
31234,31252,1
16138,16456,1
19941,28100,0
414,4471,0
17844,6064,0
11882,11711,1
17620,17420,0
14171,14233,1
15317,7703,0
4341,21210,0
27938,27695,1
12953,29560,0
15327,15014,1
16376,21898,0
30541,26889,0
14707,10449,0
26200,26080,1
15856,15583,1
6203,6462,1
20637,20873,1
30355,30354,1
8349,15764,0
22136,22294,1
381,6069,0
28006,28238,1
1102,25775,0
11020,11126,1
19452,19108,1
27589,27942,1
15449,20412,0
1025,9415,0
7589,7769,1
26290,26328,1
20241,20179,1
9002,23052,0
473,22760,0
26851,12439,0
16567,22727,0
19321,23128,0
28176,3822,0
26260,19704,0
12699,12574,1
15124,15025,1
9477,9281,1
31914,26529,0
9100,11327,0
19424,12794,0
6201,27019,0
22885,22894,1
24765,23841,0
21950,21815,1
14775,28394,0
11171,20969,0
12560,27724,0
5904,5797,1
15008,25097,0
8555,5460,0
5581,5958,1
3467,3400,1
704,12308,0
10192,26568,0
20928,20847,1
14177,14093,1
19438,19142,1
14861,25357,0
23179,23493,1
10852,10605,1
302,20817,0
17034,14106,0
22909,132,0
26288,26317,1
17523,22564,0
23984,19086,0
27960,19430,0
16298,16413,1
12794,5504,0
7338,21897,0
17304,17079,1
31116,7119,0
8611,2264,0
19731,19758,1
8811,22227,0
22494,16970,0
482,20305,0
1587,1698,1
15218,27939,0
1926,1589,1
1123,1140,1
15848,15978,1
24172,24188,1
24513,13147,0
24066,49,0
20649,20864,1
7227,10571,0
30511,30707,1
24395,22881,0
12052,3213,0
25837,25994,1
19047,19292,1
2883,6559,0
5581,29753,0
24658,24617,1
2146,2130,1
8607,8891,1
5416,5135,1
2211,337,0
820,12048,0
11361,11351,1
25176,25173,1
4988,4760,1
31541,27223,0
4489,4405,1
17912,17745,1
1927,1934,1
28376,28097,1
14436,14320,1
8412,4366,0
7888,7714,1
2581,20015,0
8123,18803,0
19754,19723,1
24660,24693,1
7806,7858,1
1452,1045,1
30463,25067,0
20735,20761,1
26922,9452,0
499,80,1
9650,9592,1
30274,30160,1
13355,13039,1
15634,12739,0
20961,1514,0
24358,22579,0
20205,20395,1
15437,15105,1
26538,6794,0
10037,30990,0
30318,18327,0
9282,13323,0
929,998,1
7177,7107,1
23895,25848,0
23464,23463,1
12897,12871,1
28655,26145,0
2487,11272,0
21511,21733,1
15221,1242,0
4397,14372,0
7607,14256,0
1154,1140,1
10047,8477,0
30209,24307,0
29703,1020,0
18721,18729,1
8865,6137,0
6187,30296,0
31827,31861,1
25359,25379,1
13698,13798,1
1141,31809,0
19868,19979,1
27266,27034,1
8197,31353,0
12813,21986,0
2034,5311,0
22241,13856,0
15722,15560,1
8883,11411,0
31030,9995,0
7087,89,0
22117,22137,1
10774,13457,0
21832,20867,0
24468,24190,1
6292,24162,0
3047,3324,1
11022,11218,1
30100,30004,1
16972,16592,1
25090,25464,1
79,23041,0
13342,6046,0
13379,13449,1
30865,21396,0
14397,14267,1
13085,13057,1
19489,19327,1
10245,10118,1
22346,22286,1
28615,28816,1
12005,12232,1
12098,20667,0
16736,26478,0
23220,23099,1
23180,17720,0
13759,20790,0
6744,9158,0
15420,15368,1
4310,6982,0
1143,6917,0
24266,24491,1
5294,10246,0
3706,22414,0
26556,31025,0
25299,25052,1
3228,29126,0
25908,25566,1
4562,7451,0
27554,3939,0
12114,9211,0
2487,2309,1
12190,12484,1
31390,31201,1
9510,23455,0
14136,11544,0
21927,21813,1
27350,21690,0
30812,26505,0
95,12582,0
13167,13095,1
16992,16938,1
30285,30150,1
23218,29791,0
11816,11933,1
24925,24517,1
15724,1626,0
17238,7551,0
20981,20696,1
3336,3841,0
1051,1214,1
3254,3297,1
12973,14293,0
4365,4465,1
27319,19622,0
26298,26249,1
9186,9069,1
1242,15690,0
31277,31264,1
20100,17411,0
24127,24406,1
30279,17582,0
22031,11290,0
4051,4304,1
23331,23239,1
3589,16055,0
28943,28696,1
27014,31403,0
10169,10286,1
111,29,1
3567,25730,0
25984,7837,0
14897,10037,0
3365,3471,1
9570,9602,1
1859,31279,0
16259,16473,1
25589,13870,0
31636,31711,1
31721,12392,0
16897,16620,1
1159,1429,1
12062,12168,1
25832,25798,1
19510,13817,0
31214,20486,0
17852,29890,0
11642,27009,0
14225,21901,0
3516,18342,0
6868,23921,0
6908,6872,1
28493,28248,1
20658,20673,1
8634,21613,0
19249,5640,0
6168,3365,0
22496,22477,1
9714,9504,1
28988,20219,0
13947,13983,1
15285,9871,0
5670,5621,1
31702,31791,1
7092,3905,0
23911,23910,1
8504,8671,1
16938,16853,1
11038,11098,1
19907,19757,1
11392,11428,1
7211,7091,1
19565,11242,0
26163,26440,1
12290,12420,1
66,31257,0
2597,20336,0
6745,27881,0
12494,15516,0
26230,26352,1
1215,7315,0
30609,30603,1
2977,2733,1
31086,3064,0
28183,28243,1
12855,12548,1
14929,22938,0
10484,973,0
9866,357,0
31707,4687,0
22061,14080,0
275,2137,0
6389,24695,0
11830,8940,0
370,27356,0
2340,2288,1
29488,29471,1
3041,3321,1
11417,11375,1
3606,3616,1
2534,2848,1
17726,7594,0
2098,11697,0
3376,9329,0
2858,22954,0
23320,20006,0
10704,10883,1
14801,14612,1
23643,25059,0
5240,5009,1
31845,31918,1
24196,24477,1
11781,11795,1
29666,29972,1
30311,7172,0
12793,9856,0
22739,2284,0
26899,26871,1
5868,5670,1
12182,1810,0
30171,30221,1
24394,24329,1
18850,31337,0
26733,26788,1
13568,4379,0
20575,16514,0
27645,26438,0
16674,16934,1
3372,2088,0
29465,29330,1
14458,27102,0
14798,14923,1
20180,20207,1
23198,23036,1
28092,28312,1
6203,26548,0
28994,28508,1
4428,2682,0
19790,19918,1
20458,20428,1
11846,11508,1
1509,13670,0
15512,26250,0
27602,30255,0
3726,3594,1
22349,22412,1
576,973,1
12495,12327,1
16620,27693,0
14472,6373,0
22333,21714,0
9803,9956,1
19298,19370,1
26665,26854,1
17029,17187,1
18282,18138,1
94,21917,0
28750,6660,0
8603,21417,0
8376,8189,1
28150,17395,0
14762,14551,1
12437,12274,1
25115,25439,1
6637,11814,0
27802,27983,1
26580,26842,1
30308,30317,1
16393,16324,1
26497,26387,1
26439,18755,0
16967,16686,1
3761,3963,1
8576,2306,0
21724,5523,0
3068,4759,0
16260,27399,0
16064,24711,0
10929,12415,0
29912,30173,0
10727,5646,0
17467,12764,0
18595,19234,0
15128,15338,1
10268,20138,0
6911,24326,0
2563,28234,0
7562,25021,0
27731,27566,1
9788,20838,0
10174,10203,1
12195,24727,0
29610,5740,0
14443,14299,1
29790,29567,1
26542,26751,1
24180,28127,0
13518,13819,1
12910,12809,1
27061,23346,0
15595,19046,0
26198,26230,1
16759,16533,1
24112,2701,0
7110,7411,1
30855,30581,1
13723,28779,0
6214,2091,0
11205,16018,0
8574,8726,1
5879,5329,0
30080,9149,0
12539,12513,1
28266,28140,1
19639,19820,1
16834,16623,1
10498,10342,1
14929,15877,0
14492,14465,1
27991,5176,0
9533,9675,1
23146,2404,0
30931,30823,1
27863,27807,1
13653,14982,0
23173,19188,0
19863,22874,0
19247,19400,1
17057,3813,0
7176,7220,1
7815,7549,1
6516,6834,1
23838,23587,1
6248,6019,1
21374,29283,0
13759,13635,1
27534,27909,1
18032,18238,1
30025,26339,0
7761,7999,1
4178,4207,1
26122,26317,1
29564,29932,1
10941,10945,1
7974,29270,0
6483,6034,1
19785,13619,0
19625,17820,0
27329,27026,1
26062,15510,0
2057,31091,0
23399,23041,1
31235,8835,0
30483,30405,1
16729,16615,1
4872,4224,0
467,87,1
21659,4927,0
5202,14624,0
25805,25794,1
2600,2886,1
24714,24986,1
18328,7553,0
19954,3703,0
31720,31513,1
25943,23394,0
28866,20483,0
7089,18370,0
21631,21890,1
4085,4095,1
13604,13779,1
30905,18542,0
19202,19125,1
17968,17873,1
6946,6810,1
1821,24603,0
16634,16892,1
31447,14713,0
7308,10285,0
7288,7485,1
25701,23605,0
7649,8730,0
31680,25048,0
4386,12403,0
19462,19014,1
9711,9822,1
8651,13039,0
23794,44,0
18472,24131,0
27248,11140,0
2665,25214,0
5796,11765,0
7722,28370,0
9795,5980,0
20250,18618,0
8090,1872,0
11175,11146,1
13905,559,0
31836,12475,0
15483,5138,0
23617,23772,1
19136,22629,0
24725,28340,0
13292,10274,0
5184,12267,0
16002,16169,1
3439,25894,0
4742,4540,1
1601,1585,1
14155,13246,0
23673,24507,0
9482,9452,1
16157,17474,0
28133,18092,0
19335,3814,0
13444,4946,0
31153,31260,1
14248,19324,0
4120,4142,1
11794,11862,1
3217,14181,0
31191,30607,0
1075,1210,1
8293,8126,1
17238,17204,1
28520,10524,0
29520,3468,0
31145,27182,0
1629,11112,0
5604,21654,0
3006,3020,1
29282,29293,1
9049,9139,1
24954,24523,1
10871,17685,0
1747,631,0
9236,9169,1
10082,10417,1
21451,22057,0
26949,2283,0
29803,26366,0
17645,17720,1
22012,22234,1
4560,29737,0
22342,22387,1
6426,6250,1
5043,5374,1
13931,20393,0
6753,6507,1
23911,11270,0
26586,26686,1
15640,15703,1
19059,20382,0
16862,16898,1
9242,9102,1
30591,30594,1
29916,18304,0
6406,587,0
18254,7621,0
4563,21912,0
14679,14831,1
19322,1249,0
14793,14500,1
16547,16597,1
11298,11102,1
16104,16169,1
26620,3793,0
1214,1041,1
13970,22712,0
12805,12686,1
14726,2341,0
2810,1806,0
3272,4210,0
10560,16927,0
19915,19775,1
9634,27030,0
3741,3577,1
8705,8678,1
1948,10132,0
10949,10502,1
18500,5890,0
6782,11375,0
3428,3325,1
13728,13772,1
19869,17489,0
26096,26099,1
14315,14427,1
6967,5064,0
1216,1279,1
8665,6782,0
10037,10326,1
22403,22300,1
122,229,1
5603,5636,1
954,898,1
29611,29604,1
810,722,1
21711,1241,0
23570,23525,1
17923,12752,0
29705,29802,1
11672,30859,0
21721,21731,1
19167,19133,1
2012,2317,1
16683,16865,1
6398,6140,1
8082,5448,0
14911,14686,1
8544,10633,0
20327,17629,0
27850,27640,1
5358,13406,0
30639,13027,0
10167,10435,1
22103,1329,0
2205,30916,0
13139,13208,1
2952,2869,1
15576,23148,0
28657,28728,1
21326,21348,1
3638,1174,0
5098,5489,1
14100,14267,1
15645,970,0
11603,18786,0
9995,9633,1
9654,10763,0
23705,23773,1
1665,9917,0
23123,23226,1
9769,9584,1
14781,20921,0
29785,29799,1
30261,20058,0
11865,26570,0
23732,23986,1
1788,26672,0
4122,12580,0
2187,14688,0
11663,30227,0
3406,13059,0
28511,16891,0
29041,8817,0
19711,25075,0
19337,12426,0
13568,28789,0
8372,8074,1
6213,5866,0
13689,13549,1
495,11101,0
18602,20738,0
11902,11950,1
28288,28073,1
3019,12137,0
3909,14576,0
19428,7597,0
1632,1755,1
15940,15866,1
22018,17984,0
15326,15178,1
17692,7863,0
30276,27280,0
8981,12904,0
24363,22661,0
12311,21138,0
7508,7604,1
26707,26976,1
17128,17093,1
5632,5729,1
20952,12278,0
31921,31508,1
24226,23551,0
27654,27917,1
31950,19842,0
24912,24708,1
5133,5195,1
5827,11093,0
29827,26219,0
19625,264,0
6346,6458,1
13125,13302,1
15778,15514,1
465,11647,0
2642,29642,0
29628,8054,0
16779,16716,1
10164,31859,0
26699,26963,1
10973,10570,1
22309,16723,0
22383,22208,1
7294,7332,1
16418,16195,1
6624,6690,1
2266,7748,0
31595,31979,1
20143,20173,1
8194,8111,1
21138,21062,1
23198,12627,0
26993,27331,0
1296,4023,0
24466,28180,0
7607,22314,0
10988,10628,1
1453,1115,1
8783,27429,0
20126,20479,1
11499,21179,0
8819,27410,0
25519,647,0
30289,30268,1
27706,27659,1
26264,26434,1
14855,27628,0
6664,6508,1
3689,3938,1
7950,7867,1
29662,31509,0
748,834,1
16458,7005,0
27303,27260,1
26433,26445,1
21971,21808,1
26343,26066,1
12242,23064,0
8177,22839,0
19694,29066,0
7458,7277,1
24097,24271,1
9487,31746,0
11971,12070,0
18611,13065,0
18484,18235,1
13917,13762,1
27870,14749,0
31404,31328,1
17136,8806,0
16372,16368,1
22982,22687,1
11787,20195,0
1789,1766,1
31711,31675,1
6685,27409,0
11990,11884,1
11599,11898,1
23887,27210,0
26159,26967,0
21210,23062,0
16785,314,0
24563,13875,0
30210,20583,0
25010,25382,1
12447,12028,1
8847,850,0
25787,28753,0
17143,27217,0
9262,9187,1
23987,15713,0
866,6879,0
28103,28028,1
17752,21779,0
8746,1893,0
14576,14986,1
27427,16841,0
2346,2067,1
23176,4323,0
18791,21874,0
27599,15617,0
6483,6395,1
27311,27161,1
10119,10377,1
24194,30077,0
15777,15854,1
3275,3316,1
26705,11868,0
13798,13997,1
25355,25079,1
478,352,1
4214,4357,1
23859,27886,0
21006,21432,1
4573,9360,0
13249,17221,0
314,4476,0
18260,18481,1
31630,31503,1
29902,23398,0
18355,25936,0
451,34,1
29549,29733,1
27915,18446,0
21765,21767,1
3531,3922,1
1007,379,0
2874,2528,1
2934,2746,1
29079,29427,1
12309,12036,1
17013,22042,0
21718,21774,1
15856,15615,1
4199,4014,1
12919,19960,0
8381,8033,1
15382,22370,0
28448,21260,0
30564,30671,1
16274,11953,0
13588,28589,0
17473,17189,1
9576,27143,0
14133,29760,0
22248,25186,0
23977,23791,1
13346,1068,0
9918,7051,0
6481,6173,1
16094,16373,1
18747,5969,0
12102,12311,1
16673,16680,1
15288,15247,1
12460,14983,0
12640,596,0
14307,4515,0
28567,4987,0
23682,15989,0
11727,7520,0
5802,5731,1
26225,19767,0
30812,30989,1
1252,1402,1
10885,5189,0
8711,8808,1
19370,28992,0
6879,6559,1
28913,28608,1
23867,29974,0
9983,9606,1
18728,9590,0
25985,12340,0
20494,20282,1
12044,12017,1
14666,14868,1
25411,25061,1
20472,19151,0
13306,13281,1
9293,16384,0
21882,17827,0
13060,13201,1
259,25769,0
3286,3070,1
21885,9978,0
13591,13635,1
20837,20740,1
25262,25333,1
26308,9176,0
6304,31789,0
12833,12824,1
3496,3046,1
29245,18123,0
3273,3131,1
6016,14461,0
8317,8152,1
26246,26036,1
8064,8440,1
26763,26914,1
12923,21480,0
28431,16304,0
16226,16498,1
31395,21950,0
417,9769,0
19082,9056,0
21714,9872,0
23055,23046,1
7135,7363,1
14284,12621,0
27340,16074,0
17333,17209,1
23564,29798,0
28271,28306,1
24173,26849,0
25336,25058,1
19578,19520,1
29731,29578,1
28261,28150,1
26387,12351,0
13012,30797,0
30390,30019,1
11173,11071,1
773,31897,0
6248,6151,1
10261,5430,0
21871,9425,0
13892,13737,1
6830,6693,1
14042,26036,0
6353,16097,0
15377,25103,0
24250,24105,1
7631,23264,0
29472,31028,0
8965,16241,0
7970,19982,0
27706,25591,0
12765,12507,1
193,23618,0
13101,31989,0
6827,6764,1
24139,24117,1
19277,749,0
21039,20220,0
1294,1128,1
2784,2826,1
13671,22909,0
27158,12346,0
3430,3300,1
17562,17728,1
20620,18002,0
25495,11554,0
12254,18213,0
8274,499,0
17696,17570,1
27417,16249,0
11946,11953,1
2490,12882,0
23868,23636,1
12055,12094,1
20627,20640,1
27453,14584,0
7153,7287,1
17339,17436,1
23379,6467,0
24719,24980,1
18032,18036,1
6198,6210,1
6812,11520,0
2714,18382,0
2899,16417,0
6974,7839,0
14964,11530,0
2666,10127,0
4822,4710,1
20682,20922,1
24007,24083,1
21050,21149,1
31652,3464,0
21818,21744,1
30315,30019,1
22546,4229,0
9212,20250,0
16531,16822,1
22306,22044,1
12899,12704,1
1765,1843,1
18374,14861,0
2812,2666,1
11935,11893,1
27324,11613,0
12365,7359,0
9703,17578,0
28203,28033,1
14516,14691,1
10612,10925,1
12171,12336,1
10237,10161,1
16828,2847,0
7068,26190,0
29025,29360,1
17965,20500,0
27999,27868,1
25890,25583,1
9736,28461,0
29282,29195,1
3136,19699,0
30840,30961,1
7863,7583,1
28423,17102,0
8824,8655,1
10257,10052,1
2664,13977,0
4180,4032,1
25839,25822,1
28293,16928,0
26384,26275,1
5830,27594,0
11091,6451,0
24,10469,0
2595,2944,1
24045,24133,1
17547,15715,0
689,916,1
15596,15544,1
25856,12780,0
6576,30260,0
11665,8916,0
5555,5689,1
20570,20865,1
5126,22936,0
12956,10985,0
7305,27530,0
20037,20365,1
30162,25855,0
28528,12387,0
22671,22934,1
12537,19407,0
24700,23246,0
17844,20520,0
24720,25478,0
3109,3428,1
7311,7420,1
30859,24403,0
2382,2337,1
30426,6452,0
4610,4836,1
19824,30631,0
9105,9157,1
5816,5558,1
3693,18968,0
25952,25964,1
22590,5180,0
14363,11100,0
25929,3622,0
21100,23305,0
20218,20378,1
16626,16979,1
20460,329,0
4007,4134,1
13778,26933,0
16262,28245,0
3982,3932,1
16461,13878,0
31694,31651,1
12881,3955,0
212,31041,0
18743,14147,0
28836,20032,0
17612,4482,0
18016,18127,1
25215,25380,1
29387,29223,1
8062,14783,0
6397,6030,1
20970,20657,1
28454,24100,0
6889,17704,0
5839,5835,1
15612,26019,0
15504,1067,0
2462,397,0
571,765,1
28107,28301,1
21839,21792,1
28609,31485,0
25844,14528,0
15096,15177,1
28516,28610,1
17858,9307,0
19734,26050,0
26080,11094,0
1209,23551,0
14211,14153,1
990,905,1
22930,3940,0
28848,13273,0
29836,29539,1
9029,9121,1
21058,21474,1
20576,20506,1
7175,31274,0
18043,18189,1
6071,27094,0
13073,13421,1
24556,10412,0
28727,28987,1
485,359,1
12721,12799,1
7975,17753,0
6494,586,0
18123,16389,0
31571,31920,1
10217,10227,1
23545,2095,0
5918,5629,1
5983,5701,1
30730,30805,1
20826,20757,1
27273,27063,1
30853,30599,1
30165,23857,0
18564,18880,1
16140,16320,1
1407,4073,0
26816,12843,0
12815,16993,0
6181,28506,0
25188,21894,0
30326,30371,1
31349,23710,0
2386,2434,1
23755,23651,1
18967,31101,0
11123,21138,0
4919,22933,0
13716,2346,0
26151,26082,1
30228,30269,1
27681,15525,0
15310,8002,0
16448,16449,1
17655,15790,0
12616,12436,0
21259,21034,1
16342,31316,0
24105,24204,1
12074,12487,1
1316,29114,0
15403,15299,1
10315,10452,1
19315,19044,1
30029,30011,1
9648,9889,1
2856,26010,0
19289,19144,1
8132,8026,1
11787,9242,0
13499,11099,0
12670,12600,1
27484,28430,0
20299,20094,1
12286,26058,0
23407,23241,1
23866,23886,1
15442,15083,1
18207,18300,1
23938,23544,1
31990,30620,0
5843,5731,1
10650,10737,1
18655,6197,0
22943,11951,0
5243,5292,1
5389,5219,1
22121,1665,0
31266,21437,0
3745,3557,1
4990,4884,1
21154,15918,0
26628,8211,0
1257,24430,0
19320,19314,1
17710,31922,0
13577,13703,1
5097,18332,0
28719,29608,0
8446,8474,1
2219,15051,0
20894,21342,0
6422,6082,1
1009,1489,1
30709,27461,0
28439,543,0
7492,7296,1
17777,17585,1
2954,2741,1
29070,30631,0
25376,25020,1
22944,22989,1
2703,2704,1
1662,1515,1
27656,29635,0
29494,29123,1
25778,183,0
24085,11988,0
13188,13440,1
23396,23165,1
5226,15297,0
3887,24941,0
4062,4040,1
11084,30204,0
22015,22130,1
31414,15118,0
26876,23356,0
9795,17303,0
24943,24817,1
28837,28869,1
13750,22609,0
29169,29048,1
22068,22453,1
4726,4554,1
11623,12833,0
12990,24122,0
18683,31690,0
11308,11078,1
8924,8560,1
22480,22339,1
18245,17097,0
11254,11217,1
23820,8118,0
25673,25834,1
26506,26717,1
18288,26265,0
9772,9983,1
13706,13649,1
19033,9375,0
17239,17090,1
31921,31713,1
16870,17187,0
9548,9876,1
30944,18181,0
18574,18774,1
20851,18485,0
26635,26509,1
19185,19141,1
2201,30598,0
30818,9240,0
20862,20980,1
20332,31780,0
27734,2208,0
25516,25651,1
3533,3598,1
19051,8482,0
14214,14339,1
22118,7503,0
6309,30666,0
8904,8852,1
24198,31185,0
1631,1737,1
30296,30086,1
9328,9363,1
27052,27376,1
165,174,1
12855,12958,1
15497,15452,1
13228,13035,1
10518,3225,0
23285,20192,0
13635,23185,0
30144,28945,0
21241,12662,0
7331,5379,0
2853,17134,0
2340,10302,0
7411,7309,1
2141,18528,0
4921,10040,0
23503,23746,1
11883,11601,1
16555,16826,1
15481,6423,0
5348,6799,0
8748,23219,0
28563,28132,0
19326,31908,0
7808,20451,0
31047,6516,0
27333,11645,0
20959,20633,1
24558,24871,1
27197,27201,1
28605,28851,1
24621,24508,1
29442,9906,0
13964,13518,1
11273,11063,1
15856,4318,0
21383,21405,1
22578,25569,0
25972,25548,1
14361,18767,0
23186,23163,1
25774,20715,0
11466,11118,1
18944,18834,1
21091,15979,0
18300,336,0
10582,26549,0
13473,304,0
18916,18545,1
14916,14620,1
16775,16939,1
12081,26798,0
10357,30420,0
4792,4690,1
18294,28782,0
17247,29051,0
12366,12000,1
9813,9971,1
26538,1938,0
17863,17551,1
31109,6341,0
31827,31614,1
28471,31863,0
7893,28126,0
16308,25005,0
7556,17096,0
12960,26619,0
1056,9112,0
21321,6039,0
2726,2988,1
27550,27852,1
11196,11491,1
3907,3806,1
15252,15260,1
8582,8937,1
18332,28815,0
28505,1843,0
2814,2955,1
8836,8959,1
24186,24024,1
6343,6363,1
20163,20233,1
8315,374,0
21551,21600,1
8326,8444,1
29730,7017,0
20448,2949,0
24676,4346,0
29560,30029,0
31245,31292,1
27630,3122,0
5465,5277,1
1204,15816,0
19035,25865,0
7247,7390,1
319,3189,0
29605,29705,1
14251,21855,0
3865,3982,1
24803,24761,1
28829,30067,0
12220,12194,1
22662,22515,1
9865,6945,0
25068,25178,1
19607,19765,1
5449,28201,0
9344,9141,1
7019,9424,0
5367,1983,0
18271,18332,1
11082,4189,0
12987,12745,1
7352,7307,1
27420,10943,0
3192,3026,1
9552,8641,0
31774,9772,0
15948,384,0
14978,14924,1
5437,5119,1
9725,10180,0
24207,24195,1
28556,2194,0
19668,19950,1
12311,12346,1
29409,5053,0
21828,3741,0
27264,27021,1
15811,21239,0
26648,26558,1
11997,11629,1
16055,5990,0
23561,2851,0
28175,17350,0
27864,27725,1
23732,23887,1
8956,8775,1
26241,3741,0
29404,7343,0
4294,4302,1
15990,15556,1
9114,13397,0
6248,6069,1
13980,13568,1
24697,24800,1
31718,10257,0
25732,25622,1
17645,17920,1
27679,6283,0
20452,20349,1
28541,3483,0
25005,23952,0
12611,31715,0
3217,3340,1
29895,17485,0
15228,3177,0
7179,7245,1
25266,25315,1
6880,6783,1
8748,19057,0
28884,12372,0
26576,31298,0
28266,28058,1
4799,4793,1
15049,10553,0
11721,25895,0
1781,1996,1
7224,23303,0
11683,11625,1
24307,24449,1
26078,10808,0
4576,4920,1
15994,15691,1
31222,2468,0
10413,20884,0
29942,29613,1
27659,1355,0
21236,5448,0
23068,23058,1
24059,15556,0
12775,12817,1
23285,23242,1
52,31175,0
29295,20351,0
12195,12191,1
24412,26044,0
16607,28274,0
3213,22791,0
11769,4560,0
12515,22941,0
23340,23016,1
30531,30544,1
22788,22708,1
2070,23846,0
3530,3682,1
17117,17477,1
18293,18125,1
17907,17974,1
31340,31356,1
11956,11613,1
10948,10611,1
16045,16069,1
31656,23073,0
29501,29557,1
19451,19355,1
16843,16941,1
18400,18453,1
15620,30428,0
11099,14273,0
2315,11267,0
21243,5883,0
11106,15138,0
8828,8846,1
26131,10279,0
9865,15289,0
13441,26242,0
22018,22074,1
6106,7755,0
31549,31912,1
27935,21075,0
3419,29792,0
8496,23597,0
2101,2062,1
14166,14137,1
13865,26893,0
21629,22083,0
17450,7036,0
8718,8741,1
15539,15638,1
15377,9763,0
19690,6768,0
24128,14845,0
6870,6642,1
352,2362,0
5596,21802,0
9867,9917,1
12511,12745,1
4279,17143,0
26943,24027,0
14351,14273,1
29773,4411,0
9685,9664,1
9949,24046,0
23103,31944,0
6266,6340,1
14509,28235,0
25511,2705,0
22625,11473,0
12016,12176,1
14589,28183,0
19841,19917,1
17651,17998,1
26774,26449,0
18970,18556,1
12595,12552,1
3848,23083,0
16873,29354,0
29275,29130,1
5388,30032,0
18889,26570,0
31259,14681,0
22206,6634,0
4754,4733,1
29394,3751,0
8555,9004,0
27319,14692,0
5584,5794,1
13773,30899,0
17555,5300,0
7436,7249,1
9650,9888,1
9669,5593,0
26449,8416,0
22709,22738,1
10028,10169,1
8900,13286,0
27762,27991,1
27786,6053,0
10544,19870,0
2235,2198,1
24580,24681,1
23102,14851,0
8154,4370,0
30015,20994,0
16691,2979,0
25067,25343,1
22410,22047,1
11421,11471,1
18456,18222,1
2366,8190,0
22569,2839,0
192,308,1
6556,28191,0
8707,19409,0
12066,12433,1
16480,16336,1
5162,5047,1
9327,9109,1
16872,16687,1
30263,30211,1
10511,14298,0
18061,18419,1
18344,8971,0
18651,26362,0
6566,21293,0
30497,20550,0
29781,9252,0
2796,7052,0
25154,25432,1
13610,13910,1
26005,16169,0
1837,9834,0
5035,5030,1
7843,7961,1
16968,1920,0
15291,13780,0
25168,31784,0
20562,31016,0
9462,26193,0
31830,25481,0
25148,12322,0
21141,21189,1
23461,8467,0
5496,5070,1
16234,2123,0
22826,22997,1
21873,11611,0
18784,19780,0
31248,31247,1
22041,91,0
10491,10358,1
9152,18588,0
28760,28831,1
4090,29915,0
19955,19645,1
22600,22846,1
21114,30247,0
21223,21200,1
3437,3299,1
3814,3505,1
28026,11107,0
14731,26213,0
4139,15103,0
15259,15053,1
7309,15023,0
26075,26327,1
1851,11895,0
16181,23019,0
5561,5869,1
6298,6349,1
14071,14208,1
26493,5805,0
10223,10312,1
30792,3244,0
26085,26122,1
16100,16102,1
1996,1846,1
31439,21180,0
24774,23572,0
20874,20928,1
29638,25300,0
25521,18006,0
4500,19012,0
6529,973,0
1894,19982,0
17396,759,0
23313,27306,0
5379,23332,0
27192,12863,0
412,476,1
9848,28223,0
3979,7393,0
14153,14296,1
7722,7884,1
2638,2646,1
15165,27792,0
4308,960,0
6670,6804,1
9747,5878,0
17334,24025,0
17167,27524,0
19963,19573,1
11268,11017,1
30773,2550,0
9111,18807,0
10543,10950,1
11893,11994,1
19356,31713,0
6043,6419,1
23476,18830,0
6771,6820,1
7152,9754,0
19795,30226,0
12627,13322,0
7754,7881,1
3207,3338,1
28174,28275,1
10484,2440,0
3993,3883,1
14568,19244,0
19862,19739,1
31841,31906,1
28830,15919,0
15905,28198,0
27288,24946,0
14308,14139,1
5410,31168,0
4528,11269,0
2356,2381,1
17139,17492,1
2455,8919,0
31745,31543,1
4024,4216,1
11219,11020,1
1660,5259,0
26868,19469,0
24666,17759,0
4596,14875,0
25776,16970,0
7807,7814,1
3378,1749,0
31034,26505,0
31022,31019,1
3339,27408,0
14056,8890,0
905,994,1
21074,15036,0
10890,10616,1
15293,15038,1
29865,3558,0
6687,6587,1
11970,23563,0
22286,22478,1
26049,11634,0
2086,14828,0
31827,31988,1
14778,14563,1
12397,25538,0
16449,16422,1
16588,6001,0
415,8788,0
29358,4879,0
31628,12284,0
14988,7745,0
8483,8923,0
11857,11791,1
412,248,1
9008,20252,0
2885,17110,0
8941,27582,0
7778,7524,1
13768,15148,0
11871,21922,0
24754,31597,0
20500,22834,0
4177,4030,1
11150,11182,1
22809,22548,1
9972,9832,1
26929,6021,0
9315,10623,0
28507,28552,1
31295,16892,0
9610,9533,1
15959,26542,0
7380,7346,1
7006,7329,1
19424,22030,0
5719,14528,0
29839,22553,0
3279,8247,0
7385,3769,0
1882,22148,0
24547,24791,1
19564,19643,1
19173,19026,1
19997,11980,0
1170,1428,1
26752,10376,0
31838,2160,0
20449,11727,0
22732,22934,1
12785,14874,0
19803,19682,1
22226,3485,0
26217,16247,0
27623,27784,1
7416,20964,0
24936,24956,1
26884,15375,0
27988,6075,0
13974,13511,1
23806,729,0
1089,1135,1
6042,6334,1
25020,25355,1
793,670,1
11234,11499,1
2260,25060,0
13918,27495,0
6291,6309,1
23908,19785,0
3975,13034,0
31641,16231,0
13566,13923,1
12349,22904,0
7688,7516,1
552,761,1
3706,3940,1
30703,30945,1
8257,8047,1
24087,26310,0
5934,29846,0
31673,31828,1
26557,26781,1
14719,3364,0
27489,27296,1
14853,16831,0
21544,1308,0
26070,26431,1
24003,30594,0
8447,19631,0
21165,21464,1
8333,27107,0
27144,31352,0
3006,3380,1
19023,19229,1
10146,24480,0
18978,18575,1
31261,31339,1
7165,19554,0
6282,30556,0
5301,10496,0
4671,13997,0
31476,11214,0
12572,12881,1
10993,28243,0
13488,29728,0
2347,11178,0
30207,15026,0
22567,4038,0
16491,18137,0
840,540,1
11351,11478,1
13807,13975,1
18607,18811,1
3770,3823,1
18921,14112,0
31587,31782,1
22097,6563,0
22150,22049,1
8750,14363,0
6035,6007,1
859,5297,0
27929,27839,1
24275,24298,1
28629,6928,0
8628,30696,0
11088,11377,1
9483,29269,0
18926,18653,1
4562,4715,1
28808,28995,1
26217,12073,0
28376,28142,1
19602,21039,0
15476,15141,1
29026,29249,1
23064,23146,1
27784,21998,0
6128,25573,0
20130,17312,0
13100,13465,1
17155,14760,0
16968,8617,0
6053,6122,1
19655,19704,1
25195,25380,1
459,34,1
21677,21747,1
8670,8766,1
27855,15543,0
21048,17917,0
27239,27152,1
15614,5518,0
14435,20712,0
7338,7443,1
13443,13378,1
1242,14372,0
17791,17756,1
11626,448,0
1121,1084,1
17202,23063,0
1934,27804,0
9188,31873,0
23536,6126,0
15523,11788,0
24275,16563,0
2716,6780,0
9566,18580,0
20568,1124,0
17454,28020,0
29080,29291,1
17652,4135,0
8575,8767,1
1884,10287,0
12177,12136,1
15357,11086,0
27284,27253,1
8494,28159,0
6159,17081,0
12646,4533,0
30056,30023,1
581,715,1
30912,20318,0
7396,26573,0
24700,13099,0
29967,15109,0
28959,16150,0
13347,13040,1
27216,27090,1
13137,23358,0
14776,14698,1
11935,30016,0
9862,22914,0
14241,14100,1
3936,3553,1
24876,8652,0
12198,12258,1
7520,7565,1
3854,3977,1
28609,27265,0
8601,5090,0
20486,20386,1
30910,30921,1
28990,31287,0
12623,24105,0
4373,30428,0
13353,186,0
17792,22815,0
2262,11458,0
31749,31941,1
14882,14834,1
9049,21495,0
17945,15749,0
13512,13925,1
21687,21594,1
23170,23409,1
25768,25540,1
29249,28776,0
11078,11305,1
16910,16211,0
30539,28034,0
13823,13740,1
4490,4459,1
31146,10163,0
7684,7622,1
3476,3181,1
18966,18624,1
5329,2154,0
17262,5498,0
30429,30433,1
31634,24026,0
17300,17102,1
13603,17648,0
9420,12743,0
5830,15444,0
29003,29048,1
16306,20677,0
4501,4571,1
4773,4794,1
2650,5778,0
26426,28552,0
22728,28167,0
1047,28926,0
28721,3559,0
13313,29965,0
9067,31501,0
27815,27765,1
23782,23711,1
23022,23499,1
5120,22458,0
6135,30156,0
7436,7335,1
26110,26170,1
1012,2388,0
8289,8436,1
5881,5946,1
11125,13882,0
16195,28747,0
5208,5349,1
28087,28287,1
16001,16221,1
11252,17020,0
25777,25576,1
21210,21296,1
2120,9270,0
2338,2302,1
29860,29577,1
22206,9862,0
12822,28831,0
12428,12294,1
15462,15096,1
15674,15640,1
30558,30895,1
28644,4384,0
18304,27503,0
24105,24460,1
18684,16347,0
27297,27170,1
18467,15,0
21343,25435,0
3908,12630,0
13822,3656,0
24864,6146,0
22732,22976,1
4816,20129,0
15873,22862,0
24295,24406,1
5359,5183,1
7487,21439,0
21538,21851,1
13263,17570,0
8294,8259,1
2252,2140,1
1741,12304,0
23643,14053,0
29496,29208,1
6769,6831,1
7696,3102,0
1303,1063,1
31179,6521,0
31504,31686,1
10297,29082,0
29408,17117,0
14834,14737,1
22229,23830,0
12283,12366,1
6679,6932,1
17918,2285,0
23629,3471,0
27084,27351,1
2807,2620,1
23835,9264,0
9859,9774,1
21588,23661,0
29325,29340,1
1390,1454,1
18044,18078,1
30696,2559,0
13277,10855,0
18555,14473,0
17585,11500,0
12536,10826,0
28813,6127,0
7799,12022,0
27745,27837,1
23076,27583,0
24456,24035,1
14245,14498,1
20703,20698,1
27937,264,0
16608,21883,0
21027,7029,0
4331,30774,0
6836,6990,1
26921,1686,0
8173,8148,1
29280,18035,0
25173,25417,1
20467,18127,0
20794,24198,0
5843,5864,1
767,843,1
15190,15197,1
24181,24054,1
18345,18457,1
12394,1038,0
765,800,1
9116,9000,1
23349,23439,1
23635,21973,0
21590,21685,1
8042,2499,0
22704,22547,1
21535,21862,1
1180,26523,0
30938,27010,0
21996,21863,1
3542,3994,1
9610,9943,1
18140,18249,1
5307,5370,1
24528,6739,0
25246,25364,1
31708,9716,0
7756,31334,0
29001,29158,1
23037,23163,1
3390,15275,0
12161,12336,1
9053,12826,0
31330,31335,1
11406,11149,1
6491,6301,1
1535,7709,0
19296,19125,1
3817,3886,1
27775,585,0
14434,2001,0
30328,18264,0
2935,2940,1
14796,4817,0
25849,29791,0
30247,9451,0
1632,21079,0
27905,27827,1
15208,15285,1
26300,15419,0
31935,31666,1
22763,22855,1
7015,2159,0
29951,29870,1
15462,15078,1
25028,27913,0
18270,4053,0
12799,9427,0
1781,17834,0
5225,5032,1
7735,16402,0
28179,12908,0
30506,6979,0
7801,7588,1
26533,26758,1
29409,29471,1
8664,30122,0
19397,19266,1
12082,23342,0
17003,17370,1
30362,30274,1
28173,28114,1
18735,27313,0
12693,15602,0
21417,4571,0
1565,1974,1
18941,18490,0
28499,28433,1
22556,20075,0
19707,6475,0
26825,19654,0
29698,29719,1
5314,22971,0
17612,17868,1
12203,5240,0
7217,7417,1
19019,18277,0
4834,6378,0
25465,14169,0
15727,7574,0
27806,3675,0
13516,21259,0
22387,22100,1
6532,21084,0
5270,5374,1
20305,26595,0
15697,15894,1
1029,1112,1
25677,12829,0
5160,5308,1
8100,9150,0
13067,31500,0
6363,6410,1
31100,31202,1
10225,10235,1
3814,3992,1
11633,11639,1
13568,17994,0
12520,13277,0
13078,12916,0
2379,2203,1
129,242,1
28311,28422,1
8828,3235,0
20133,20028,1
15780,15581,1
2566,2652,1
28055,16281,0
17820,31362,0
21370,29530,0
19963,8855,0
14671,14544,1
3344,3334,1
7233,355,0
1922,9402,0
28046,26488,0
5823,20899,0
26591,6869,0
11990,11548,1
8117,31873,0
28821,28754,1
14594,14760,1
16267,184,0
2104,2380,1
13199,13408,1
27713,7256,0
27508,784,0
29392,27554,0
5208,22709,0
25235,25488,1
27965,16931,0
22934,22792,1
27951,27941,1
10777,8324,0
12475,12151,1
12580,12574,1
30414,31082,0
6807,17592,0
5520,5584,1
10592,10559,1
3193,24259,0
27999,27712,1
21764,12955,0
8885,16276,0
21515,21193,0
22123,8465,0
10380,15935,0
10748,14638,0
19024,10276,0
1915,1577,1
22472,22390,1
8981,8563,1
24023,14058,0
24201,24393,1
13588,13714,1
27508,27740,1
5217,30510,0
24059,24325,1
9325,2004,0
5733,5539,1
25945,20444,0
5178,5107,1
38,139,1
13138,5362,0
1427,1318,1
30569,20303,0
4968,18552,0
28608,26943,0
18580,11827,0
20631,20519,1
1610,1790,1
23728,26322,0
26307,26138,1
11000,4039,0
17821,17997,1
11562,11685,1
6713,6572,1
19164,19127,1
10352,11643,0
1237,25917,0
14136,24167,0
31741,30761,0
8664,8940,1
26018,26014,1
29471,21289,0
26146,6280,0
28997,28827,1
21694,21811,1
3222,14852,0
2624,2540,1
28067,18444,0
25019,25315,1
286,7455,0
5323,5283,1
6884,6529,1
22806,28509,0
15666,15542,1
7990,7623,1
21465,19754,0
17126,17956,0
15523,19085,0
1060,19730,0
29161,29352,1
16880,18702,0
16813,16924,1
28945,17936,0
26073,26392,1
16825,16820,1
20937,14641,0
6372,22216,0
13709,13974,1
3497,8448,0
11969,27857,0
5433,5133,1
21588,21662,1
24347,16264,0
4288,18729,0
841,918,1
901,18763,0
31732,31677,1
22100,30511,0
2373,2349,1
30411,30088,1
31455,6029,0
15539,15506,1
30457,30083,1
7582,29985,0
5282,16858,0
1991,1773,1
12362,18968,0
2737,25494,0
14469,14186,1
2049,16694,0
30341,21494,0
21110,7138,0
11491,11279,1
2505,16004,0
26828,26820,1
18742,18958,1
30532,30874,1
507,6292,0
13595,13986,1
12219,12394,1
19548,46,0
7087,7341,1
30877,30980,1
5311,14024,0
9301,30630,0
25376,11144,0
12907,12683,1
26112,26336,1
11795,11596,1
27297,27650,0
17090,23787,0
31078,31027,1
15577,15708,1
19553,19605,1
8988,28916,0
14684,14624,1
17583,17996,1
27684,27605,1
6245,31402,0
19006,19382,1
25496,25233,1
10602,214,0
25793,25888,1
1382,10542,0
11671,11840,1
369,450,1
27189,27197,1
25532,11043,0
4567,26303,0
13038,13014,1
5198,26160,0
20160,10032,0
15827,486,0
12418,12398,1
3164,10899,0
10931,1061,0
22838,22927,1
26536,26828,1
22872,16104,0
17253,17398,1
10836,16058,0
5225,5330,1
9439,16546,0
17906,14398,0
15652,15947,1
3606,26252,0
22261,8430,0
2466,31860,0
14696,14855,1
20112,31086,0
30719,6845,0
27235,18804,0
3896,20477,0
18976,18576,1
28657,28757,1
3128,30273,0
2062,22035,0
3584,22631,0
13303,13091,1
17081,15196,0
8479,300,0
12649,12957,1
1041,2886,0
24679,22125,0
22749,22543,1
13015,13103,1
22912,13793,0
11310,3434,0
6303,6172,1
17921,15837,0
23568,22135,0
26923,26535,1
10099,10390,1
9745,9787,1
7168,11299,0
10565,16997,0
20771,23592,0
22607,13421,0
448,479,1
1345,1167,1
11480,12114,0
10089,26871,0
24405,25434,0
9485,9234,1
21775,28773,0
27133,3389,0
29304,16130,0
28937,28972,1
3407,2410,0
26477,17772,0
21726,270,0
7207,7194,1
25732,9245,0
26827,26742,1
30751,21170,0
11295,11304,1
27029,19428,0
6213,24886,0
4975,4599,1
649,4468,0
6285,6133,1
718,525,1
20841,20655,1
23477,23417,1
7423,7006,1
15002,15411,1
20584,13862,0
10356,10230,1
22788,25318,0
15718,15546,1
26379,26429,1
9254,5822,0
21258,20072,0
12991,6181,0
5802,20769,0
24806,29051,0
13574,20654,0
24629,30282,0
26140,31206,0
10963,10800,1
23644,28703,0
6277,7757,0
7062,7179,1
13190,13073,1
15973,9751,0
11006,22246,0
13402,3131,0
5350,15583,0
13773,13838,1
10906,10984,1
18355,18146,1
10484,10271,1
20584,22125,0
28042,28144,1
31178,26362,0
3418,3325,1
18316,13805,0
17534,17817,1
21496,6878,0
31606,31734,1
14856,13929,0
19434,12350,0
28734,28837,1
21530,18126,0
6424,22027,0
3345,3041,1
3957,3793,1
23560,23657,1
94,5266,0
30583,30500,1
9295,9493,1
23534,23669,1
24649,18370,0
11992,11509,1
25088,25479,1
4128,4322,1
21013,6558,0
30010,30199,1
29174,29080,1
15111,15097,1
12635,12938,1
5840,5733,1
5986,5764,1
11615,2085,0
27391,27358,1
10773,8530,0
16071,16142,1
8327,8164,1
27816,31285,0
8691,8559,1
29520,31008,0
20986,19835,0
28068,11072,0
5672,24169,0
21517,23877,0
9434,9311,1
8474,8147,1
2589,2613,1
30933,2943,0
28736,10139,0
11338,20680,0
28279,28007,1
12794,27125,0
23045,23341,1
10229,21046,0
2103,2054,1
4242,4424,1
13861,9351,0
29826,29571,1
23762,18125,0
1934,1933,1
21968,30410,0
7407,7401,1
24110,24025,1
14879,14603,1
29726,29819,1
28612,23816,0
15046,70,0
7539,31061,0
8895,8894,1
14985,4011,0
6221,6338,1
18513,18815,1
23143,10816,0
16691,25265,0
22522,22810,1
740,732,1
67,397,1
16674,5544,0
16187,17838,0
8626,8881,1
3826,26305,0
334,7096,0
1435,464,0
3608,3718,1
20518,31364,0
16475,16253,1
14429,14345,1
28765,13088,0
8065,8337,1
31071,31383,1
21309,21311,1
4746,4735,1
24747,10115,0
23072,23122,1
29741,10760,0
29956,29762,1
27061,27229,1
8575,23016,0
30995,21984,0
21348,28286,0
5270,3420,0
21895,21965,1
4128,8887,0
27975,27694,1
7968,1920,0
25532,31471,0
27422,9547,0
4813,4670,1
11779,11821,1
14831,14906,1
30175,21389,0
18637,16176,0
26666,26634,1
20893,15637,0
8717,14468,0
889,22635,0
12840,24124,0
12481,8990,0
1338,11994,0
26191,26432,1
9586,18586,0
19063,33,0
5765,16970,0
8721,26932,0
15054,15126,1
12903,8242,0
3438,24116,0
411,6904,0
28637,28788,1
26196,27479,0
1725,31936,0
27159,27496,1
24396,24325,1
27742,27900,1
30073,30391,1
30089,30408,1
15080,18391,0
19890,19843,1
16442,16261,1
16086,13720,0
15117,15177,1
12928,12427,0
19426,19249,1
15686,15987,1
29611,29731,1
21361,11724,0
6080,18446,0
28663,28794,1
23855,23632,1
16069,16415,1
10140,7187,0
11439,5678,0
13168,21729,0
2899,2837,1
12439,17046,0
10213,29512,0
16202,11452,0
16071,16198,1
22748,2757,0
18331,18262,1
23447,23023,1
5963,5933,1
11019,11452,1
25162,25226,1
26063,8219,0
16559,16887,1
5836,5623,1
25206,774,0
13251,2777,0
26733,26981,1
9249,9214,1
21079,24796,0
11171,11032,1
24051,24424,1
14019,2238,0
4621,4779,1
12613,12809,1
12276,12489,1
23967,6067,0
28843,1093,0
4888,4745,1
16278,21420,0
28801,16856,0
23430,19117,0
11792,11567,1
23558,23596,1
28440,28111,1
30391,30457,1
6114,7244,0
23891,23788,1
30220,11044,0
19659,21751,0
26608,26705,1
26108,26361,1
31281,31253,1
4909,1406,0
5655,5841,1
19245,19089,1
22465,18122,0
1742,1580,1
3336,7933,0
17439,9455,0
1710,1849,1
2150,2010,1
17741,17667,1
27130,182,0
29854,29513,1
23367,23248,1
21318,17753,0
1989,1903,1
31110,18182,0
7858,1717,0
12378,3100,0
1131,6889,0
27093,12304,0
27840,27628,1
15178,15297,1
19417,20235,0
13485,13342,1
25001,25034,1
21236,21401,1
21211,21110,1
25612,25973,1
31738,8854,0
31539,31747,1
2173,2215,1
19638,19946,1
2860,25217,0
9727,28966,0
18708,18902,1
5481,5065,1
21886,28053,0
1398,1405,1
20206,25316,0
11813,547,0
28825,8764,0
1794,10724,0
29077,29115,1
17466,17185,1
5948,13417,0
16357,16367,1
26581,23862,0
11566,1267,0
27267,27271,1
26479,26111,1
6715,30639,0
30706,31234,0
18875,14210,0
25408,16464,0
26028,26430,1
23840,18603,0
9167,9396,1
9997,9883,1
15808,15841,1
25069,329,0
7875,26024,0
15100,15179,1
8773,8775,1
27618,27929,1
20251,29722,0
28359,12100,0
25237,25078,1
29966,29985,1
18571,18663,1
24079,11698,0
27499,10164,0
20452,24601,0
8386,13417,0
20967,20777,1
18991,18721,1
27422,27108,1
21165,24182,0
19177,19235,1
25918,25865,1
10543,10916,1
10255,10263,1
7933,5077,0
7394,1956,0
28367,28069,1
27593,27607,1
6546,6548,1
26774,13200,0
7703,7809,1
1452,23708,0
9288,15392,0
6770,6617,1
9300,9360,1
771,25633,0
2362,19426,0
7596,3997,0
17370,17021,1
27530,27793,1
17342,24473,0
20142,20429,1
5759,27749,0
4907,4540,1
18341,18401,1
27295,27427,1
18695,20044,0
14468,21649,0
12402,12202,1
28666,28985,1
4186,4054,1
1907,17813,0
2758,2580,1
24856,24985,1
10886,10867,1
19166,19086,1
23947,23522,1
7222,7392,1
503,24400,0
29212,1970,0
11585,11605,1
17355,17348,1
10819,10757,1
30875,28828,0
27457,5723,0
31770,31568,1
18614,25230,0
419,1584,0
10652,1445,0
29041,23630,0
5636,19563,0
7483,7233,1
4158,4357,1
25507,2170,0
28671,21082,0
22001,22439,1
27632,18555,0
30416,30059,1
6331,10008,0
18613,18733,1
20168,1960,0
11874,11555,1
17521,12259,0
15353,15243,1
10909,24697,0
6912,6782,1
20022,20291,1
24763,23788,0
22786,22758,1
17902,17962,1
27728,24557,0
28297,6222,0
13947,3896,0
26017,26142,1
25207,25300,1
31000,31082,1
1378,1060,1
24239,24381,1
31637,31828,1
18495,18000,1
29601,29634,1
29992,29924,1
24373,24345,1
22204,22040,1
21791,21951,1
12411,12389,1
2099,24962,0
13851,16182,0
5498,5031,1
10145,10152,1
23344,15182,0
6216,16120,0
1545,1517,1
2052,13786,0
4762,4554,1
20079,20241,1
11717,11577,1
15292,15196,1
2099,3961,0
17878,17517,1
14136,31086,0
9583,2269,0
30134,29358,0
9647,9539,1
29580,25095,0
27829,27667,1
2178,2377,1
10380,10720,0
6059,6382,1
29947,26590,0
16502,16512,1
23815,23598,1
15794,15757,1
23703,23744,1
16265,16015,1
9583,9944,1
18357,29978,0
24065,17285,0
1094,1362,1
23236,23075,1
31107,31372,1
13131,13017,1
10789,9347,0
28635,4482,0
14816,23135,0
2572,19436,0
19625,19559,1
15480,15475,1
27938,7506,0
29869,29916,1
26930,26571,1
15874,15928,1
21720,21558,1
29666,29784,1
26681,26974,1
7042,7499,1
961,21114,0
12758,12968,1
21315,3212,0
11341,11339,1
23171,1813,0
803,17055,0
7910,7928,1
11319,11434,1
20957,26019,0
16605,16674,1
2710,8943,0
398,7065,0
866,625,1
31071,31108,1
15569,15626,1
26730,26690,1
18504,30651,0
3680,3759,1
14849,17227,0
5410,5220,1
14653,14800,1
21001,6981,0
29016,29145,1
5224,19343,0
25826,9396,0
22831,22951,1
10225,10233,1
297,276,1
6903,13762,0
30655,17456,0
21651,4789,0
11619,7698,0
20552,20540,1
30101,30019,1
3939,17009,0
16879,21156,0
16420,2528,0
24622,30093,0
28022,12103,0
19699,3806,0
22845,22710,1
23134,3268,0
28696,16677,0
19773,20340,0
30995,30912,1
10521,1809,0
20675,25771,0
18832,2778,0
12480,27251,0
7981,9875,0
31192,31385,1
28126,28377,1
30444,28697,0
10277,4085,0
12168,1937,0
527,12552,0
8069,772,0
22783,10790,0
2794,2713,1
11783,11512,1
26226,26393,1
5743,5910,1
22112,2330,0
488,7551,0
30223,30327,1
1744,21198,0
21920,18635,0
25016,21400,0
30703,25478,0
5730,12951,0
3442,3341,1
27806,23846,0
29282,9170,0
17056,9129,0
27858,27990,1
14641,14644,1
25300,25058,1
12639,12941,1
7199,7098,1
16621,16637,1
21874,4853,0
23017,23019,1
22139,22505,0
9204,6008,0
26676,30435,0
8901,8605,1
27719,27598,1
24347,24194,1
19507,19934,1
13046,10954,0
4699,25908,0
15476,1130,0
812,832,1
7397,14643,0
13536,13981,1
1546,1882,1
6321,6292,1
19292,19070,1
28960,28541,1
29562,29591,1
28097,28001,1
3592,26339,0
7076,7361,1
5962,1005,0
2765,25391,0
21853,14907,0
24393,22560,0
25420,25147,1
3525,26078,0
29967,29932,1
17831,17530,1
18809,18923,1
6907,23464,0
6205,6170,1
21685,3257,0
9211,15732,0
27225,27021,1
7823,7575,1
16803,16688,1
2354,16905,0
10964,24094,0
21090,21199,1
17651,17745,1
24254,13144,0
27211,27048,1
735,912,1
29138,30625,0
2895,2554,1
8384,8229,1
21999,27832,0
31454,23920,0
12882,31411,0
9880,9912,1
20555,20857,1
30395,20651,0
28157,5718,0
9703,9827,1
23070,23142,1
6420,6148,1
28581,28964,1
18336,10313,0
27624,27932,1
14542,14808,1
27263,2977,0
2843,2933,1
7066,7274,1
15214,15251,1
3728,3790,1
104,154,1
31945,31501,1
13380,5087,0
16458,16311,1
22285,5445,0
15833,6956,0
7137,402,0
13706,6282,0
22555,22700,1
10282,10193,1
14143,14058,1
5635,7875,0
27751,817,0
15224,15054,1
19395,3544,0
3103,28545,0
3423,18286,0
15239,15390,1
4846,4730,1
2813,9859,0
5947,5756,1
24038,13480,0
24362,15697,0
5216,20687,0
12574,1629,0
1043,4151,0
10844,13486,0
17560,24880,0
17037,20108,0
27972,6227,0
2570,13328,0
5053,5134,1
24294,16559,0
26816,30332,0
1914,1980,1
19398,3593,0
11242,17518,0
6768,30297,0
17398,17154,1
